point_id,lat,lon,timestamp,forecast_hour,precipitation_mm,streamflow_m3s
1,-11.588890624106634,21.708006576853347,2025-05-10 00:00:00,0,6.79,30.16
1,-11.588890624106634,21.708006576853347,2025-05-10 03:00:00,3,5.79,27.49
1,-11.588890624106634,21.708006576853347,2025-05-10 06:00:00,6,6.66,35.93
1,-11.588890624106634,21.708006576853347,2025-05-10 09:00:00,9,7.94,39.25
1,-11.588890624106634,21.708006576853347,2025-05-10 12:00:00,12,9.16,45.52
1,-11.588890624106634,21.708006576853347,2025-05-10 15:00:00,15,9.73,52.56
1,-11.588890624106634,21.708006576853347,2025-05-10 18:00:00,18,5.6,42.34
1,-11.588890624106634,21.708006576853347,2025-05-10 21:00:00,21,6.39,38.06
1,-11.588890624106634,21.708006576853347,2025-05-11 00:00:00,24,3.11,33.42
1,-11.588890624106634,21.708006576853347,2025-05-11 03:00:00,27,4.47,30.28
1,-11.588890624106634,21.708006576853347,2025-05-11 06:00:00,30,2.44,26.99
1,-11.588890624106634,21.708006576853347,2025-05-11 09:00:00,33,2.03,21.54
1,-11.588890624106634,21.708006576853347,2025-05-11 12:00:00,36,2.96,19.25
1,-11.588890624106634,21.708006576853347,2025-05-11 15:00:00,39,3.39,20.23
1,-11.588890624106634,21.708006576853347,2025-05-11 18:00:00,42,4.28,21.14
1,-11.588890624106634,21.708006576853347,2025-05-11 21:00:00,45,4.83,18.23
1,-11.588890624106634,21.708006576853347,2025-05-12 00:00:00,48,3.89,23.61
1,-11.588890624106634,21.708006576853347,2025-05-12 03:00:00,51,5.39,24.61
1,-11.588890624106634,21.708006576853347,2025-05-12 06:00:00,54,6.24,32.77
1,-11.588890624106634,21.708006576853347,2025-05-12 09:00:00,57,8.26,41.17
1,-11.588890624106634,21.708006576853347,2025-05-12 12:00:00,60,8.6,47.42
1,-11.588890624106634,21.708006576853347,2025-05-12 15:00:00,63,6.61,41.99
1,-11.588890624106634,21.708006576853347,2025-05-12 18:00:00,66,6.94,43.12
1,-11.588890624106634,21.708006576853347,2025-05-12 21:00:00,69,4.25,36.67
1,-11.588890624106634,21.708006576853347,2025-05-13 00:00:00,72,3.64,30.8
1,-11.588890624106634,21.708006576853347,2025-05-13 03:00:00,75,3.85,28.63
1,-11.588890624106634,21.708006576853347,2025-05-13 06:00:00,78,4.24,28.22
1,-11.588890624106634,21.708006576853347,2025-05-13 09:00:00,81,1.81,20.68
1,-11.588890624106634,21.708006576853347,2025-05-13 12:00:00,84,0.81,11.12
1,-11.588890624106634,21.708006576853347,2025-05-13 15:00:00,87,2.37,15.68
1,-11.588890624106634,21.708006576853347,2025-05-13 18:00:00,90,4.1,21.7
1,-11.588890624106634,21.708006576853347,2025-05-13 21:00:00,93,4.05,15.78
1,-11.588890624106634,21.708006576853347,2025-05-14 00:00:00,96,5.55,24.35
1,-11.588890624106634,21.708006576853347,2025-05-14 03:00:00,99,5.46,30.21
1,-11.588890624106634,21.708006576853347,2025-05-14 06:00:00,102,5.89,32.93
1,-11.588890624106634,21.708006576853347,2025-05-14 09:00:00,105,7.69,35.89
1,-11.588890624106634,21.708006576853347,2025-05-14 12:00:00,108,7.82,39.23
1,-11.588890624106634,21.708006576853347,2025-05-14 15:00:00,111,7.86,42.7
1,-11.588890624106634,21.708006576853347,2025-05-14 18:00:00,114,8.24,45.6
1,-11.588890624106634,21.708006576853347,2025-05-14 21:00:00,117,4.55,39.48
2,-11.942163058908436,21.495721455771758,2025-05-10 00:00:00,0,4.55,18.11
2,-11.942163058908436,21.495721455771758,2025-05-10 03:00:00,3,6.83,33.02
2,-11.942163058908436,21.495721455771758,2025-05-10 06:00:00,6,8.61,35.39
2,-11.942163058908436,21.495721455771758,2025-05-10 09:00:00,9,8.0,40.09
2,-11.942163058908436,21.495721455771758,2025-05-10 12:00:00,12,9.77,42.87
2,-11.942163058908436,21.495721455771758,2025-05-10 15:00:00,15,6.04,37.35
2,-11.942163058908436,21.495721455771758,2025-05-10 18:00:00,18,6.74,39.93
2,-11.942163058908436,21.495721455771758,2025-05-10 21:00:00,21,5.04,36.07
2,-11.942163058908436,21.495721455771758,2025-05-11 00:00:00,24,3.23,37.46
2,-11.942163058908436,21.495721455771758,2025-05-11 03:00:00,27,5.33,38.11
2,-11.942163058908436,21.495721455771758,2025-05-11 06:00:00,30,1.96,24.86
2,-11.942163058908436,21.495721455771758,2025-05-11 09:00:00,33,2.62,23.28
2,-11.942163058908436,21.495721455771758,2025-05-11 12:00:00,36,1.75,18.77
2,-11.942163058908436,21.495721455771758,2025-05-11 15:00:00,39,1.0,15.28
2,-11.942163058908436,21.495721455771758,2025-05-11 18:00:00,42,3.22,18.61
2,-11.942163058908436,21.495721455771758,2025-05-11 21:00:00,45,2.71,15.87
2,-11.942163058908436,21.495721455771758,2025-05-12 00:00:00,48,5.97,26.22
2,-11.942163058908436,21.495721455771758,2025-05-12 03:00:00,51,4.44,24.97
2,-11.942163058908436,21.495721455771758,2025-05-12 06:00:00,54,8.67,36.59
2,-11.942163058908436,21.495721455771758,2025-05-12 09:00:00,57,9.24,43.83
2,-11.942163058908436,21.495721455771758,2025-05-12 12:00:00,60,7.43,43.74
2,-11.942163058908436,21.495721455771758,2025-05-12 15:00:00,63,8.37,43.58
2,-11.942163058908436,21.495721455771758,2025-05-12 18:00:00,66,6.68,40.4
2,-11.942163058908436,21.495721455771758,2025-05-12 21:00:00,69,8.0,42.78
2,-11.942163058908436,21.495721455771758,2025-05-13 00:00:00,72,6.48,41.51
2,-11.942163058908436,21.495721455771758,2025-05-13 03:00:00,75,2.31,25.17
2,-11.942163058908436,21.495721455771758,2025-05-13 06:00:00,78,3.98,29.86
2,-11.942163058908436,21.495721455771758,2025-05-13 09:00:00,81,2.73,22.98
2,-11.942163058908436,21.495721455771758,2025-05-13 12:00:00,84,1.36,15.12
2,-11.942163058908436,21.495721455771758,2025-05-13 15:00:00,87,0.65,13.52
2,-11.942163058908436,21.495721455771758,2025-05-13 18:00:00,90,4.04,16.27
2,-11.942163058908436,21.495721455771758,2025-05-13 21:00:00,93,3.35,17.68
2,-11.942163058908436,21.495721455771758,2025-05-14 00:00:00,96,5.62,24.32
2,-11.942163058908436,21.495721455771758,2025-05-14 03:00:00,99,6.86,31.54
2,-11.942163058908436,21.495721455771758,2025-05-14 06:00:00,102,5.18,27.2
2,-11.942163058908436,21.495721455771758,2025-05-14 09:00:00,105,9.74,45.84
2,-11.942163058908436,21.495721455771758,2025-05-14 12:00:00,108,8.41,45.81
2,-11.942163058908436,21.495721455771758,2025-05-14 15:00:00,111,6.66,45.17
2,-11.942163058908436,21.495721455771758,2025-05-14 18:00:00,114,5.45,39.7
2,-11.942163058908436,21.495721455771758,2025-05-14 21:00:00,117,6.53,41.93
3,-11.622245921712683,21.086880087822067,2025-05-10 00:00:00,0,6.19,28.5
3,-11.622245921712683,21.086880087822067,2025-05-10 03:00:00,3,7.46,34.4
3,-11.622245921712683,21.086880087822067,2025-05-10 06:00:00,6,7.12,32.32
3,-11.622245921712683,21.086880087822067,2025-05-10 09:00:00,9,8.31,42.65
3,-11.622245921712683,21.086880087822067,2025-05-10 12:00:00,12,6.82,44.46
3,-11.622245921712683,21.086880087822067,2025-05-10 15:00:00,15,8.96,45.57
3,-11.622245921712683,21.086880087822067,2025-05-10 18:00:00,18,5.18,36.81
3,-11.622245921712683,21.086880087822067,2025-05-10 21:00:00,21,4.48,42.14
3,-11.622245921712683,21.086880087822067,2025-05-11 00:00:00,24,6.76,41.56
3,-11.622245921712683,21.086880087822067,2025-05-11 03:00:00,27,2.33,28.54
3,-11.622245921712683,21.086880087822067,2025-05-11 06:00:00,30,2.58,25.34
3,-11.622245921712683,21.086880087822067,2025-05-11 09:00:00,33,3.89,23.86
3,-11.622245921712683,21.086880087822067,2025-05-11 12:00:00,36,0.84,15.58
3,-11.622245921712683,21.086880087822067,2025-05-11 15:00:00,39,2.61,16.89
3,-11.622245921712683,21.086880087822067,2025-05-11 18:00:00,42,4.77,21.98
3,-11.622245921712683,21.086880087822067,2025-05-11 21:00:00,45,3.91,18.19
3,-11.622245921712683,21.086880087822067,2025-05-12 00:00:00,48,5.45,27.11
3,-11.622245921712683,21.086880087822067,2025-05-12 03:00:00,51,8.08,31.51
3,-11.622245921712683,21.086880087822067,2025-05-12 06:00:00,54,8.75,39.52
3,-11.622245921712683,21.086880087822067,2025-05-12 09:00:00,57,6.19,35.8
3,-11.622245921712683,21.086880087822067,2025-05-12 12:00:00,60,8.62,43.53
3,-11.622245921712683,21.086880087822067,2025-05-12 15:00:00,63,6.31,43.17
3,-11.622245921712683,21.086880087822067,2025-05-12 18:00:00,66,6.35,45.59
3,-11.622245921712683,21.086880087822067,2025-05-12 21:00:00,69,7.96,41.99
3,-11.622245921712683,21.086880087822067,2025-05-13 00:00:00,72,5.82,41.0
3,-11.622245921712683,21.086880087822067,2025-05-13 03:00:00,75,3.5,32.02
3,-11.622245921712683,21.086880087822067,2025-05-13 06:00:00,78,4.42,29.28
3,-11.622245921712683,21.086880087822067,2025-05-13 09:00:00,81,1.31,17.35
3,-11.622245921712683,21.086880087822067,2025-05-13 12:00:00,84,3.87,23.29
3,-11.622245921712683,21.086880087822067,2025-05-13 15:00:00,87,0.53,8.29
3,-11.622245921712683,21.086880087822067,2025-05-13 18:00:00,90,0.91,14.6
3,-11.622245921712683,21.086880087822067,2025-05-13 21:00:00,93,5.07,18.2
3,-11.622245921712683,21.086880087822067,2025-05-14 00:00:00,96,3.7,16.94
3,-11.622245921712683,21.086880087822067,2025-05-14 03:00:00,99,4.52,24.37
3,-11.622245921712683,21.086880087822067,2025-05-14 06:00:00,102,8.89,35.24
3,-11.622245921712683,21.086880087822067,2025-05-14 09:00:00,105,9.56,42.07
3,-11.622245921712683,21.086880087822067,2025-05-14 12:00:00,108,6.38,36.86
3,-11.622245921712683,21.086880087822067,2025-05-14 15:00:00,111,7.59,47.24
3,-11.622245921712683,21.086880087822067,2025-05-14 18:00:00,114,7.43,48.43
3,-11.622245921712683,21.086880087822067,2025-05-14 21:00:00,117,5.59,38.11
4,-11.726643790335837,21.72919384030673,2025-05-10 00:00:00,0,5.87,25.5
4,-11.726643790335837,21.72919384030673,2025-05-10 03:00:00,3,7.11,31.2
4,-11.726643790335837,21.72919384030673,2025-05-10 06:00:00,6,6.97,34.95
4,-11.726643790335837,21.72919384030673,2025-05-10 09:00:00,9,7.84,39.17
4,-11.726643790335837,21.72919384030673,2025-05-10 12:00:00,12,8.03,42.06
4,-11.726643790335837,21.72919384030673,2025-05-10 15:00:00,15,5.97,40.6
4,-11.726643790335837,21.72919384030673,2025-05-10 18:00:00,18,8.03,45.79
4,-11.726643790335837,21.72919384030673,2025-05-10 21:00:00,21,6.96,41.42
4,-11.726643790335837,21.72919384030673,2025-05-11 00:00:00,24,5.04,34.21
4,-11.726643790335837,21.72919384030673,2025-05-11 03:00:00,27,4.84,30.16
4,-11.726643790335837,21.72919384030673,2025-05-11 06:00:00,30,3.22,29.66
4,-11.726643790335837,21.72919384030673,2025-05-11 09:00:00,33,3.74,25.14
4,-11.726643790335837,21.72919384030673,2025-05-11 12:00:00,36,1.51,12.13
4,-11.726643790335837,21.72919384030673,2025-05-11 15:00:00,39,2.0,11.2
4,-11.726643790335837,21.72919384030673,2025-05-11 18:00:00,42,2.44,15.16
4,-11.726643790335837,21.72919384030673,2025-05-11 21:00:00,45,5.41,17.67
4,-11.726643790335837,21.72919384030673,2025-05-12 00:00:00,48,5.97,27.96
4,-11.726643790335837,21.72919384030673,2025-05-12 03:00:00,51,6.42,27.02
4,-11.726643790335837,21.72919384030673,2025-05-12 06:00:00,54,6.5,33.47
4,-11.726643790335837,21.72919384030673,2025-05-12 09:00:00,57,8.31,44.0
4,-11.726643790335837,21.72919384030673,2025-05-12 12:00:00,60,6.23,42.32
4,-11.726643790335837,21.72919384030673,2025-05-12 15:00:00,63,7.31,42.03
4,-11.726643790335837,21.72919384030673,2025-05-12 18:00:00,66,6.73,43.45
4,-11.726643790335837,21.72919384030673,2025-05-12 21:00:00,69,6.36,41.52
4,-11.726643790335837,21.72919384030673,2025-05-13 00:00:00,72,5.59,39.67
4,-11.726643790335837,21.72919384030673,2025-05-13 03:00:00,75,5.67,33.44
4,-11.726643790335837,21.72919384030673,2025-05-13 06:00:00,78,2.06,25.08
4,-11.726643790335837,21.72919384030673,2025-05-13 09:00:00,81,1.94,21.68
4,-11.726643790335837,21.72919384030673,2025-05-13 12:00:00,84,0.66,17.43
4,-11.726643790335837,21.72919384030673,2025-05-13 15:00:00,87,2.96,20.62
4,-11.726643790335837,21.72919384030673,2025-05-13 18:00:00,90,2.65,16.84
4,-11.726643790335837,21.72919384030673,2025-05-13 21:00:00,93,3.49,14.4
4,-11.726643790335837,21.72919384030673,2025-05-14 00:00:00,96,3.06,20.14
4,-11.726643790335837,21.72919384030673,2025-05-14 03:00:00,99,7.81,28.11
4,-11.726643790335837,21.72919384030673,2025-05-14 06:00:00,102,6.4,33.84
4,-11.726643790335837,21.72919384030673,2025-05-14 09:00:00,105,5.79,38.64
4,-11.726643790335837,21.72919384030673,2025-05-14 12:00:00,108,7.26,38.28
4,-11.726643790335837,21.72919384030673,2025-05-14 15:00:00,111,7.77,41.23
4,-11.726643790335837,21.72919384030673,2025-05-14 18:00:00,114,7.47,43.37
4,-11.726643790335837,21.72919384030673,2025-05-14 21:00:00,117,8.1,43.52
5,-11.67634954558874,21.65486753105598,2025-05-10 00:00:00,0,6.62,25.0
5,-11.67634954558874,21.65486753105598,2025-05-10 03:00:00,3,4.75,23.57
5,-11.67634954558874,21.65486753105598,2025-05-10 06:00:00,6,5.36,31.53
5,-11.67634954558874,21.65486753105598,2025-05-10 09:00:00,9,6.71,38.62
5,-11.67634954558874,21.65486753105598,2025-05-10 12:00:00,12,7.3,41.25
5,-11.67634954558874,21.65486753105598,2025-05-10 15:00:00,15,8.44,44.41
5,-11.67634954558874,21.65486753105598,2025-05-10 18:00:00,18,8.9,45.53
5,-11.67634954558874,21.65486753105598,2025-05-10 21:00:00,21,6.03,38.02
5,-11.67634954558874,21.65486753105598,2025-05-11 00:00:00,24,4.42,35.4
5,-11.67634954558874,21.65486753105598,2025-05-11 03:00:00,27,4.0,33.51
5,-11.67634954558874,21.65486753105598,2025-05-11 06:00:00,30,2.93,23.06
5,-11.67634954558874,21.65486753105598,2025-05-11 09:00:00,33,2.72,23.61
5,-11.67634954558874,21.65486753105598,2025-05-11 12:00:00,36,0.6,13.9
5,-11.67634954558874,21.65486753105598,2025-05-11 15:00:00,39,4.1,19.65
5,-11.67634954558874,21.65486753105598,2025-05-11 18:00:00,42,2.67,19.09
5,-11.67634954558874,21.65486753105598,2025-05-11 21:00:00,45,2.7,19.58
5,-11.67634954558874,21.65486753105598,2025-05-12 00:00:00,48,3.91,17.71
5,-11.67634954558874,21.65486753105598,2025-05-12 03:00:00,51,4.15,23.31
5,-11.67634954558874,21.65486753105598,2025-05-12 06:00:00,54,5.98,33.91
5,-11.67634954558874,21.65486753105598,2025-05-12 09:00:00,57,8.51,37.32
5,-11.67634954558874,21.65486753105598,2025-05-12 12:00:00,60,9.26,48.15
5,-11.67634954558874,21.65486753105598,2025-05-12 15:00:00,63,6.61,43.7
5,-11.67634954558874,21.65486753105598,2025-05-12 18:00:00,66,7.35,44.93
5,-11.67634954558874,21.65486753105598,2025-05-12 21:00:00,69,7.88,47.84
5,-11.67634954558874,21.65486753105598,2025-05-13 00:00:00,72,4.19,34.95
5,-11.67634954558874,21.65486753105598,2025-05-13 03:00:00,75,2.47,30.13
5,-11.67634954558874,21.65486753105598,2025-05-13 06:00:00,78,1.74,24.6
5,-11.67634954558874,21.65486753105598,2025-05-13 09:00:00,81,2.93,18.59
5,-11.67634954558874,21.65486753105598,2025-05-13 12:00:00,84,0.96,11.7
5,-11.67634954558874,21.65486753105598,2025-05-13 15:00:00,87,3.67,20.46
5,-11.67634954558874,21.65486753105598,2025-05-13 18:00:00,90,3.2,13.39
5,-11.67634954558874,21.65486753105598,2025-05-13 21:00:00,93,1.95,18.61
5,-11.67634954558874,21.65486753105598,2025-05-14 00:00:00,96,4.49,24.04
5,-11.67634954558874,21.65486753105598,2025-05-14 03:00:00,99,6.94,30.73
5,-11.67634954558874,21.65486753105598,2025-05-14 06:00:00,102,8.93,38.6
5,-11.67634954558874,21.65486753105598,2025-05-14 09:00:00,105,9.48,41.32
5,-11.67634954558874,21.65486753105598,2025-05-14 12:00:00,108,6.94,44.41
5,-11.67634954558874,21.65486753105598,2025-05-14 15:00:00,111,6.35,45.79
5,-11.67634954558874,21.65486753105598,2025-05-14 18:00:00,114,6.65,44.1
5,-11.67634954558874,21.65486753105598,2025-05-14 21:00:00,117,5.02,39.98
6,-11.330104478697955,21.514914013293883,2025-05-10 00:00:00,0,5.73,22.47
6,-11.330104478697955,21.514914013293883,2025-05-10 03:00:00,3,6.3,31.09
6,-11.330104478697955,21.514914013293883,2025-05-10 06:00:00,6,6.88,34.19
6,-11.330104478697955,21.514914013293883,2025-05-10 09:00:00,9,6.8,34.07
6,-11.330104478697955,21.514914013293883,2025-05-10 12:00:00,12,7.02,43.99
6,-11.330104478697955,21.514914013293883,2025-05-10 15:00:00,15,8.34,48.09
6,-11.330104478697955,21.514914013293883,2025-05-10 18:00:00,18,5.19,44.24
6,-11.330104478697955,21.514914013293883,2025-05-10 21:00:00,21,6.12,37.58
6,-11.330104478697955,21.514914013293883,2025-05-11 00:00:00,24,4.13,32.34
6,-11.330104478697955,21.514914013293883,2025-05-11 03:00:00,27,2.39,31.44
6,-11.330104478697955,21.514914013293883,2025-05-11 06:00:00,30,1.56,25.22
6,-11.330104478697955,21.514914013293883,2025-05-11 09:00:00,33,3.2,20.92
6,-11.330104478697955,21.514914013293883,2025-05-11 12:00:00,36,1.5,16.64
6,-11.330104478697955,21.514914013293883,2025-05-11 15:00:00,39,3.59,20.43
6,-11.330104478697955,21.514914013293883,2025-05-11 18:00:00,42,4.76,18.13
6,-11.330104478697955,21.514914013293883,2025-05-11 21:00:00,45,3.18,15.81
6,-11.330104478697955,21.514914013293883,2025-05-12 00:00:00,48,4.1,18.95
6,-11.330104478697955,21.514914013293883,2025-05-12 03:00:00,51,5.85,31.28
6,-11.330104478697955,21.514914013293883,2025-05-12 06:00:00,54,8.46,40.41
6,-11.330104478697955,21.514914013293883,2025-05-12 09:00:00,57,6.05,35.35
6,-11.330104478697955,21.514914013293883,2025-05-12 12:00:00,60,8.9,42.79
6,-11.330104478697955,21.514914013293883,2025-05-12 15:00:00,63,7.05,39.35
6,-11.330104478697955,21.514914013293883,2025-05-12 18:00:00,66,9.06,50.96
6,-11.330104478697955,21.514914013293883,2025-05-12 21:00:00,69,4.25,41.46
6,-11.330104478697955,21.514914013293883,2025-05-13 00:00:00,72,5.4,41.75
6,-11.330104478697955,21.514914013293883,2025-05-13 03:00:00,75,4.16,29.11
6,-11.330104478697955,21.514914013293883,2025-05-13 06:00:00,78,1.55,21.12
6,-11.330104478697955,21.514914013293883,2025-05-13 09:00:00,81,3.09,20.92
6,-11.330104478697955,21.514914013293883,2025-05-13 12:00:00,84,1.71,17.8
6,-11.330104478697955,21.514914013293883,2025-05-13 15:00:00,87,3.13,13.39
6,-11.330104478697955,21.514914013293883,2025-05-13 18:00:00,90,1.74,11.92
6,-11.330104478697955,21.514914013293883,2025-05-13 21:00:00,93,5.77,20.25
6,-11.330104478697955,21.514914013293883,2025-05-14 00:00:00,96,3.92,23.93
6,-11.330104478697955,21.514914013293883,2025-05-14 03:00:00,99,4.42,21.68
6,-11.330104478697955,21.514914013293883,2025-05-14 06:00:00,102,8.76,34.67
6,-11.330104478697955,21.514914013293883,2025-05-14 09:00:00,105,8.48,43.2
6,-11.330104478697955,21.514914013293883,2025-05-14 12:00:00,108,7.55,42.26
6,-11.330104478697955,21.514914013293883,2025-05-14 15:00:00,111,9.73,52.25
6,-11.330104478697955,21.514914013293883,2025-05-14 18:00:00,114,6.59,43.54
6,-11.330104478697955,21.514914013293883,2025-05-14 21:00:00,117,4.84,41.58
7,-11.256305757757636,21.608112198711325,2025-05-10 00:00:00,0,5.8,27.23
7,-11.256305757757636,21.608112198711325,2025-05-10 03:00:00,3,4.38,23.69
7,-11.256305757757636,21.608112198711325,2025-05-10 06:00:00,6,8.79,35.66
7,-11.256305757757636,21.608112198711325,2025-05-10 09:00:00,9,8.82,41.0
7,-11.256305757757636,21.608112198711325,2025-05-10 12:00:00,12,6.56,42.88
7,-11.256305757757636,21.608112198711325,2025-05-10 15:00:00,15,6.69,43.58
7,-11.256305757757636,21.608112198711325,2025-05-10 18:00:00,18,8.7,49.65
7,-11.256305757757636,21.608112198711325,2025-05-10 21:00:00,21,5.62,40.07
7,-11.256305757757636,21.608112198711325,2025-05-11 00:00:00,24,4.7,35.77
7,-11.256305757757636,21.608112198711325,2025-05-11 03:00:00,27,4.11,35.73
7,-11.256305757757636,21.608112198711325,2025-05-11 06:00:00,30,3.1,24.4
7,-11.256305757757636,21.608112198711325,2025-05-11 09:00:00,33,2.97,22.38
7,-11.256305757757636,21.608112198711325,2025-05-11 12:00:00,36,3.92,20.12
7,-11.256305757757636,21.608112198711325,2025-05-11 15:00:00,39,1.0,10.79
7,-11.256305757757636,21.608112198711325,2025-05-11 18:00:00,42,2.07,17.58
7,-11.256305757757636,21.608112198711325,2025-05-11 21:00:00,45,5.05,20.57
7,-11.256305757757636,21.608112198711325,2025-05-12 00:00:00,48,4.69,21.36
7,-11.256305757757636,21.608112198711325,2025-05-12 03:00:00,51,6.45,27.74
7,-11.256305757757636,21.608112198711325,2025-05-12 06:00:00,54,7.77,39.12
7,-11.256305757757636,21.608112198711325,2025-05-12 09:00:00,57,9.3,38.44
7,-11.256305757757636,21.608112198711325,2025-05-12 12:00:00,60,6.65,38.86
7,-11.256305757757636,21.608112198711325,2025-05-12 15:00:00,63,8.16,47.75
7,-11.256305757757636,21.608112198711325,2025-05-12 18:00:00,66,5.19,37.16
7,-11.256305757757636,21.608112198711325,2025-05-12 21:00:00,69,4.79,38.53
7,-11.256305757757636,21.608112198711325,2025-05-13 00:00:00,72,6.39,38.69
7,-11.256305757757636,21.608112198711325,2025-05-13 03:00:00,75,5.77,38.56
7,-11.256305757757636,21.608112198711325,2025-05-13 06:00:00,78,0.97,21.04
7,-11.256305757757636,21.608112198711325,2025-05-13 09:00:00,81,3.33,21.65
7,-11.256305757757636,21.608112198711325,2025-05-13 12:00:00,84,1.34,16.17
7,-11.256305757757636,21.608112198711325,2025-05-13 15:00:00,87,3.79,18.8
7,-11.256305757757636,21.608112198711325,2025-05-13 18:00:00,90,2.28,18.52
7,-11.256305757757636,21.608112198711325,2025-05-13 21:00:00,93,1.95,14.94
7,-11.256305757757636,21.608112198711325,2025-05-14 00:00:00,96,5.2,24.36
7,-11.256305757757636,21.608112198711325,2025-05-14 03:00:00,99,5.7,28.47
7,-11.256305757757636,21.608112198711325,2025-05-14 06:00:00,102,9.04,37.67
7,-11.256305757757636,21.608112198711325,2025-05-14 09:00:00,105,7.04,36.64
7,-11.256305757757636,21.608112198711325,2025-05-14 12:00:00,108,8.49,42.94
7,-11.256305757757636,21.608112198711325,2025-05-14 15:00:00,111,7.12,40.3
7,-11.256305757757636,21.608112198711325,2025-05-14 18:00:00,114,5.55,41.58
7,-11.256305757757636,21.608112198711325,2025-05-14 21:00:00,117,7.28,45.36
8,-11.493730706369664,21.261355403763606,2025-05-10 00:00:00,0,5.73,23.75
8,-11.493730706369664,21.261355403763606,2025-05-10 03:00:00,3,5.2,30.4
8,-11.493730706369664,21.261355403763606,2025-05-10 06:00:00,6,7.42,33.52
8,-11.493730706369664,21.261355403763606,2025-05-10 09:00:00,9,6.64,33.51
8,-11.493730706369664,21.261355403763606,2025-05-10 12:00:00,12,8.15,41.24
8,-11.493730706369664,21.261355403763606,2025-05-10 15:00:00,15,9.25,48.94
8,-11.493730706369664,21.261355403763606,2025-05-10 18:00:00,18,8.57,46.08
8,-11.493730706369664,21.261355403763606,2025-05-10 21:00:00,21,8.09,44.44
8,-11.493730706369664,21.261355403763606,2025-05-11 00:00:00,24,4.81,36.87
8,-11.493730706369664,21.261355403763606,2025-05-11 03:00:00,27,4.33,32.84
8,-11.493730706369664,21.261355403763606,2025-05-11 06:00:00,30,2.29,25.34
8,-11.493730706369664,21.261355403763606,2025-05-11 09:00:00,33,1.6,16.49
8,-11.493730706369664,21.261355403763606,2025-05-11 12:00:00,36,1.42,12.09
8,-11.493730706369664,21.261355403763606,2025-05-11 15:00:00,39,3.29,14.71
8,-11.493730706369664,21.261355403763606,2025-05-11 18:00:00,42,2.96,18.19
8,-11.493730706369664,21.261355403763606,2025-05-11 21:00:00,45,2.87,13.91
8,-11.493730706369664,21.261355403763606,2025-05-12 00:00:00,48,5.7,25.96
8,-11.493730706369664,21.261355403763606,2025-05-12 03:00:00,51,4.44,28.24
8,-11.493730706369664,21.261355403763606,2025-05-12 06:00:00,54,5.59,27.89
8,-11.493730706369664,21.261355403763606,2025-05-12 09:00:00,57,7.39,37.84
8,-11.493730706369664,21.261355403763606,2025-05-12 12:00:00,60,8.07,42.13
8,-11.493730706369664,21.261355403763606,2025-05-12 15:00:00,63,9.47,49.7
8,-11.493730706369664,21.261355403763606,2025-05-12 18:00:00,66,6.64,42.59
8,-11.493730706369664,21.261355403763606,2025-05-12 21:00:00,69,5.87,41.14
8,-11.493730706369664,21.261355403763606,2025-05-13 00:00:00,72,3.78,35.7
8,-11.493730706369664,21.261355403763606,2025-05-13 03:00:00,75,3.07,30.64
8,-11.493730706369664,21.261355403763606,2025-05-13 06:00:00,78,3.9,31.31
8,-11.493730706369664,21.261355403763606,2025-05-13 09:00:00,81,0.65,20.45
8,-11.493730706369664,21.261355403763606,2025-05-13 12:00:00,84,0.64,14.61
8,-11.493730706369664,21.261355403763606,2025-05-13 15:00:00,87,3.3,15.7
8,-11.493730706369664,21.261355403763606,2025-05-13 18:00:00,90,4.51,15.94
8,-11.493730706369664,21.261355403763606,2025-05-13 21:00:00,93,4.22,16.43
8,-11.493730706369664,21.261355403763606,2025-05-14 00:00:00,96,3.6,19.13
8,-11.493730706369664,21.261355403763606,2025-05-14 03:00:00,99,5.29,26.21
8,-11.493730706369664,21.261355403763606,2025-05-14 06:00:00,102,8.56,35.83
8,-11.493730706369664,21.261355403763606,2025-05-14 09:00:00,105,6.82,36.75
8,-11.493730706369664,21.261355403763606,2025-05-14 12:00:00,108,7.55,42.43
8,-11.493730706369664,21.261355403763606,2025-05-14 15:00:00,111,7.41,46.65
8,-11.493730706369664,21.261355403763606,2025-05-14 18:00:00,114,5.64,40.8
8,-11.493730706369664,21.261355403763606,2025-05-14 21:00:00,117,4.9,36.19
9,-11.263026363665336,21.649713051079548,2025-05-10 00:00:00,0,6.34,27.47
9,-11.263026363665336,21.649713051079548,2025-05-10 03:00:00,3,7.5,27.18
9,-11.263026363665336,21.649713051079548,2025-05-10 06:00:00,6,5.84,31.35
9,-11.263026363665336,21.649713051079548,2025-05-10 09:00:00,9,8.29,40.23
9,-11.263026363665336,21.649713051079548,2025-05-10 12:00:00,12,9.25,46.17
9,-11.263026363665336,21.649713051079548,2025-05-10 15:00:00,15,7.96,45.74
9,-11.263026363665336,21.649713051079548,2025-05-10 18:00:00,18,8.42,46.17
9,-11.263026363665336,21.649713051079548,2025-05-10 21:00:00,21,7.56,46.8
9,-11.263026363665336,21.649713051079548,2025-05-11 00:00:00,24,4.8,35.14
9,-11.263026363665336,21.649713051079548,2025-05-11 03:00:00,27,3.27,31.19
9,-11.263026363665336,21.649713051079548,2025-05-11 06:00:00,30,1.24,25.84
9,-11.263026363665336,21.649713051079548,2025-05-11 09:00:00,33,2.04,22.27
9,-11.263026363665336,21.649713051079548,2025-05-11 12:00:00,36,3.17,20.75
9,-11.263026363665336,21.649713051079548,2025-05-11 15:00:00,39,3.08,15.41
9,-11.263026363665336,21.649713051079548,2025-05-11 18:00:00,42,4.42,20.57
9,-11.263026363665336,21.649713051079548,2025-05-11 21:00:00,45,3.34,16.52
9,-11.263026363665336,21.649713051079548,2025-05-12 00:00:00,48,3.52,19.42
9,-11.263026363665336,21.649713051079548,2025-05-12 03:00:00,51,4.56,28.87
9,-11.263026363665336,21.649713051079548,2025-05-12 06:00:00,54,6.68,34.12
9,-11.263026363665336,21.649713051079548,2025-05-12 09:00:00,57,7.59,37.44
9,-11.263026363665336,21.649713051079548,2025-05-12 12:00:00,60,6.02,38.84
9,-11.263026363665336,21.649713051079548,2025-05-12 15:00:00,63,8.92,46.24
9,-11.263026363665336,21.649713051079548,2025-05-12 18:00:00,66,9.11,44.86
9,-11.263026363665336,21.649713051079548,2025-05-12 21:00:00,69,7.08,42.8
9,-11.263026363665336,21.649713051079548,2025-05-13 00:00:00,72,3.12,31.39
9,-11.263026363665336,21.649713051079548,2025-05-13 03:00:00,75,5.06,30.11
9,-11.263026363665336,21.649713051079548,2025-05-13 06:00:00,78,3.16,29.0
9,-11.263026363665336,21.649713051079548,2025-05-13 09:00:00,81,2.59,18.72
9,-11.263026363665336,21.649713051079548,2025-05-13 12:00:00,84,0.46,9.95
9,-11.263026363665336,21.649713051079548,2025-05-13 15:00:00,87,0.87,14.62
9,-11.263026363665336,21.649713051079548,2025-05-13 18:00:00,90,1.41,16.28
9,-11.263026363665336,21.649713051079548,2025-05-13 21:00:00,93,2.89,18.66
9,-11.263026363665336,21.649713051079548,2025-05-14 00:00:00,96,3.08,22.18
9,-11.263026363665336,21.649713051079548,2025-05-14 03:00:00,99,6.67,27.28
9,-11.263026363665336,21.649713051079548,2025-05-14 06:00:00,102,6.76,33.9
9,-11.263026363665336,21.649713051079548,2025-05-14 09:00:00,105,7.57,35.19
9,-11.263026363665336,21.649713051079548,2025-05-14 12:00:00,108,8.89,44.78
9,-11.263026363665336,21.649713051079548,2025-05-14 15:00:00,111,7.17,41.31
9,-11.263026363665336,21.649713051079548,2025-05-14 18:00:00,114,8.61,49.87
9,-11.263026363665336,21.649713051079548,2025-05-14 21:00:00,117,4.79,40.32
10,-11.920949073692126,21.236252014013154,2025-05-10 00:00:00,0,6.61,24.92
10,-11.920949073692126,21.236252014013154,2025-05-10 03:00:00,3,6.93,30.49
10,-11.920949073692126,21.236252014013154,2025-05-10 06:00:00,6,6.26,35.38
10,-11.920949073692126,21.236252014013154,2025-05-10 09:00:00,9,8.43,40.48
10,-11.920949073692126,21.236252014013154,2025-05-10 12:00:00,12,8.65,44.1
10,-11.920949073692126,21.236252014013154,2025-05-10 15:00:00,15,5.79,37.14
10,-11.920949073692126,21.236252014013154,2025-05-10 18:00:00,18,5.75,41.33
10,-11.920949073692126,21.236252014013154,2025-05-10 21:00:00,21,6.82,46.1
10,-11.920949073692126,21.236252014013154,2025-05-11 00:00:00,24,6.18,40.27
10,-11.920949073692126,21.236252014013154,2025-05-11 03:00:00,27,5.16,35.34
10,-11.920949073692126,21.236252014013154,2025-05-11 06:00:00,30,0.97,25.04
10,-11.920949073692126,21.236252014013154,2025-05-11 09:00:00,33,1.6,19.75
10,-11.920949073692126,21.236252014013154,2025-05-11 12:00:00,36,0.45,16.38
10,-11.920949073692126,21.236252014013154,2025-05-11 15:00:00,39,3.22,18.06
10,-11.920949073692126,21.236252014013154,2025-05-11 18:00:00,42,1.27,14.15
10,-11.920949073692126,21.236252014013154,2025-05-11 21:00:00,45,2.09,15.16
10,-11.920949073692126,21.236252014013154,2025-05-12 00:00:00,48,3.33,16.63
10,-11.920949073692126,21.236252014013154,2025-05-12 03:00:00,51,7.17,32.69
10,-11.920949073692126,21.236252014013154,2025-05-12 06:00:00,54,7.51,33.54
10,-11.920949073692126,21.236252014013154,2025-05-12 09:00:00,57,7.02,39.19
10,-11.920949073692126,21.236252014013154,2025-05-12 12:00:00,60,8.77,41.56
10,-11.920949073692126,21.236252014013154,2025-05-12 15:00:00,63,7.15,45.8
10,-11.920949073692126,21.236252014013154,2025-05-12 18:00:00,66,6.25,43.44
10,-11.920949073692126,21.236252014013154,2025-05-12 21:00:00,69,4.25,39.21
10,-11.920949073692126,21.236252014013154,2025-05-13 00:00:00,72,6.43,40.72
10,-11.920949073692126,21.236252014013154,2025-05-13 03:00:00,75,3.7,33.14
10,-11.920949073692126,21.236252014013154,2025-05-13 06:00:00,78,2.36,21.97
10,-11.920949073692126,21.236252014013154,2025-05-13 09:00:00,81,2.6,22.36
10,-11.920949073692126,21.236252014013154,2025-05-13 12:00:00,84,2.49,19.07
10,-11.920949073692126,21.236252014013154,2025-05-13 15:00:00,87,1.61,10.83
10,-11.920949073692126,21.236252014013154,2025-05-13 18:00:00,90,2.72,18.31
10,-11.920949073692126,21.236252014013154,2025-05-13 21:00:00,93,3.51,16.53
10,-11.920949073692126,21.236252014013154,2025-05-14 00:00:00,96,4.98,19.95
10,-11.920949073692126,21.236252014013154,2025-05-14 03:00:00,99,5.41,30.91
10,-11.920949073692126,21.236252014013154,2025-05-14 06:00:00,102,7.37,37.11
10,-11.920949073692126,21.236252014013154,2025-05-14 09:00:00,105,7.34,38.45
10,-11.920949073692126,21.236252014013154,2025-05-14 12:00:00,108,9.55,48.57
10,-11.920949073692126,21.236252014013154,2025-05-14 15:00:00,111,8.51,47.12
10,-11.920949073692126,21.236252014013154,2025-05-14 18:00:00,114,7.42,44.64
10,-11.920949073692126,21.236252014013154,2025-05-14 21:00:00,117,4.7,37.26
11,-11.856432089336042,21.731856152914773,2025-05-10 00:00:00,0,5.28,24.97
11,-11.856432089336042,21.731856152914773,2025-05-10 03:00:00,3,4.98,27.76
11,-11.856432089336042,21.731856152914773,2025-05-10 06:00:00,6,8.67,38.15
11,-11.856432089336042,21.731856152914773,2025-05-10 09:00:00,9,6.73,39.01
11,-11.856432089336042,21.731856152914773,2025-05-10 12:00:00,12,9.39,46.47
11,-11.856432089336042,21.731856152914773,2025-05-10 15:00:00,15,8.4,44.46
11,-11.856432089336042,21.731856152914773,2025-05-10 18:00:00,18,5.83,39.25
11,-11.856432089336042,21.731856152914773,2025-05-10 21:00:00,21,5.78,40.67
11,-11.856432089336042,21.731856152914773,2025-05-11 00:00:00,24,5.32,40.65
11,-11.856432089336042,21.731856152914773,2025-05-11 03:00:00,27,2.04,29.39
11,-11.856432089336042,21.731856152914773,2025-05-11 06:00:00,30,3.86,25.89
11,-11.856432089336042,21.731856152914773,2025-05-11 09:00:00,33,4.06,23.3
11,-11.856432089336042,21.731856152914773,2025-05-11 12:00:00,36,2.59,19.33
11,-11.856432089336042,21.731856152914773,2025-05-11 15:00:00,39,0.66,10.71
11,-11.856432089336042,21.731856152914773,2025-05-11 18:00:00,42,4.55,21.29
11,-11.856432089336042,21.731856152914773,2025-05-11 21:00:00,45,2.7,14.52
11,-11.856432089336042,21.731856152914773,2025-05-12 00:00:00,48,4.34,21.66
11,-11.856432089336042,21.731856152914773,2025-05-12 03:00:00,51,4.51,21.57
11,-11.856432089336042,21.731856152914773,2025-05-12 06:00:00,54,8.11,35.38
11,-11.856432089336042,21.731856152914773,2025-05-12 09:00:00,57,6.77,33.76
11,-11.856432089336042,21.731856152914773,2025-05-12 12:00:00,60,9.98,49.24
11,-11.856432089336042,21.731856152914773,2025-05-12 15:00:00,63,8.01,48.03
11,-11.856432089336042,21.731856152914773,2025-05-12 18:00:00,66,7.61,48.69
11,-11.856432089336042,21.731856152914773,2025-05-12 21:00:00,69,7.48,43.27
11,-11.856432089336042,21.731856152914773,2025-05-13 00:00:00,72,5.91,37.11
11,-11.856432089336042,21.731856152914773,2025-05-13 03:00:00,75,4.87,37.39
11,-11.856432089336042,21.731856152914773,2025-05-13 06:00:00,78,1.37,22.4
11,-11.856432089336042,21.731856152914773,2025-05-13 09:00:00,81,0.36,16.55
11,-11.856432089336042,21.731856152914773,2025-05-13 12:00:00,84,3.73,18.12
11,-11.856432089336042,21.731856152914773,2025-05-13 15:00:00,87,1.02,11.24
11,-11.856432089336042,21.731856152914773,2025-05-13 18:00:00,90,4.55,15.71
11,-11.856432089336042,21.731856152914773,2025-05-13 21:00:00,93,5.08,19.52
11,-11.856432089336042,21.731856152914773,2025-05-14 00:00:00,96,3.2,17.46
11,-11.856432089336042,21.731856152914773,2025-05-14 03:00:00,99,4.19,21.33
11,-11.856432089336042,21.731856152914773,2025-05-14 06:00:00,102,6.0,35.49
11,-11.856432089336042,21.731856152914773,2025-05-14 09:00:00,105,6.55,39.86
11,-11.856432089336042,21.731856152914773,2025-05-14 12:00:00,108,9.25,42.03
11,-11.856432089336042,21.731856152914773,2025-05-14 15:00:00,111,6.85,45.0
11,-11.856432089336042,21.731856152914773,2025-05-14 18:00:00,114,5.25,41.31
11,-11.856432089336042,21.731856152914773,2025-05-14 21:00:00,117,7.88,45.31
12,-11.895431188428004,21.596058724191785,2025-05-10 00:00:00,0,6.35,23.26
12,-11.895431188428004,21.596058724191785,2025-05-10 03:00:00,3,7.99,30.52
12,-11.895431188428004,21.596058724191785,2025-05-10 06:00:00,6,5.67,27.7
12,-11.895431188428004,21.596058724191785,2025-05-10 09:00:00,9,7.6,42.57
12,-11.895431188428004,21.596058724191785,2025-05-10 12:00:00,12,9.02,45.81
12,-11.895431188428004,21.596058724191785,2025-05-10 15:00:00,15,6.47,39.84
12,-11.895431188428004,21.596058724191785,2025-05-10 18:00:00,18,5.39,42.97
12,-11.895431188428004,21.596058724191785,2025-05-10 21:00:00,21,4.94,39.72
12,-11.895431188428004,21.596058724191785,2025-05-11 00:00:00,24,5.59,39.55
12,-11.895431188428004,21.596058724191785,2025-05-11 03:00:00,27,4.6,29.53
12,-11.895431188428004,21.596058724191785,2025-05-11 06:00:00,30,1.35,22.25
12,-11.895431188428004,21.596058724191785,2025-05-11 09:00:00,33,1.0,21.44
12,-11.895431188428004,21.596058724191785,2025-05-11 12:00:00,36,0.43,16.89
12,-11.895431188428004,21.596058724191785,2025-05-11 15:00:00,39,1.82,10.63
12,-11.895431188428004,21.596058724191785,2025-05-11 18:00:00,42,2.58,18.23
12,-11.895431188428004,21.596058724191785,2025-05-11 21:00:00,45,3.62,20.25
12,-11.895431188428004,21.596058724191785,2025-05-12 00:00:00,48,6.25,28.46
12,-11.895431188428004,21.596058724191785,2025-05-12 03:00:00,51,7.14,26.54
12,-11.895431188428004,21.596058724191785,2025-05-12 06:00:00,54,5.41,34.66
12,-11.895431188428004,21.596058724191785,2025-05-12 09:00:00,57,6.05,35.41
12,-11.895431188428004,21.596058724191785,2025-05-12 12:00:00,60,9.46,49.85
12,-11.895431188428004,21.596058724191785,2025-05-12 15:00:00,63,7.02,45.08
12,-11.895431188428004,21.596058724191785,2025-05-12 18:00:00,66,8.63,49.18
12,-11.895431188428004,21.596058724191785,2025-05-12 21:00:00,69,5.54,41.65
12,-11.895431188428004,21.596058724191785,2025-05-13 00:00:00,72,3.57,36.4
12,-11.895431188428004,21.596058724191785,2025-05-13 03:00:00,75,4.92,31.27
12,-11.895431188428004,21.596058724191785,2025-05-13 06:00:00,78,4.87,28.05
12,-11.895431188428004,21.596058724191785,2025-05-13 09:00:00,81,4.06,27.17
12,-11.895431188428004,21.596058724191785,2025-05-13 12:00:00,84,2.18,15.95
12,-11.895431188428004,21.596058724191785,2025-05-13 15:00:00,87,0.43,14.03
12,-11.895431188428004,21.596058724191785,2025-05-13 18:00:00,90,2.75,13.21
12,-11.895431188428004,21.596058724191785,2025-05-13 21:00:00,93,3.19,14.95
12,-11.895431188428004,21.596058724191785,2025-05-14 00:00:00,96,4.03,17.11
12,-11.895431188428004,21.596058724191785,2025-05-14 03:00:00,99,7.75,29.17
12,-11.895431188428004,21.596058724191785,2025-05-14 06:00:00,102,7.22,32.14
12,-11.895431188428004,21.596058724191785,2025-05-14 09:00:00,105,9.54,46.32
12,-11.895431188428004,21.596058724191785,2025-05-14 12:00:00,108,6.64,43.0
12,-11.895431188428004,21.596058724191785,2025-05-14 15:00:00,111,8.23,48.79
12,-11.895431188428004,21.596058724191785,2025-05-14 18:00:00,114,8.21,45.86
12,-11.895431188428004,21.596058724191785,2025-05-14 21:00:00,117,5.58,39.34
13,-11.533760741165697,21.198131038377944,2025-05-10 00:00:00,0,3.34,22.03
13,-11.533760741165697,21.198131038377944,2025-05-10 03:00:00,3,7.99,34.71
13,-11.533760741165697,21.198131038377944,2025-05-10 06:00:00,6,7.83,38.76
13,-11.533760741165697,21.198131038377944,2025-05-10 09:00:00,9,8.04,37.41
13,-11.533760741165697,21.198131038377944,2025-05-10 12:00:00,12,8.26,46.2
13,-11.533760741165697,21.198131038377944,2025-05-10 15:00:00,15,5.8,38.69
13,-11.533760741165697,21.198131038377944,2025-05-10 18:00:00,18,8.48,47.6
13,-11.533760741165697,21.198131038377944,2025-05-10 21:00:00,21,8.06,46.5
13,-11.533760741165697,21.198131038377944,2025-05-11 00:00:00,24,6.59,39.78
13,-11.533760741165697,21.198131038377944,2025-05-11 03:00:00,27,2.51,29.14
13,-11.533760741165697,21.198131038377944,2025-05-11 06:00:00,30,1.68,27.26
13,-11.533760741165697,21.198131038377944,2025-05-11 09:00:00,33,0.51,16.29
13,-11.533760741165697,21.198131038377944,2025-05-11 12:00:00,36,3.57,16.21
13,-11.533760741165697,21.198131038377944,2025-05-11 15:00:00,39,3.72,17.21
13,-11.533760741165697,21.198131038377944,2025-05-11 18:00:00,42,2.15,10.92
13,-11.533760741165697,21.198131038377944,2025-05-11 21:00:00,45,5.74,24.92
13,-11.533760741165697,21.198131038377944,2025-05-12 00:00:00,48,6.56,25.99
13,-11.533760741165697,21.198131038377944,2025-05-12 03:00:00,51,6.53,27.89
13,-11.533760741165697,21.198131038377944,2025-05-12 06:00:00,54,7.52,38.69
13,-11.533760741165697,21.198131038377944,2025-05-12 09:00:00,57,5.87,35.5
13,-11.533760741165697,21.198131038377944,2025-05-12 12:00:00,60,8.79,44.0
13,-11.533760741165697,21.198131038377944,2025-05-12 15:00:00,63,8.07,44.27
13,-11.533760741165697,21.198131038377944,2025-05-12 18:00:00,66,7.5,48.61
13,-11.533760741165697,21.198131038377944,2025-05-12 21:00:00,69,4.37,40.17
13,-11.533760741165697,21.198131038377944,2025-05-13 00:00:00,72,5.81,39.48
13,-11.533760741165697,21.198131038377944,2025-05-13 03:00:00,75,3.33,27.42
13,-11.533760741165697,21.198131038377944,2025-05-13 06:00:00,78,4.77,25.66
13,-11.533760741165697,21.198131038377944,2025-05-13 09:00:00,81,3.71,20.61
13,-11.533760741165697,21.198131038377944,2025-05-13 12:00:00,84,3.15,17.56
13,-11.533760741165697,21.198131038377944,2025-05-13 15:00:00,87,0.38,12.33
13,-11.533760741165697,21.198131038377944,2025-05-13 18:00:00,90,0.89,13.32
13,-11.533760741165697,21.198131038377944,2025-05-13 21:00:00,93,3.49,20.39
13,-11.533760741165697,21.198131038377944,2025-05-14 00:00:00,96,3.3,19.77
13,-11.533760741165697,21.198131038377944,2025-05-14 03:00:00,99,6.09,26.27
13,-11.533760741165697,21.198131038377944,2025-05-14 06:00:00,102,7.84,35.14
13,-11.533760741165697,21.198131038377944,2025-05-14 09:00:00,105,5.78,32.05
13,-11.533760741165697,21.198131038377944,2025-05-14 12:00:00,108,8.18,44.19
13,-11.533760741165697,21.198131038377944,2025-05-14 15:00:00,111,5.9,39.85
13,-11.533760741165697,21.198131038377944,2025-05-14 18:00:00,114,9.1,45.76
13,-11.533760741165697,21.198131038377944,2025-05-14 21:00:00,117,4.66,38.73
14,-11.550309910421868,21.267222751080364,2025-05-10 00:00:00,0,4.6,25.48
14,-11.550309910421868,21.267222751080364,2025-05-10 03:00:00,3,5.6,24.48
14,-11.550309910421868,21.267222751080364,2025-05-10 06:00:00,6,7.43,34.02
14,-11.550309910421868,21.267222751080364,2025-05-10 09:00:00,9,7.5,41.2
14,-11.550309910421868,21.267222751080364,2025-05-10 12:00:00,12,8.11,42.13
14,-11.550309910421868,21.267222751080364,2025-05-10 15:00:00,15,6.56,40.48
14,-11.550309910421868,21.267222751080364,2025-05-10 18:00:00,18,6.87,40.36
14,-11.550309910421868,21.267222751080364,2025-05-10 21:00:00,21,7.02,41.83
14,-11.550309910421868,21.267222751080364,2025-05-11 00:00:00,24,5.91,38.93
14,-11.550309910421868,21.267222751080364,2025-05-11 03:00:00,27,3.21,29.39
14,-11.550309910421868,21.267222751080364,2025-05-11 06:00:00,30,4.48,30.14
14,-11.550309910421868,21.267222751080364,2025-05-11 09:00:00,33,1.88,21.39
14,-11.550309910421868,21.267222751080364,2025-05-11 12:00:00,36,1.8,17.6
14,-11.550309910421868,21.267222751080364,2025-05-11 15:00:00,39,2.24,14.32
14,-11.550309910421868,21.267222751080364,2025-05-11 18:00:00,42,2.59,14.44
14,-11.550309910421868,21.267222751080364,2025-05-11 21:00:00,45,5.21,18.84
14,-11.550309910421868,21.267222751080364,2025-05-12 00:00:00,48,3.44,21.02
14,-11.550309910421868,21.267222751080364,2025-05-12 03:00:00,51,6.11,28.01
14,-11.550309910421868,21.267222751080364,2025-05-12 06:00:00,54,8.9,38.3
14,-11.550309910421868,21.267222751080364,2025-05-12 09:00:00,57,6.62,35.03
14,-11.550309910421868,21.267222751080364,2025-05-12 12:00:00,60,9.43,43.1
14,-11.550309910421868,21.267222751080364,2025-05-12 15:00:00,63,9.13,51.4
14,-11.550309910421868,21.267222751080364,2025-05-12 18:00:00,66,6.05,45.35
14,-11.550309910421868,21.267222751080364,2025-05-12 21:00:00,69,6.79,41.2
14,-11.550309910421868,21.267222751080364,2025-05-13 00:00:00,72,4.34,35.48
14,-11.550309910421868,21.267222751080364,2025-05-13 03:00:00,75,5.17,33.9
14,-11.550309910421868,21.267222751080364,2025-05-13 06:00:00,78,4.43,31.16
14,-11.550309910421868,21.267222751080364,2025-05-13 09:00:00,81,2.96,22.36
14,-11.550309910421868,21.267222751080364,2025-05-13 12:00:00,84,2.61,20.97
14,-11.550309910421868,21.267222751080364,2025-05-13 15:00:00,87,4.09,18.88
14,-11.550309910421868,21.267222751080364,2025-05-13 18:00:00,90,4.25,19.53
14,-11.550309910421868,21.267222751080364,2025-05-13 21:00:00,93,3.71,19.72
14,-11.550309910421868,21.267222751080364,2025-05-14 00:00:00,96,3.15,16.75
14,-11.550309910421868,21.267222751080364,2025-05-14 03:00:00,99,4.88,24.32
14,-11.550309910421868,21.267222751080364,2025-05-14 06:00:00,102,8.15,37.15
14,-11.550309910421868,21.267222751080364,2025-05-14 09:00:00,105,7.58,38.81
14,-11.550309910421868,21.267222751080364,2025-05-14 12:00:00,108,9.42,48.56
14,-11.550309910421868,21.267222751080364,2025-05-14 15:00:00,111,6.44,39.75
14,-11.550309910421868,21.267222751080364,2025-05-14 18:00:00,114,8.12,48.2
14,-11.550309910421868,21.267222751080364,2025-05-14 21:00:00,117,4.28,35.51
15,-11.530384009785708,21.459390903913917,2025-05-10 00:00:00,0,4.77,20.39
15,-11.530384009785708,21.459390903913917,2025-05-10 03:00:00,3,7.28,30.3
15,-11.530384009785708,21.459390903913917,2025-05-10 06:00:00,6,7.96,37.16
15,-11.530384009785708,21.459390903913917,2025-05-10 09:00:00,9,7.7,38.5
15,-11.530384009785708,21.459390903913917,2025-05-10 12:00:00,12,8.54,46.85
15,-11.530384009785708,21.459390903913917,2025-05-10 15:00:00,15,6.04,41.15
15,-11.530384009785708,21.459390903913917,2025-05-10 18:00:00,18,7.43,41.97
15,-11.530384009785708,21.459390903913917,2025-05-10 21:00:00,21,5.07,37.31
15,-11.530384009785708,21.459390903913917,2025-05-11 00:00:00,24,4.6,38.31
15,-11.530384009785708,21.459390903913917,2025-05-11 03:00:00,27,2.41,26.12
15,-11.530384009785708,21.459390903913917,2025-05-11 06:00:00,30,3.09,25.9
15,-11.530384009785708,21.459390903913917,2025-05-11 09:00:00,33,3.33,23.19
15,-11.530384009785708,21.459390903913917,2025-05-11 12:00:00,36,0.78,15.48
15,-11.530384009785708,21.459390903913917,2025-05-11 15:00:00,39,1.2,10.77
15,-11.530384009785708,21.459390903913917,2025-05-11 18:00:00,42,1.07,13.21
15,-11.530384009785708,21.459390903913917,2025-05-11 21:00:00,45,4.35,20.28
15,-11.530384009785708,21.459390903913917,2025-05-12 00:00:00,48,6.75,22.45
15,-11.530384009785708,21.459390903913917,2025-05-12 03:00:00,51,4.85,27.61
15,-11.530384009785708,21.459390903913917,2025-05-12 06:00:00,54,7.37,37.67
15,-11.530384009785708,21.459390903913917,2025-05-12 09:00:00,57,9.66,44.02
15,-11.530384009785708,21.459390903913917,2025-05-12 12:00:00,60,8.11,45.5
15,-11.530384009785708,21.459390903913917,2025-05-12 15:00:00,63,5.94,40.5
15,-11.530384009785708,21.459390903913917,2025-05-12 18:00:00,66,7.1,45.39
15,-11.530384009785708,21.459390903913917,2025-05-12 21:00:00,69,4.85,38.09
15,-11.530384009785708,21.459390903913917,2025-05-13 00:00:00,72,6.19,40.1
15,-11.530384009785708,21.459390903913917,2025-05-13 03:00:00,75,2.43,29.56
15,-11.530384009785708,21.459390903913917,2025-05-13 06:00:00,78,2.1,24.4
15,-11.530384009785708,21.459390903913917,2025-05-13 09:00:00,81,0.79,13.81
15,-11.530384009785708,21.459390903913917,2025-05-13 12:00:00,84,1.2,13.74
15,-11.530384009785708,21.459390903913917,2025-05-13 15:00:00,87,3.65,21.22
15,-11.530384009785708,21.459390903913917,2025-05-13 18:00:00,90,4.09,18.36
15,-11.530384009785708,21.459390903913917,2025-05-13 21:00:00,93,4.98,23.22
15,-11.530384009785708,21.459390903913917,2025-05-14 00:00:00,96,4.48,18.74
15,-11.530384009785708,21.459390903913917,2025-05-14 03:00:00,99,6.78,33.44
15,-11.530384009785708,21.459390903913917,2025-05-14 06:00:00,102,7.89,34.37
15,-11.530384009785708,21.459390903913917,2025-05-14 09:00:00,105,6.91,40.24
15,-11.530384009785708,21.459390903913917,2025-05-14 12:00:00,108,9.48,47.28
15,-11.530384009785708,21.459390903913917,2025-05-14 15:00:00,111,7.96,45.23
15,-11.530384009785708,21.459390903913917,2025-05-14 18:00:00,114,7.66,47.54
15,-11.530384009785708,21.459390903913917,2025-05-14 21:00:00,117,5.97,41.76
16,-11.266368660757436,21.200233335189278,2025-05-10 00:00:00,0,5.57,24.27
16,-11.266368660757436,21.200233335189278,2025-05-10 03:00:00,3,4.33,23.48
16,-11.266368660757436,21.200233335189278,2025-05-10 06:00:00,6,5.51,29.26
16,-11.266368660757436,21.200233335189278,2025-05-10 09:00:00,9,6.45,34.85
16,-11.266368660757436,21.200233335189278,2025-05-10 12:00:00,12,7.52,43.77
16,-11.266368660757436,21.200233335189278,2025-05-10 15:00:00,15,9.49,51.62
16,-11.266368660757436,21.200233335189278,2025-05-10 18:00:00,18,6.02,42.65
16,-11.266368660757436,21.200233335189278,2025-05-10 21:00:00,21,4.93,42.4
16,-11.266368660757436,21.200233335189278,2025-05-11 00:00:00,24,3.27,34.0
16,-11.266368660757436,21.200233335189278,2025-05-11 03:00:00,27,5.56,31.29
16,-11.266368660757436,21.200233335189278,2025-05-11 06:00:00,30,3.28,25.97
16,-11.266368660757436,21.200233335189278,2025-05-11 09:00:00,33,0.73,21.54
16,-11.266368660757436,21.200233335189278,2025-05-11 12:00:00,36,0.35,11.09
16,-11.266368660757436,21.200233335189278,2025-05-11 15:00:00,39,4.12,15.58
16,-11.266368660757436,21.200233335189278,2025-05-11 18:00:00,42,4.12,20.53
16,-11.266368660757436,21.200233335189278,2025-05-11 21:00:00,45,2.04,18.49
16,-11.266368660757436,21.200233335189278,2025-05-12 00:00:00,48,4.14,17.73
16,-11.266368660757436,21.200233335189278,2025-05-12 03:00:00,51,4.62,24.22
16,-11.266368660757436,21.200233335189278,2025-05-12 06:00:00,54,8.11,38.26
16,-11.266368660757436,21.200233335189278,2025-05-12 09:00:00,57,8.91,40.6
16,-11.266368660757436,21.200233335189278,2025-05-12 12:00:00,60,7.01,37.53
16,-11.266368660757436,21.200233335189278,2025-05-12 15:00:00,63,6.29,40.5
16,-11.266368660757436,21.200233335189278,2025-05-12 18:00:00,66,6.88,39.88
16,-11.266368660757436,21.200233335189278,2025-05-12 21:00:00,69,5.77,39.33
16,-11.266368660757436,21.200233335189278,2025-05-13 00:00:00,72,5.39,39.85
16,-11.266368660757436,21.200233335189278,2025-05-13 03:00:00,75,5.78,35.68
16,-11.266368660757436,21.200233335189278,2025-05-13 06:00:00,78,2.1,24.37
16,-11.266368660757436,21.200233335189278,2025-05-13 09:00:00,81,4.08,21.03
16,-11.266368660757436,21.200233335189278,2025-05-13 12:00:00,84,2.45,13.99
16,-11.266368660757436,21.200233335189278,2025-05-13 15:00:00,87,0.73,11.59
16,-11.266368660757436,21.200233335189278,2025-05-13 18:00:00,90,4.48,18.83
16,-11.266368660757436,21.200233335189278,2025-05-13 21:00:00,93,4.81,20.99
16,-11.266368660757436,21.200233335189278,2025-05-14 00:00:00,96,6.3,27.27
16,-11.266368660757436,21.200233335189278,2025-05-14 03:00:00,99,4.99,27.4
16,-11.266368660757436,21.200233335189278,2025-05-14 06:00:00,102,8.21,40.05
16,-11.266368660757436,21.200233335189278,2025-05-14 09:00:00,105,6.85,34.34
16,-11.266368660757436,21.200233335189278,2025-05-14 12:00:00,108,9.91,49.79
16,-11.266368660757436,21.200233335189278,2025-05-14 15:00:00,111,6.19,42.5
16,-11.266368660757436,21.200233335189278,2025-05-14 18:00:00,114,6.91,45.49
16,-11.266368660757436,21.200233335189278,2025-05-14 21:00:00,117,5.54,43.09
17,-11.610629214675367,21.513481460888435,2025-05-10 00:00:00,0,5.32,20.34
17,-11.610629214675367,21.513481460888435,2025-05-10 03:00:00,3,4.72,25.45
17,-11.610629214675367,21.513481460888435,2025-05-10 06:00:00,6,8.37,33.46
17,-11.610629214675367,21.513481460888435,2025-05-10 09:00:00,9,6.43,33.89
17,-11.610629214675367,21.513481460888435,2025-05-10 12:00:00,12,6.54,43.31
17,-11.610629214675367,21.513481460888435,2025-05-10 15:00:00,15,7.12,47.32
17,-11.610629214675367,21.513481460888435,2025-05-10 18:00:00,18,5.21,36.74
17,-11.610629214675367,21.513481460888435,2025-05-10 21:00:00,21,5.3,43.53
17,-11.610629214675367,21.513481460888435,2025-05-11 00:00:00,24,4.81,36.98
17,-11.610629214675367,21.513481460888435,2025-05-11 03:00:00,27,3.35,29.73
17,-11.610629214675367,21.513481460888435,2025-05-11 06:00:00,30,2.67,27.23
17,-11.610629214675367,21.513481460888435,2025-05-11 09:00:00,33,1.03,20.76
17,-11.610629214675367,21.513481460888435,2025-05-11 12:00:00,36,3.18,23.24
17,-11.610629214675367,21.513481460888435,2025-05-11 15:00:00,39,2.83,16.62
17,-11.610629214675367,21.513481460888435,2025-05-11 18:00:00,42,4.34,20.37
17,-11.610629214675367,21.513481460888435,2025-05-11 21:00:00,45,5.06,17.55
17,-11.610629214675367,21.513481460888435,2025-05-12 00:00:00,48,6.46,29.18
17,-11.610629214675367,21.513481460888435,2025-05-12 03:00:00,51,5.86,31.59
17,-11.610629214675367,21.513481460888435,2025-05-12 06:00:00,54,6.88,35.91
17,-11.610629214675367,21.513481460888435,2025-05-12 09:00:00,57,9.58,41.55
17,-11.610629214675367,21.513481460888435,2025-05-12 12:00:00,60,6.72,43.58
17,-11.610629214675367,21.513481460888435,2025-05-12 15:00:00,63,6.92,45.77
17,-11.610629214675367,21.513481460888435,2025-05-12 18:00:00,66,9.0,47.23
17,-11.610629214675367,21.513481460888435,2025-05-12 21:00:00,69,4.74,39.75
17,-11.610629214675367,21.513481460888435,2025-05-13 00:00:00,72,3.76,34.57
17,-11.610629214675367,21.513481460888435,2025-05-13 03:00:00,75,5.64,33.5
17,-11.610629214675367,21.513481460888435,2025-05-13 06:00:00,78,2.0,23.67
17,-11.610629214675367,21.513481460888435,2025-05-13 09:00:00,81,1.09,17.04
17,-11.610629214675367,21.513481460888435,2025-05-13 12:00:00,84,2.9,18.09
17,-11.610629214675367,21.513481460888435,2025-05-13 15:00:00,87,3.71,20.12
17,-11.610629214675367,21.513481460888435,2025-05-13 18:00:00,90,2.33,16.87
17,-11.610629214675367,21.513481460888435,2025-05-13 21:00:00,93,4.04,22.4
17,-11.610629214675367,21.513481460888435,2025-05-14 00:00:00,96,4.19,23.73
17,-11.610629214675367,21.513481460888435,2025-05-14 03:00:00,99,7.44,32.59
17,-11.610629214675367,21.513481460888435,2025-05-14 06:00:00,102,5.57,32.15
17,-11.610629214675367,21.513481460888435,2025-05-14 09:00:00,105,5.87,38.56
17,-11.610629214675367,21.513481460888435,2025-05-14 12:00:00,108,6.88,40.81
17,-11.610629214675367,21.513481460888435,2025-05-14 15:00:00,111,5.8,43.64
17,-11.610629214675367,21.513481460888435,2025-05-14 18:00:00,114,6.55,42.88
17,-11.610629214675367,21.513481460888435,2025-05-14 21:00:00,117,6.97,42.86
18,-11.626773874802351,21.02502009868627,2025-05-10 00:00:00,0,6.85,29.96
18,-11.626773874802351,21.02502009868627,2025-05-10 03:00:00,3,7.52,31.69
18,-11.626773874802351,21.02502009868627,2025-05-10 06:00:00,6,6.45,29.81
18,-11.626773874802351,21.02502009868627,2025-05-10 09:00:00,9,8.68,39.7
18,-11.626773874802351,21.02502009868627,2025-05-10 12:00:00,12,6.75,37.68
18,-11.626773874802351,21.02502009868627,2025-05-10 15:00:00,15,6.69,45.64
18,-11.626773874802351,21.02502009868627,2025-05-10 18:00:00,18,8.31,48.97
18,-11.626773874802351,21.02502009868627,2025-05-10 21:00:00,21,7.68,47.27
18,-11.626773874802351,21.02502009868627,2025-05-11 00:00:00,24,3.63,31.14
18,-11.626773874802351,21.02502009868627,2025-05-11 03:00:00,27,3.71,30.32
18,-11.626773874802351,21.02502009868627,2025-05-11 06:00:00,30,3.97,24.3
18,-11.626773874802351,21.02502009868627,2025-05-11 09:00:00,33,2.99,24.85
18,-11.626773874802351,21.02502009868627,2025-05-11 12:00:00,36,2.36,16.2
18,-11.626773874802351,21.02502009868627,2025-05-11 15:00:00,39,0.94,9.56
18,-11.626773874802351,21.02502009868627,2025-05-11 18:00:00,42,2.29,17.62
18,-11.626773874802351,21.02502009868627,2025-05-11 21:00:00,45,2.2,11.29
18,-11.626773874802351,21.02502009868627,2025-05-12 00:00:00,48,3.25,21.07
18,-11.626773874802351,21.02502009868627,2025-05-12 03:00:00,51,6.29,25.08
18,-11.626773874802351,21.02502009868627,2025-05-12 06:00:00,54,6.37,31.53
18,-11.626773874802351,21.02502009868627,2025-05-12 09:00:00,57,8.29,44.18
18,-11.626773874802351,21.02502009868627,2025-05-12 12:00:00,60,6.81,39.02
18,-11.626773874802351,21.02502009868627,2025-05-12 15:00:00,63,6.39,38.1
18,-11.626773874802351,21.02502009868627,2025-05-12 18:00:00,66,9.04,49.08
18,-11.626773874802351,21.02502009868627,2025-05-12 21:00:00,69,5.79,37.89
18,-11.626773874802351,21.02502009868627,2025-05-13 00:00:00,72,3.4,33.91
18,-11.626773874802351,21.02502009868627,2025-05-13 03:00:00,75,4.53,35.71
18,-11.626773874802351,21.02502009868627,2025-05-13 06:00:00,78,3.85,29.55
18,-11.626773874802351,21.02502009868627,2025-05-13 09:00:00,81,2.02,18.67
18,-11.626773874802351,21.02502009868627,2025-05-13 12:00:00,84,1.08,15.38
18,-11.626773874802351,21.02502009868627,2025-05-13 15:00:00,87,2.41,12.71
18,-11.626773874802351,21.02502009868627,2025-05-13 18:00:00,90,4.06,20.98
18,-11.626773874802351,21.02502009868627,2025-05-13 21:00:00,93,2.71,13.29
18,-11.626773874802351,21.02502009868627,2025-05-14 00:00:00,96,5.42,20.46
18,-11.626773874802351,21.02502009868627,2025-05-14 03:00:00,99,7.72,30.67
18,-11.626773874802351,21.02502009868627,2025-05-14 06:00:00,102,6.73,35.48
18,-11.626773874802351,21.02502009868627,2025-05-14 09:00:00,105,7.3,35.6
18,-11.626773874802351,21.02502009868627,2025-05-14 12:00:00,108,6.99,41.72
18,-11.626773874802351,21.02502009868627,2025-05-14 15:00:00,111,8.92,49.7
18,-11.626773874802351,21.02502009868627,2025-05-14 18:00:00,114,5.81,41.18
18,-11.626773874802351,21.02502009868627,2025-05-14 21:00:00,117,8.09,44.71
19,-11.369332537419073,21.428158690487283,2025-05-10 00:00:00,0,6.03,23.92
19,-11.369332537419073,21.428158690487283,2025-05-10 03:00:00,3,8.04,33.04
19,-11.369332537419073,21.428158690487283,2025-05-10 06:00:00,6,7.26,32.8
19,-11.369332537419073,21.428158690487283,2025-05-10 09:00:00,9,7.11,40.53
19,-11.369332537419073,21.428158690487283,2025-05-10 12:00:00,12,6.56,43.68
19,-11.369332537419073,21.428158690487283,2025-05-10 15:00:00,15,9.44,51.62
19,-11.369332537419073,21.428158690487283,2025-05-10 18:00:00,18,7.42,47.42
19,-11.369332537419073,21.428158690487283,2025-05-10 21:00:00,21,5.57,37.4
19,-11.369332537419073,21.428158690487283,2025-05-11 00:00:00,24,5.84,36.09
19,-11.369332537419073,21.428158690487283,2025-05-11 03:00:00,27,4.63,36.58
19,-11.369332537419073,21.428158690487283,2025-05-11 06:00:00,30,2.16,21.7
19,-11.369332537419073,21.428158690487283,2025-05-11 09:00:00,33,2.38,22.81
19,-11.369332537419073,21.428158690487283,2025-05-11 12:00:00,36,2.57,17.04
19,-11.369332537419073,21.428158690487283,2025-05-11 15:00:00,39,1.93,18.24
19,-11.369332537419073,21.428158690487283,2025-05-11 18:00:00,42,3.18,15.25
19,-11.369332537419073,21.428158690487283,2025-05-11 21:00:00,45,4.66,23.37
19,-11.369332537419073,21.428158690487283,2025-05-12 00:00:00,48,5.1,21.32
19,-11.369332537419073,21.428158690487283,2025-05-12 03:00:00,51,7.01,29.5
19,-11.369332537419073,21.428158690487283,2025-05-12 06:00:00,54,7.68,33.13
19,-11.369332537419073,21.428158690487283,2025-05-12 09:00:00,57,7.28,37.78
19,-11.369332537419073,21.428158690487283,2025-05-12 12:00:00,60,9.35,44.48
19,-11.369332537419073,21.428158690487283,2025-05-12 15:00:00,63,9.56,49.58
19,-11.369332537419073,21.428158690487283,2025-05-12 18:00:00,66,7.53,41.12
19,-11.369332537419073,21.428158690487283,2025-05-12 21:00:00,69,4.32,35.39
19,-11.369332537419073,21.428158690487283,2025-05-13 00:00:00,72,4.31,37.43
19,-11.369332537419073,21.428158690487283,2025-05-13 03:00:00,75,5.56,37.82
19,-11.369332537419073,21.428158690487283,2025-05-13 06:00:00,78,1.62,25.44
19,-11.369332537419073,21.428158690487283,2025-05-13 09:00:00,81,1.67,23.04
19,-11.369332537419073,21.428158690487283,2025-05-13 12:00:00,84,0.74,12.64
19,-11.369332537419073,21.428158690487283,2025-05-13 15:00:00,87,0.28,9.06
19,-11.369332537419073,21.428158690487283,2025-05-13 18:00:00,90,0.92,8.86
19,-11.369332537419073,21.428158690487283,2025-05-13 21:00:00,93,5.01,24.58
19,-11.369332537419073,21.428158690487283,2025-05-14 00:00:00,96,3.37,17.97
19,-11.369332537419073,21.428158690487283,2025-05-14 03:00:00,99,4.31,25.04
19,-11.369332537419073,21.428158690487283,2025-05-14 06:00:00,102,7.16,31.74
19,-11.369332537419073,21.428158690487283,2025-05-14 09:00:00,105,7.98,41.38
19,-11.369332537419073,21.428158690487283,2025-05-14 12:00:00,108,9.73,48.77
19,-11.369332537419073,21.428158690487283,2025-05-14 15:00:00,111,8.66,50.44
19,-11.369332537419073,21.428158690487283,2025-05-14 18:00:00,114,7.05,40.59
19,-11.369332537419073,21.428158690487283,2025-05-14 21:00:00,117,5.13,37.96
20,-11.358891681521147,21.50454225366529,2025-05-10 00:00:00,0,3.88,17.63
20,-11.358891681521147,21.50454225366529,2025-05-10 03:00:00,3,5.56,28.64
20,-11.358891681521147,21.50454225366529,2025-05-10 06:00:00,6,8.77,36.46
20,-11.358891681521147,21.50454225366529,2025-05-10 09:00:00,9,8.68,37.35
20,-11.358891681521147,21.50454225366529,2025-05-10 12:00:00,12,9.76,48.48
20,-11.358891681521147,21.50454225366529,2025-05-10 15:00:00,15,6.06,43.41
20,-11.358891681521147,21.50454225366529,2025-05-10 18:00:00,18,6.93,40.61
20,-11.358891681521147,21.50454225366529,2025-05-10 21:00:00,21,7.71,44.77
20,-11.358891681521147,21.50454225366529,2025-05-11 00:00:00,24,3.15,34.36
20,-11.358891681521147,21.50454225366529,2025-05-11 03:00:00,27,4.07,33.21
20,-11.358891681521147,21.50454225366529,2025-05-11 06:00:00,30,1.2,22.13
20,-11.358891681521147,21.50454225366529,2025-05-11 09:00:00,33,3.76,23.05
20,-11.358891681521147,21.50454225366529,2025-05-11 12:00:00,36,2.15,18.19
20,-11.358891681521147,21.50454225366529,2025-05-11 15:00:00,39,3.07,14.24
20,-11.358891681521147,21.50454225366529,2025-05-11 18:00:00,42,4.13,18.81
20,-11.358891681521147,21.50454225366529,2025-05-11 21:00:00,45,5.61,18.08
20,-11.358891681521147,21.50454225366529,2025-05-12 00:00:00,48,3.91,22.43
20,-11.358891681521147,21.50454225366529,2025-05-12 03:00:00,51,5.54,27.85
20,-11.358891681521147,21.50454225366529,2025-05-12 06:00:00,54,9.09,37.87
20,-11.358891681521147,21.50454225366529,2025-05-12 09:00:00,57,9.34,40.27
20,-11.358891681521147,21.50454225366529,2025-05-12 12:00:00,60,6.49,40.6
20,-11.358891681521147,21.50454225366529,2025-05-12 15:00:00,63,9.08,48.59
20,-11.358891681521147,21.50454225366529,2025-05-12 18:00:00,66,8.08,47.97
20,-11.358891681521147,21.50454225366529,2025-05-12 21:00:00,69,6.33,44.43
20,-11.358891681521147,21.50454225366529,2025-05-13 00:00:00,72,4.31,32.11
20,-11.358891681521147,21.50454225366529,2025-05-13 03:00:00,75,2.42,27.47
20,-11.358891681521147,21.50454225366529,2025-05-13 06:00:00,78,1.58,26.9
20,-11.358891681521147,21.50454225366529,2025-05-13 09:00:00,81,3.63,20.55
20,-11.358891681521147,21.50454225366529,2025-05-13 12:00:00,84,3.16,21.49
20,-11.358891681521147,21.50454225366529,2025-05-13 15:00:00,87,0.81,8.95
20,-11.358891681521147,21.50454225366529,2025-05-13 18:00:00,90,4.64,15.43
20,-11.358891681521147,21.50454225366529,2025-05-13 21:00:00,93,3.68,17.19
20,-11.358891681521147,21.50454225366529,2025-05-14 00:00:00,96,3.82,22.29
20,-11.358891681521147,21.50454225366529,2025-05-14 03:00:00,99,7.22,31.68
20,-11.358891681521147,21.50454225366529,2025-05-14 06:00:00,102,6.92,32.64
20,-11.358891681521147,21.50454225366529,2025-05-14 09:00:00,105,7.8,43.26
20,-11.358891681521147,21.50454225366529,2025-05-14 12:00:00,108,6.95,41.94
20,-11.358891681521147,21.50454225366529,2025-05-14 15:00:00,111,6.14,41.28
20,-11.358891681521147,21.50454225366529,2025-05-14 18:00:00,114,5.51,37.95
20,-11.358891681521147,21.50454225366529,2025-05-14 21:00:00,117,7.56,48.04
21,-11.96525873916455,21.168206072723056,2025-05-10 00:00:00,0,6.44,23.04
21,-11.96525873916455,21.168206072723056,2025-05-10 03:00:00,3,6.31,31.64
21,-11.96525873916455,21.168206072723056,2025-05-10 06:00:00,6,7.88,38.86
21,-11.96525873916455,21.168206072723056,2025-05-10 09:00:00,9,5.9,33.06
21,-11.96525873916455,21.168206072723056,2025-05-10 12:00:00,12,9.17,47.39
21,-11.96525873916455,21.168206072723056,2025-05-10 15:00:00,15,7.91,48.68
21,-11.96525873916455,21.168206072723056,2025-05-10 18:00:00,18,6.99,44.21
21,-11.96525873916455,21.168206072723056,2025-05-10 21:00:00,21,4.31,35.87
21,-11.96525873916455,21.168206072723056,2025-05-11 00:00:00,24,3.1,35.35
21,-11.96525873916455,21.168206072723056,2025-05-11 03:00:00,27,3.96,31.57
21,-11.96525873916455,21.168206072723056,2025-05-11 06:00:00,30,0.89,19.73
21,-11.96525873916455,21.168206072723056,2025-05-11 09:00:00,33,2.45,17.65
21,-11.96525873916455,21.168206072723056,2025-05-11 12:00:00,36,0.74,10.57
21,-11.96525873916455,21.168206072723056,2025-05-11 15:00:00,39,1.06,14.9
21,-11.96525873916455,21.168206072723056,2025-05-11 18:00:00,42,2.5,11.6
21,-11.96525873916455,21.168206072723056,2025-05-11 21:00:00,45,5.61,21.59
21,-11.96525873916455,21.168206072723056,2025-05-12 00:00:00,48,5.17,22.86
21,-11.96525873916455,21.168206072723056,2025-05-12 03:00:00,51,5.87,27.08
21,-11.96525873916455,21.168206072723056,2025-05-12 06:00:00,54,6.89,32.28
21,-11.96525873916455,21.168206072723056,2025-05-12 09:00:00,57,6.38,39.32
21,-11.96525873916455,21.168206072723056,2025-05-12 12:00:00,60,7.79,45.76
21,-11.96525873916455,21.168206072723056,2025-05-12 15:00:00,63,7.94,45.25
21,-11.96525873916455,21.168206072723056,2025-05-12 18:00:00,66,5.96,44.12
21,-11.96525873916455,21.168206072723056,2025-05-12 21:00:00,69,5.16,36.49
21,-11.96525873916455,21.168206072723056,2025-05-13 00:00:00,72,3.88,34.82
21,-11.96525873916455,21.168206072723056,2025-05-13 03:00:00,75,5.46,38.34
21,-11.96525873916455,21.168206072723056,2025-05-13 06:00:00,78,1.38,24.03
21,-11.96525873916455,21.168206072723056,2025-05-13 09:00:00,81,2.76,25.67
21,-11.96525873916455,21.168206072723056,2025-05-13 12:00:00,84,1.64,12.97
21,-11.96525873916455,21.168206072723056,2025-05-13 15:00:00,87,4.15,17.03
21,-11.96525873916455,21.168206072723056,2025-05-13 18:00:00,90,3.34,13.25
21,-11.96525873916455,21.168206072723056,2025-05-13 21:00:00,93,5.54,23.98
21,-11.96525873916455,21.168206072723056,2025-05-14 00:00:00,96,6.71,29.3
21,-11.96525873916455,21.168206072723056,2025-05-14 03:00:00,99,6.53,31.93
21,-11.96525873916455,21.168206072723056,2025-05-14 06:00:00,102,7.2,32.39
21,-11.96525873916455,21.168206072723056,2025-05-14 09:00:00,105,9.37,41.26
21,-11.96525873916455,21.168206072723056,2025-05-14 12:00:00,108,7.61,45.83
21,-11.96525873916455,21.168206072723056,2025-05-14 15:00:00,111,8.82,49.99
21,-11.96525873916455,21.168206072723056,2025-05-14 18:00:00,114,6.56,45.82
21,-11.96525873916455,21.168206072723056,2025-05-14 21:00:00,117,4.53,41.51
22,-11.98739751459555,21.099586871525833,2025-05-10 00:00:00,0,3.74,22.25
22,-11.98739751459555,21.099586871525833,2025-05-10 03:00:00,3,4.95,22.31
22,-11.98739751459555,21.099586871525833,2025-05-10 06:00:00,6,8.99,34.22
22,-11.98739751459555,21.099586871525833,2025-05-10 09:00:00,9,9.6,45.04
22,-11.98739751459555,21.099586871525833,2025-05-10 12:00:00,12,8.2,46.53
22,-11.98739751459555,21.099586871525833,2025-05-10 15:00:00,15,7.92,43.48
22,-11.98739751459555,21.099586871525833,2025-05-10 18:00:00,18,8.3,44.84
22,-11.98739751459555,21.099586871525833,2025-05-10 21:00:00,21,6.59,42.65
22,-11.98739751459555,21.099586871525833,2025-05-11 00:00:00,24,6.15,36.34
22,-11.98739751459555,21.099586871525833,2025-05-11 03:00:00,27,4.46,34.16
22,-11.98739751459555,21.099586871525833,2025-05-11 06:00:00,30,3.92,27.27
22,-11.98739751459555,21.099586871525833,2025-05-11 09:00:00,33,3.72,24.62
22,-11.98739751459555,21.099586871525833,2025-05-11 12:00:00,36,2.1,20.4
22,-11.98739751459555,21.099586871525833,2025-05-11 15:00:00,39,3.85,21.25
22,-11.98739751459555,21.099586871525833,2025-05-11 18:00:00,42,2.6,13.49
22,-11.98739751459555,21.099586871525833,2025-05-11 21:00:00,45,4.73,21.7
22,-11.98739751459555,21.099586871525833,2025-05-12 00:00:00,48,4.72,18.63
22,-11.98739751459555,21.099586871525833,2025-05-12 03:00:00,51,7.82,32.49
22,-11.98739751459555,21.099586871525833,2025-05-12 06:00:00,54,6.13,28.46
22,-11.98739751459555,21.099586871525833,2025-05-12 09:00:00,57,6.53,38.07
22,-11.98739751459555,21.099586871525833,2025-05-12 12:00:00,60,9.21,46.32
22,-11.98739751459555,21.099586871525833,2025-05-12 15:00:00,63,7.33,41.28
22,-11.98739751459555,21.099586871525833,2025-05-12 18:00:00,66,5.95,40.9
22,-11.98739751459555,21.099586871525833,2025-05-12 21:00:00,69,7.47,40.44
22,-11.98739751459555,21.099586871525833,2025-05-13 00:00:00,72,3.51,35.47
22,-11.98739751459555,21.099586871525833,2025-05-13 03:00:00,75,5.7,35.34
22,-11.98739751459555,21.099586871525833,2025-05-13 06:00:00,78,3.39,24.68
22,-11.98739751459555,21.099586871525833,2025-05-13 09:00:00,81,2.3,21.66
22,-11.98739751459555,21.099586871525833,2025-05-13 12:00:00,84,0.89,18.0
22,-11.98739751459555,21.099586871525833,2025-05-13 15:00:00,87,0.93,14.13
22,-11.98739751459555,21.099586871525833,2025-05-13 18:00:00,90,3.74,14.97
22,-11.98739751459555,21.099586871525833,2025-05-13 21:00:00,93,2.97,19.34
22,-11.98739751459555,21.099586871525833,2025-05-14 00:00:00,96,4.83,24.1
22,-11.98739751459555,21.099586871525833,2025-05-14 03:00:00,99,5.25,24.97
22,-11.98739751459555,21.099586871525833,2025-05-14 06:00:00,102,7.21,35.93
22,-11.98739751459555,21.099586871525833,2025-05-14 09:00:00,105,9.31,41.26
22,-11.98739751459555,21.099586871525833,2025-05-14 12:00:00,108,9.51,42.75
22,-11.98739751459555,21.099586871525833,2025-05-14 15:00:00,111,7.14,46.69
22,-11.98739751459555,21.099586871525833,2025-05-14 18:00:00,114,5.95,38.19
22,-11.98739751459555,21.099586871525833,2025-05-14 21:00:00,117,6.09,44.64
23,-11.5066286601582,21.085199759902284,2025-05-10 00:00:00,0,6.36,22.14
23,-11.5066286601582,21.085199759902284,2025-05-10 03:00:00,3,6.3,24.82
23,-11.5066286601582,21.085199759902284,2025-05-10 06:00:00,6,8.45,38.05
23,-11.5066286601582,21.085199759902284,2025-05-10 09:00:00,9,7.18,37.0
23,-11.5066286601582,21.085199759902284,2025-05-10 12:00:00,12,6.23,42.93
23,-11.5066286601582,21.085199759902284,2025-05-10 15:00:00,15,8.85,44.38
23,-11.5066286601582,21.085199759902284,2025-05-10 18:00:00,18,6.28,43.07
23,-11.5066286601582,21.085199759902284,2025-05-10 21:00:00,21,5.42,36.56
23,-11.5066286601582,21.085199759902284,2025-05-11 00:00:00,24,5.75,35.85
23,-11.5066286601582,21.085199759902284,2025-05-11 03:00:00,27,5.6,32.15
23,-11.5066286601582,21.085199759902284,2025-05-11 06:00:00,30,2.82,26.91
23,-11.5066286601582,21.085199759902284,2025-05-11 09:00:00,33,3.29,23.77
23,-11.5066286601582,21.085199759902284,2025-05-11 12:00:00,36,3.64,17.73
23,-11.5066286601582,21.085199759902284,2025-05-11 15:00:00,39,1.23,12.39
23,-11.5066286601582,21.085199759902284,2025-05-11 18:00:00,42,2.76,18.64
23,-11.5066286601582,21.085199759902284,2025-05-11 21:00:00,45,4.33,18.49
23,-11.5066286601582,21.085199759902284,2025-05-12 00:00:00,48,6.0,27.6
23,-11.5066286601582,21.085199759902284,2025-05-12 03:00:00,51,7.67,33.15
23,-11.5066286601582,21.085199759902284,2025-05-12 06:00:00,54,5.19,27.3
23,-11.5066286601582,21.085199759902284,2025-05-12 09:00:00,57,9.37,44.92
23,-11.5066286601582,21.085199759902284,2025-05-12 12:00:00,60,9.64,43.25
23,-11.5066286601582,21.085199759902284,2025-05-12 15:00:00,63,9.72,46.64
23,-11.5066286601582,21.085199759902284,2025-05-12 18:00:00,66,5.62,38.2
23,-11.5066286601582,21.085199759902284,2025-05-12 21:00:00,69,5.16,36.68
23,-11.5066286601582,21.085199759902284,2025-05-13 00:00:00,72,3.72,30.74
23,-11.5066286601582,21.085199759902284,2025-05-13 03:00:00,75,2.1,31.58
23,-11.5066286601582,21.085199759902284,2025-05-13 06:00:00,78,1.69,23.74
23,-11.5066286601582,21.085199759902284,2025-05-13 09:00:00,81,3.66,25.84
23,-11.5066286601582,21.085199759902284,2025-05-13 12:00:00,84,1.57,15.61
23,-11.5066286601582,21.085199759902284,2025-05-13 15:00:00,87,4.15,17.03
23,-11.5066286601582,21.085199759902284,2025-05-13 18:00:00,90,3.29,12.61
23,-11.5066286601582,21.085199759902284,2025-05-13 21:00:00,93,5.11,17.36
23,-11.5066286601582,21.085199759902284,2025-05-14 00:00:00,96,5.8,20.72
23,-11.5066286601582,21.085199759902284,2025-05-14 03:00:00,99,5.22,26.73
23,-11.5066286601582,21.085199759902284,2025-05-14 06:00:00,102,6.02,30.69
23,-11.5066286601582,21.085199759902284,2025-05-14 09:00:00,105,6.8,35.69
23,-11.5066286601582,21.085199759902284,2025-05-14 12:00:00,108,7.12,44.32
23,-11.5066286601582,21.085199759902284,2025-05-14 15:00:00,111,6.6,39.55
23,-11.5066286601582,21.085199759902284,2025-05-14 18:00:00,114,6.11,41.37
23,-11.5066286601582,21.085199759902284,2025-05-14 21:00:00,117,8.13,47.22
24,-11.941335559217142,21.645395585556127,2025-05-10 00:00:00,0,6.49,23.93
24,-11.941335559217142,21.645395585556127,2025-05-10 03:00:00,3,4.72,22.85
24,-11.941335559217142,21.645395585556127,2025-05-10 06:00:00,6,8.15,36.19
24,-11.941335559217142,21.645395585556127,2025-05-10 09:00:00,9,6.58,35.15
24,-11.941335559217142,21.645395585556127,2025-05-10 12:00:00,12,8.18,42.87
24,-11.941335559217142,21.645395585556127,2025-05-10 15:00:00,15,8.8,43.43
24,-11.941335559217142,21.645395585556127,2025-05-10 18:00:00,18,8.1,46.61
24,-11.941335559217142,21.645395585556127,2025-05-10 21:00:00,21,7.93,43.06
24,-11.941335559217142,21.645395585556127,2025-05-11 00:00:00,24,4.95,33.11
24,-11.941335559217142,21.645395585556127,2025-05-11 03:00:00,27,4.31,31.98
24,-11.941335559217142,21.645395585556127,2025-05-11 06:00:00,30,3.66,27.99
24,-11.941335559217142,21.645395585556127,2025-05-11 09:00:00,33,2.13,19.51
24,-11.941335559217142,21.645395585556127,2025-05-11 12:00:00,36,0.2,12.17
24,-11.941335559217142,21.645395585556127,2025-05-11 15:00:00,39,2.08,14.63
24,-11.941335559217142,21.645395585556127,2025-05-11 18:00:00,42,3.73,20.27
24,-11.941335559217142,21.645395585556127,2025-05-11 21:00:00,45,4.16,18.97
24,-11.941335559217142,21.645395585556127,2025-05-12 00:00:00,48,3.24,22.26
24,-11.941335559217142,21.645395585556127,2025-05-12 03:00:00,51,4.33,25.83
24,-11.941335559217142,21.645395585556127,2025-05-12 06:00:00,54,8.32,34.09
24,-11.941335559217142,21.645395585556127,2025-05-12 09:00:00,57,6.03,37.3
24,-11.941335559217142,21.645395585556127,2025-05-12 12:00:00,60,7.31,44.04
24,-11.941335559217142,21.645395585556127,2025-05-12 15:00:00,63,9.06,49.09
24,-11.941335559217142,21.645395585556127,2025-05-12 18:00:00,66,8.06,48.83
24,-11.941335559217142,21.645395585556127,2025-05-12 21:00:00,69,8.14,41.99
24,-11.941335559217142,21.645395585556127,2025-05-13 00:00:00,72,3.38,34.76
24,-11.941335559217142,21.645395585556127,2025-05-13 03:00:00,75,5.72,35.55
24,-11.941335559217142,21.645395585556127,2025-05-13 06:00:00,78,2.29,23.15
24,-11.941335559217142,21.645395585556127,2025-05-13 09:00:00,81,2.66,18.65
24,-11.941335559217142,21.645395585556127,2025-05-13 12:00:00,84,2.46,21.0
24,-11.941335559217142,21.645395585556127,2025-05-13 15:00:00,87,2.1,17.62
24,-11.941335559217142,21.645395585556127,2025-05-13 18:00:00,90,2.49,16.82
24,-11.941335559217142,21.645395585556127,2025-05-13 21:00:00,93,4.2,18.5
24,-11.941335559217142,21.645395585556127,2025-05-14 00:00:00,96,4.88,23.21
24,-11.941335559217142,21.645395585556127,2025-05-14 03:00:00,99,6.79,33.11
24,-11.941335559217142,21.645395585556127,2025-05-14 06:00:00,102,8.14,38.25
24,-11.941335559217142,21.645395585556127,2025-05-14 09:00:00,105,7.5,38.15
24,-11.941335559217142,21.645395585556127,2025-05-14 12:00:00,108,9.73,48.56
24,-11.941335559217142,21.645395585556127,2025-05-14 15:00:00,111,7.24,43.24
24,-11.941335559217142,21.645395585556127,2025-05-14 18:00:00,114,7.45,47.09
24,-11.941335559217142,21.645395585556127,2025-05-14 21:00:00,117,5.58,42.81
25,-11.727708839963741,21.233943360984412,2025-05-10 00:00:00,0,3.31,21.2
25,-11.727708839963741,21.233943360984412,2025-05-10 03:00:00,3,6.26,26.4
25,-11.727708839963741,21.233943360984412,2025-05-10 06:00:00,6,9.11,39.59
25,-11.727708839963741,21.233943360984412,2025-05-10 09:00:00,9,6.35,33.23
25,-11.727708839963741,21.233943360984412,2025-05-10 12:00:00,12,8.68,45.45
25,-11.727708839963741,21.233943360984412,2025-05-10 15:00:00,15,7.32,47.27
25,-11.727708839963741,21.233943360984412,2025-05-10 18:00:00,18,7.6,47.61
25,-11.727708839963741,21.233943360984412,2025-05-10 21:00:00,21,7.28,46.43
25,-11.727708839963741,21.233943360984412,2025-05-11 00:00:00,24,3.76,36.46
25,-11.727708839963741,21.233943360984412,2025-05-11 03:00:00,27,2.24,24.98
25,-11.727708839963741,21.233943360984412,2025-05-11 06:00:00,30,3.97,24.15
25,-11.727708839963741,21.233943360984412,2025-05-11 09:00:00,33,0.99,17.92
25,-11.727708839963741,21.233943360984412,2025-05-11 12:00:00,36,0.78,11.6
25,-11.727708839963741,21.233943360984412,2025-05-11 15:00:00,39,2.83,12.68
25,-11.727708839963741,21.233943360984412,2025-05-11 18:00:00,42,4.06,17.33
25,-11.727708839963741,21.233943360984412,2025-05-11 21:00:00,45,1.9,16.64
25,-11.727708839963741,21.233943360984412,2025-05-12 00:00:00,48,6.38,26.45
25,-11.727708839963741,21.233943360984412,2025-05-12 03:00:00,51,7.56,29.24
25,-11.727708839963741,21.233943360984412,2025-05-12 06:00:00,54,5.28,26.78
25,-11.727708839963741,21.233943360984412,2025-05-12 09:00:00,57,9.28,44.23
25,-11.727708839963741,21.233943360984412,2025-05-12 12:00:00,60,9.98,44.32
25,-11.727708839963741,21.233943360984412,2025-05-12 15:00:00,63,8.76,50.73
25,-11.727708839963741,21.233943360984412,2025-05-12 18:00:00,66,7.72,41.69
25,-11.727708839963741,21.233943360984412,2025-05-12 21:00:00,69,4.96,35.3
25,-11.727708839963741,21.233943360984412,2025-05-13 00:00:00,72,5.83,38.91
25,-11.727708839963741,21.233943360984412,2025-05-13 03:00:00,75,4.16,34.09
25,-11.727708839963741,21.233943360984412,2025-05-13 06:00:00,78,2.19,23.01
25,-11.727708839963741,21.233943360984412,2025-05-13 09:00:00,81,3.55,24.88
25,-11.727708839963741,21.233943360984412,2025-05-13 12:00:00,84,3.7,17.37
25,-11.727708839963741,21.233943360984412,2025-05-13 15:00:00,87,2.68,13.16
25,-11.727708839963741,21.233943360984412,2025-05-13 18:00:00,90,2.16,14.99
25,-11.727708839963741,21.233943360984412,2025-05-13 21:00:00,93,2.44,14.75
25,-11.727708839963741,21.233943360984412,2025-05-14 00:00:00,96,5.44,25.82
25,-11.727708839963741,21.233943360984412,2025-05-14 03:00:00,99,7.22,27.62
25,-11.727708839963741,21.233943360984412,2025-05-14 06:00:00,102,8.64,36.7
25,-11.727708839963741,21.233943360984412,2025-05-14 09:00:00,105,9.18,45.11
25,-11.727708839963741,21.233943360984412,2025-05-14 12:00:00,108,8.05,44.09
25,-11.727708839963741,21.233943360984412,2025-05-14 15:00:00,111,9.26,45.99
25,-11.727708839963741,21.233943360984412,2025-05-14 18:00:00,114,7.98,44.7
25,-11.727708839963741,21.233943360984412,2025-05-14 21:00:00,117,7.15,39.62
26,-11.823498260200827,21.074477116279404,2025-05-10 00:00:00,0,4.49,18.5
26,-11.823498260200827,21.074477116279404,2025-05-10 03:00:00,3,6.17,32.46
26,-11.823498260200827,21.074477116279404,2025-05-10 06:00:00,6,6.84,31.2
26,-11.823498260200827,21.074477116279404,2025-05-10 09:00:00,9,9.59,45.32
26,-11.823498260200827,21.074477116279404,2025-05-10 12:00:00,12,7.91,39.73
26,-11.823498260200827,21.074477116279404,2025-05-10 15:00:00,15,7.38,45.02
26,-11.823498260200827,21.074477116279404,2025-05-10 18:00:00,18,8.07,47.48
26,-11.823498260200827,21.074477116279404,2025-05-10 21:00:00,21,7.45,46.82
26,-11.823498260200827,21.074477116279404,2025-05-11 00:00:00,24,5.47,37.7
26,-11.823498260200827,21.074477116279404,2025-05-11 03:00:00,27,5.26,30.7
26,-11.823498260200827,21.074477116279404,2025-05-11 06:00:00,30,4.04,32.07
26,-11.823498260200827,21.074477116279404,2025-05-11 09:00:00,33,3.87,22.66
26,-11.823498260200827,21.074477116279404,2025-05-11 12:00:00,36,2.87,20.89
26,-11.823498260200827,21.074477116279404,2025-05-11 15:00:00,39,2.97,13.75
26,-11.823498260200827,21.074477116279404,2025-05-11 18:00:00,42,3.68,19.62
26,-11.823498260200827,21.074477116279404,2025-05-11 21:00:00,45,5.11,20.93
26,-11.823498260200827,21.074477116279404,2025-05-12 00:00:00,48,5.22,24.98
26,-11.823498260200827,21.074477116279404,2025-05-12 03:00:00,51,6.85,32.94
26,-11.823498260200827,21.074477116279404,2025-05-12 06:00:00,54,8.53,40.47
26,-11.823498260200827,21.074477116279404,2025-05-12 09:00:00,57,9.6,45.43
26,-11.823498260200827,21.074477116279404,2025-05-12 12:00:00,60,6.74,41.79
26,-11.823498260200827,21.074477116279404,2025-05-12 15:00:00,63,9.68,51.56
26,-11.823498260200827,21.074477116279404,2025-05-12 18:00:00,66,5.54,42.45
26,-11.823498260200827,21.074477116279404,2025-05-12 21:00:00,69,7.06,39.63
26,-11.823498260200827,21.074477116279404,2025-05-13 00:00:00,72,3.19,32.93
26,-11.823498260200827,21.074477116279404,2025-05-13 03:00:00,75,3.69,30.26
26,-11.823498260200827,21.074477116279404,2025-05-13 06:00:00,78,3.0,23.58
26,-11.823498260200827,21.074477116279404,2025-05-13 09:00:00,81,1.4,21.3
26,-11.823498260200827,21.074477116279404,2025-05-13 12:00:00,84,2.72,14.8
26,-11.823498260200827,21.074477116279404,2025-05-13 15:00:00,87,0.54,11.77
26,-11.823498260200827,21.074477116279404,2025-05-13 18:00:00,90,3.23,18.36
26,-11.823498260200827,21.074477116279404,2025-05-13 21:00:00,93,2.33,14.14
26,-11.823498260200827,21.074477116279404,2025-05-14 00:00:00,96,4.07,21.69
26,-11.823498260200827,21.074477116279404,2025-05-14 03:00:00,99,6.07,31.92
26,-11.823498260200827,21.074477116279404,2025-05-14 06:00:00,102,8.27,38.23
26,-11.823498260200827,21.074477116279404,2025-05-14 09:00:00,105,9.06,43.91
26,-11.823498260200827,21.074477116279404,2025-05-14 12:00:00,108,9.15,45.87
26,-11.823498260200827,21.074477116279404,2025-05-14 15:00:00,111,8.56,48.64
26,-11.823498260200827,21.074477116279404,2025-05-14 18:00:00,114,8.48,48.24
26,-11.823498260200827,21.074477116279404,2025-05-14 21:00:00,117,4.5,38.15
27,-11.579423914570189,21.331925302396055,2025-05-10 00:00:00,0,6.87,30.03
27,-11.579423914570189,21.331925302396055,2025-05-10 03:00:00,3,8.13,33.24
27,-11.579423914570189,21.331925302396055,2025-05-10 06:00:00,6,7.15,31.02
27,-11.579423914570189,21.331925302396055,2025-05-10 09:00:00,9,6.36,37.58
27,-11.579423914570189,21.331925302396055,2025-05-10 12:00:00,12,7.87,45.98
27,-11.579423914570189,21.331925302396055,2025-05-10 15:00:00,15,5.97,42.86
27,-11.579423914570189,21.331925302396055,2025-05-10 18:00:00,18,5.79,42.71
27,-11.579423914570189,21.331925302396055,2025-05-10 21:00:00,21,5.35,40.21
27,-11.579423914570189,21.331925302396055,2025-05-11 00:00:00,24,5.25,38.31
27,-11.579423914570189,21.331925302396055,2025-05-11 03:00:00,27,2.31,31.17
27,-11.579423914570189,21.331925302396055,2025-05-11 06:00:00,30,3.37,26.23
27,-11.579423914570189,21.331925302396055,2025-05-11 09:00:00,33,0.42,16.01
27,-11.579423914570189,21.331925302396055,2025-05-11 12:00:00,36,2.48,17.85
27,-11.579423914570189,21.331925302396055,2025-05-11 15:00:00,39,4.05,22.05
27,-11.579423914570189,21.331925302396055,2025-05-11 18:00:00,42,1.43,13.05
27,-11.579423914570189,21.331925302396055,2025-05-11 21:00:00,45,3.82,17.43
27,-11.579423914570189,21.331925302396055,2025-05-12 00:00:00,48,6.41,24.99
27,-11.579423914570189,21.331925302396055,2025-05-12 03:00:00,51,4.75,28.32
27,-11.579423914570189,21.331925302396055,2025-05-12 06:00:00,54,8.2,33.24
27,-11.579423914570189,21.331925302396055,2025-05-12 09:00:00,57,7.99,36.37
27,-11.579423914570189,21.331925302396055,2025-05-12 12:00:00,60,8.07,42.1
27,-11.579423914570189,21.331925302396055,2025-05-12 15:00:00,63,7.76,44.41
27,-11.579423914570189,21.331925302396055,2025-05-12 18:00:00,66,8.33,44.25
27,-11.579423914570189,21.331925302396055,2025-05-12 21:00:00,69,5.82,41.66
27,-11.579423914570189,21.331925302396055,2025-05-13 00:00:00,72,3.29,33.5
27,-11.579423914570189,21.331925302396055,2025-05-13 03:00:00,75,3.21,26.48
27,-11.579423914570189,21.331925302396055,2025-05-13 06:00:00,78,4.34,29.15
27,-11.579423914570189,21.331925302396055,2025-05-13 09:00:00,81,2.3,22.7
27,-11.579423914570189,21.331925302396055,2025-05-13 12:00:00,84,1.4,16.49
27,-11.579423914570189,21.331925302396055,2025-05-13 15:00:00,87,3.14,18.87
27,-11.579423914570189,21.331925302396055,2025-05-13 18:00:00,90,3.69,14.13
27,-11.579423914570189,21.331925302396055,2025-05-13 21:00:00,93,3.83,19.68
27,-11.579423914570189,21.331925302396055,2025-05-14 00:00:00,96,4.39,25.56
27,-11.579423914570189,21.331925302396055,2025-05-14 03:00:00,99,7.85,28.97
27,-11.579423914570189,21.331925302396055,2025-05-14 06:00:00,102,8.83,36.4
27,-11.579423914570189,21.331925302396055,2025-05-14 09:00:00,105,9.63,40.47
27,-11.579423914570189,21.331925302396055,2025-05-14 12:00:00,108,9.38,47.44
27,-11.579423914570189,21.331925302396055,2025-05-14 15:00:00,111,8.76,47.69
27,-11.579423914570189,21.331925302396055,2025-05-14 18:00:00,114,8.03,48.89
27,-11.579423914570189,21.331925302396055,2025-05-14 21:00:00,117,5.81,43.49
28,-11.532827885994015,21.422545413808443,2025-05-10 00:00:00,0,6.97,29.57
28,-11.532827885994015,21.422545413808443,2025-05-10 03:00:00,3,4.37,26.31
28,-11.532827885994015,21.422545413808443,2025-05-10 06:00:00,6,6.76,34.04
28,-11.532827885994015,21.422545413808443,2025-05-10 09:00:00,9,6.82,38.93
28,-11.532827885994015,21.422545413808443,2025-05-10 12:00:00,12,7.96,41.2
28,-11.532827885994015,21.422545413808443,2025-05-10 15:00:00,15,7.56,45.88
28,-11.532827885994015,21.422545413808443,2025-05-10 18:00:00,18,7.19,43.22
28,-11.532827885994015,21.422545413808443,2025-05-10 21:00:00,21,5.81,39.16
28,-11.532827885994015,21.422545413808443,2025-05-11 00:00:00,24,3.49,30.25
28,-11.532827885994015,21.422545413808443,2025-05-11 03:00:00,27,5.19,31.13
28,-11.532827885994015,21.422545413808443,2025-05-11 06:00:00,30,3.24,29.85
28,-11.532827885994015,21.422545413808443,2025-05-11 09:00:00,33,1.21,16.93
28,-11.532827885994015,21.422545413808443,2025-05-11 12:00:00,36,1.41,15.64
28,-11.532827885994015,21.422545413808443,2025-05-11 15:00:00,39,3.12,16.58
28,-11.532827885994015,21.422545413808443,2025-05-11 18:00:00,42,4.62,17.63
28,-11.532827885994015,21.422545413808443,2025-05-11 21:00:00,45,3.2,19.9
28,-11.532827885994015,21.422545413808443,2025-05-12 00:00:00,48,3.62,23.85
28,-11.532827885994015,21.422545413808443,2025-05-12 03:00:00,51,7.99,35.29
28,-11.532827885994015,21.422545413808443,2025-05-12 06:00:00,54,7.45,34.67
28,-11.532827885994015,21.422545413808443,2025-05-12 09:00:00,57,8.15,43.48
28,-11.532827885994015,21.422545413808443,2025-05-12 12:00:00,60,6.61,41.1
28,-11.532827885994015,21.422545413808443,2025-05-12 15:00:00,63,8.09,41.96
28,-11.532827885994015,21.422545413808443,2025-05-12 18:00:00,66,5.35,41.85
28,-11.532827885994015,21.422545413808443,2025-05-12 21:00:00,69,5.94,43.51
28,-11.532827885994015,21.422545413808443,2025-05-13 00:00:00,72,6.52,37.51
28,-11.532827885994015,21.422545413808443,2025-05-13 03:00:00,75,5.69,33.08
28,-11.532827885994015,21.422545413808443,2025-05-13 06:00:00,78,4.36,32.61
28,-11.532827885994015,21.422545413808443,2025-05-13 09:00:00,81,3.27,23.96
28,-11.532827885994015,21.422545413808443,2025-05-13 12:00:00,84,3.29,17.28
28,-11.532827885994015,21.422545413808443,2025-05-13 15:00:00,87,0.53,14.1
28,-11.532827885994015,21.422545413808443,2025-05-13 18:00:00,90,2.22,13.35
28,-11.532827885994015,21.422545413808443,2025-05-13 21:00:00,93,2.44,14.96
28,-11.532827885994015,21.422545413808443,2025-05-14 00:00:00,96,4.28,25.14
28,-11.532827885994015,21.422545413808443,2025-05-14 03:00:00,99,7.75,32.12
28,-11.532827885994015,21.422545413808443,2025-05-14 06:00:00,102,6.57,29.84
28,-11.532827885994015,21.422545413808443,2025-05-14 09:00:00,105,7.26,40.06
28,-11.532827885994015,21.422545413808443,2025-05-14 12:00:00,108,9.89,47.97
28,-11.532827885994015,21.422545413808443,2025-05-14 15:00:00,111,8.52,46.03
28,-11.532827885994015,21.422545413808443,2025-05-14 18:00:00,114,5.43,37.24
28,-11.532827885994015,21.422545413808443,2025-05-14 21:00:00,117,4.49,41.69
29,-11.555199539959506,21.17065787460189,2025-05-10 00:00:00,0,5.37,26.27
29,-11.555199539959506,21.17065787460189,2025-05-10 03:00:00,3,4.44,29.05
29,-11.555199539959506,21.17065787460189,2025-05-10 06:00:00,6,8.41,40.34
29,-11.555199539959506,21.17065787460189,2025-05-10 09:00:00,9,6.23,36.0
29,-11.555199539959506,21.17065787460189,2025-05-10 12:00:00,12,8.5,41.13
29,-11.555199539959506,21.17065787460189,2025-05-10 15:00:00,15,8.62,49.83
29,-11.555199539959506,21.17065787460189,2025-05-10 18:00:00,18,5.38,38.29
29,-11.555199539959506,21.17065787460189,2025-05-10 21:00:00,21,5.53,37.0
29,-11.555199539959506,21.17065787460189,2025-05-11 00:00:00,24,6.34,40.96
29,-11.555199539959506,21.17065787460189,2025-05-11 03:00:00,27,3.77,33.38
29,-11.555199539959506,21.17065787460189,2025-05-11 06:00:00,30,2.78,22.05
29,-11.555199539959506,21.17065787460189,2025-05-11 09:00:00,33,1.6,17.09
29,-11.555199539959506,21.17065787460189,2025-05-11 12:00:00,36,0.88,12.52
29,-11.555199539959506,21.17065787460189,2025-05-11 15:00:00,39,3.1,15.95
29,-11.555199539959506,21.17065787460189,2025-05-11 18:00:00,42,2.66,12.26
29,-11.555199539959506,21.17065787460189,2025-05-11 21:00:00,45,5.28,21.9
29,-11.555199539959506,21.17065787460189,2025-05-12 00:00:00,48,6.66,27.69
29,-11.555199539959506,21.17065787460189,2025-05-12 03:00:00,51,6.07,26.12
29,-11.555199539959506,21.17065787460189,2025-05-12 06:00:00,54,7.91,36.91
29,-11.555199539959506,21.17065787460189,2025-05-12 09:00:00,57,8.67,38.82
29,-11.555199539959506,21.17065787460189,2025-05-12 12:00:00,60,8.64,46.48
29,-11.555199539959506,21.17065787460189,2025-05-12 15:00:00,63,5.99,44.37
29,-11.555199539959506,21.17065787460189,2025-05-12 18:00:00,66,8.75,47.27
29,-11.555199539959506,21.17065787460189,2025-05-12 21:00:00,69,5.23,39.84
29,-11.555199539959506,21.17065787460189,2025-05-13 00:00:00,72,3.87,36.46
29,-11.555199539959506,21.17065787460189,2025-05-13 03:00:00,75,4.28,28.92
29,-11.555199539959506,21.17065787460189,2025-05-13 06:00:00,78,3.38,24.99
29,-11.555199539959506,21.17065787460189,2025-05-13 09:00:00,81,2.97,20.42
29,-11.555199539959506,21.17065787460189,2025-05-13 12:00:00,84,3.53,22.37
29,-11.555199539959506,21.17065787460189,2025-05-13 15:00:00,87,3.5,19.16
29,-11.555199539959506,21.17065787460189,2025-05-13 18:00:00,90,0.95,10.18
29,-11.555199539959506,21.17065787460189,2025-05-13 21:00:00,93,2.7,17.1
29,-11.555199539959506,21.17065787460189,2025-05-14 00:00:00,96,3.29,16.84
29,-11.555199539959506,21.17065787460189,2025-05-14 03:00:00,99,5.49,29.24
29,-11.555199539959506,21.17065787460189,2025-05-14 06:00:00,102,6.06,34.14
29,-11.555199539959506,21.17065787460189,2025-05-14 09:00:00,105,8.8,39.79
29,-11.555199539959506,21.17065787460189,2025-05-14 12:00:00,108,8.65,42.46
29,-11.555199539959506,21.17065787460189,2025-05-14 15:00:00,111,7.81,46.93
29,-11.555199539959506,21.17065787460189,2025-05-14 18:00:00,114,7.88,44.02
29,-11.555199539959506,21.17065787460189,2025-05-14 21:00:00,117,7.58,47.23
30,-11.256751681717072,21.043103768110306,2025-05-10 00:00:00,0,5.55,23.62
30,-11.256751681717072,21.043103768110306,2025-05-10 03:00:00,3,6.52,29.37
30,-11.256751681717072,21.043103768110306,2025-05-10 06:00:00,6,8.05,37.54
30,-11.256751681717072,21.043103768110306,2025-05-10 09:00:00,9,8.99,43.71
30,-11.256751681717072,21.043103768110306,2025-05-10 12:00:00,12,7.29,40.25
30,-11.256751681717072,21.043103768110306,2025-05-10 15:00:00,15,8.27,45.08
30,-11.256751681717072,21.043103768110306,2025-05-10 18:00:00,18,5.6,43.18
30,-11.256751681717072,21.043103768110306,2025-05-10 21:00:00,21,5.4,43.54
30,-11.256751681717072,21.043103768110306,2025-05-11 00:00:00,24,6.92,41.8
30,-11.256751681717072,21.043103768110306,2025-05-11 03:00:00,27,3.73,30.35
30,-11.256751681717072,21.043103768110306,2025-05-11 06:00:00,30,2.23,20.57
30,-11.256751681717072,21.043103768110306,2025-05-11 09:00:00,33,2.29,22.96
30,-11.256751681717072,21.043103768110306,2025-05-11 12:00:00,36,0.25,12.95
30,-11.256751681717072,21.043103768110306,2025-05-11 15:00:00,39,3.9,21.18
30,-11.256751681717072,21.043103768110306,2025-05-11 18:00:00,42,3.46,16.46
30,-11.256751681717072,21.043103768110306,2025-05-11 21:00:00,45,4.81,22.82
30,-11.256751681717072,21.043103768110306,2025-05-12 00:00:00,48,5.41,20.0
30,-11.256751681717072,21.043103768110306,2025-05-12 03:00:00,51,7.16,26.9
30,-11.256751681717072,21.043103768110306,2025-05-12 06:00:00,54,8.25,40.43
30,-11.256751681717072,21.043103768110306,2025-05-12 09:00:00,57,9.68,42.76
30,-11.256751681717072,21.043103768110306,2025-05-12 12:00:00,60,7.84,45.93
30,-11.256751681717072,21.043103768110306,2025-05-12 15:00:00,63,9.09,50.3
30,-11.256751681717072,21.043103768110306,2025-05-12 18:00:00,66,9.04,45.71
30,-11.256751681717072,21.043103768110306,2025-05-12 21:00:00,69,5.74,41.0
30,-11.256751681717072,21.043103768110306,2025-05-13 00:00:00,72,4.82,35.69
30,-11.256751681717072,21.043103768110306,2025-05-13 03:00:00,75,3.35,34.5
30,-11.256751681717072,21.043103768110306,2025-05-13 06:00:00,78,3.48,28.44
30,-11.256751681717072,21.043103768110306,2025-05-13 09:00:00,81,0.45,14.98
30,-11.256751681717072,21.043103768110306,2025-05-13 12:00:00,84,1.39,14.97
30,-11.256751681717072,21.043103768110306,2025-05-13 15:00:00,87,0.88,10.34
30,-11.256751681717072,21.043103768110306,2025-05-13 18:00:00,90,3.58,16.05
30,-11.256751681717072,21.043103768110306,2025-05-13 21:00:00,93,5.55,22.89
30,-11.256751681717072,21.043103768110306,2025-05-14 00:00:00,96,6.03,25.48
30,-11.256751681717072,21.043103768110306,2025-05-14 03:00:00,99,5.77,29.32
30,-11.256751681717072,21.043103768110306,2025-05-14 06:00:00,102,7.48,34.07
30,-11.256751681717072,21.043103768110306,2025-05-14 09:00:00,105,7.74,41.45
30,-11.256751681717072,21.043103768110306,2025-05-14 12:00:00,108,9.21,42.38
30,-11.256751681717072,21.043103768110306,2025-05-14 15:00:00,111,7.61,47.83
30,-11.256751681717072,21.043103768110306,2025-05-14 18:00:00,114,6.01,40.35
30,-11.256751681717072,21.043103768110306,2025-05-14 21:00:00,117,5.98,38.48
31,-11.296994537851177,21.010634841319774,2025-05-10 00:00:00,0,5.04,20.27
31,-11.296994537851177,21.010634841319774,2025-05-10 03:00:00,3,6.24,27.17
31,-11.296994537851177,21.010634841319774,2025-05-10 06:00:00,6,5.37,33.29
31,-11.296994537851177,21.010634841319774,2025-05-10 09:00:00,9,8.06,40.76
31,-11.296994537851177,21.010634841319774,2025-05-10 12:00:00,12,9.55,49.24
31,-11.296994537851177,21.010634841319774,2025-05-10 15:00:00,15,9.62,52.27
31,-11.296994537851177,21.010634841319774,2025-05-10 18:00:00,18,5.18,41.67
31,-11.296994537851177,21.010634841319774,2025-05-10 21:00:00,21,5.45,40.29
31,-11.296994537851177,21.010634841319774,2025-05-11 00:00:00,24,6.42,41.91
31,-11.296994537851177,21.010634841319774,2025-05-11 03:00:00,27,3.28,33.43
31,-11.296994537851177,21.010634841319774,2025-05-11 06:00:00,30,0.91,20.37
31,-11.296994537851177,21.010634841319774,2025-05-11 09:00:00,33,2.44,17.76
31,-11.296994537851177,21.010634841319774,2025-05-11 12:00:00,36,0.64,17.45
31,-11.296994537851177,21.010634841319774,2025-05-11 15:00:00,39,1.16,16.61
31,-11.296994537851177,21.010634841319774,2025-05-11 18:00:00,42,2.46,17.96
31,-11.296994537851177,21.010634841319774,2025-05-11 21:00:00,45,1.94,15.0
31,-11.296994537851177,21.010634841319774,2025-05-12 00:00:00,48,6.21,25.32
31,-11.296994537851177,21.010634841319774,2025-05-12 03:00:00,51,5.26,27.31
31,-11.296994537851177,21.010634841319774,2025-05-12 06:00:00,54,7.19,32.64
31,-11.296994537851177,21.010634841319774,2025-05-12 09:00:00,57,6.7,33.36
31,-11.296994537851177,21.010634841319774,2025-05-12 12:00:00,60,8.8,45.14
31,-11.296994537851177,21.010634841319774,2025-05-12 15:00:00,63,7.51,42.32
31,-11.296994537851177,21.010634841319774,2025-05-12 18:00:00,66,8.59,46.41
31,-11.296994537851177,21.010634841319774,2025-05-12 21:00:00,69,7.32,43.22
31,-11.296994537851177,21.010634841319774,2025-05-13 00:00:00,72,3.99,34.66
31,-11.296994537851177,21.010634841319774,2025-05-13 03:00:00,75,2.88,31.75
31,-11.296994537851177,21.010634841319774,2025-05-13 06:00:00,78,2.61,24.24
31,-11.296994537851177,21.010634841319774,2025-05-13 09:00:00,81,4.0,21.12
31,-11.296994537851177,21.010634841319774,2025-05-13 12:00:00,84,0.46,13.32
31,-11.296994537851177,21.010634841319774,2025-05-13 15:00:00,87,1.32,17.01
31,-11.296994537851177,21.010634841319774,2025-05-13 18:00:00,90,1.01,11.55
31,-11.296994537851177,21.010634841319774,2025-05-13 21:00:00,93,2.38,17.16
31,-11.296994537851177,21.010634841319774,2025-05-14 00:00:00,96,5.31,26.11
31,-11.296994537851177,21.010634841319774,2025-05-14 03:00:00,99,4.35,25.9
31,-11.296994537851177,21.010634841319774,2025-05-14 06:00:00,102,8.99,41.16
31,-11.296994537851177,21.010634841319774,2025-05-14 09:00:00,105,7.33,34.93
31,-11.296994537851177,21.010634841319774,2025-05-14 12:00:00,108,6.26,40.57
31,-11.296994537851177,21.010634841319774,2025-05-14 15:00:00,111,5.83,41.38
31,-11.296994537851177,21.010634841319774,2025-05-14 18:00:00,114,7.56,45.73
31,-11.296994537851177,21.010634841319774,2025-05-14 21:00:00,117,7.9,43.65
32,-11.48453024593381,21.643119573061202,2025-05-10 00:00:00,0,3.27,16.01
32,-11.48453024593381,21.643119573061202,2025-05-10 03:00:00,3,4.17,28.0
32,-11.48453024593381,21.643119573061202,2025-05-10 06:00:00,6,8.58,34.33
32,-11.48453024593381,21.643119573061202,2025-05-10 09:00:00,9,5.99,39.13
32,-11.48453024593381,21.643119573061202,2025-05-10 12:00:00,12,8.73,43.87
32,-11.48453024593381,21.643119573061202,2025-05-10 15:00:00,15,9.58,47.39
32,-11.48453024593381,21.643119573061202,2025-05-10 18:00:00,18,8.03,49.35
32,-11.48453024593381,21.643119573061202,2025-05-10 21:00:00,21,7.14,42.58
32,-11.48453024593381,21.643119573061202,2025-05-11 00:00:00,24,5.46,37.12
32,-11.48453024593381,21.643119573061202,2025-05-11 03:00:00,27,3.24,29.99
32,-11.48453024593381,21.643119573061202,2025-05-11 06:00:00,30,2.3,21.45
32,-11.48453024593381,21.643119573061202,2025-05-11 09:00:00,33,1.94,21.67
32,-11.48453024593381,21.643119573061202,2025-05-11 12:00:00,36,2.2,19.47
32,-11.48453024593381,21.643119573061202,2025-05-11 15:00:00,39,0.74,15.68
32,-11.48453024593381,21.643119573061202,2025-05-11 18:00:00,42,2.75,16.95
32,-11.48453024593381,21.643119573061202,2025-05-11 21:00:00,45,5.14,17.15
32,-11.48453024593381,21.643119573061202,2025-05-12 00:00:00,48,4.46,21.9
32,-11.48453024593381,21.643119573061202,2025-05-12 03:00:00,51,5.1,22.67
32,-11.48453024593381,21.643119573061202,2025-05-12 06:00:00,54,5.18,34.22
32,-11.48453024593381,21.643119573061202,2025-05-12 09:00:00,57,6.5,39.82
32,-11.48453024593381,21.643119573061202,2025-05-12 12:00:00,60,9.37,43.68
32,-11.48453024593381,21.643119573061202,2025-05-12 15:00:00,63,8.1,48.84
32,-11.48453024593381,21.643119573061202,2025-05-12 18:00:00,66,9.04,47.29
32,-11.48453024593381,21.643119573061202,2025-05-12 21:00:00,69,6.01,41.17
32,-11.48453024593381,21.643119573061202,2025-05-13 00:00:00,72,6.74,38.4
32,-11.48453024593381,21.643119573061202,2025-05-13 03:00:00,75,3.39,33.72
32,-11.48453024593381,21.643119573061202,2025-05-13 06:00:00,78,1.79,22.97
32,-11.48453024593381,21.643119573061202,2025-05-13 09:00:00,81,3.18,21.34
32,-11.48453024593381,21.643119573061202,2025-05-13 12:00:00,84,0.86,15.98
32,-11.48453024593381,21.643119573061202,2025-05-13 15:00:00,87,1.47,10.53
32,-11.48453024593381,21.643119573061202,2025-05-13 18:00:00,90,2.44,13.61
32,-11.48453024593381,21.643119573061202,2025-05-13 21:00:00,93,1.95,14.67
32,-11.48453024593381,21.643119573061202,2025-05-14 00:00:00,96,3.52,16.57
32,-11.48453024593381,21.643119573061202,2025-05-14 03:00:00,99,4.51,28.97
32,-11.48453024593381,21.643119573061202,2025-05-14 06:00:00,102,8.45,34.65
32,-11.48453024593381,21.643119573061202,2025-05-14 09:00:00,105,9.51,39.64
32,-11.48453024593381,21.643119573061202,2025-05-14 12:00:00,108,8.87,48.71
32,-11.48453024593381,21.643119573061202,2025-05-14 15:00:00,111,8.62,45.25
32,-11.48453024593381,21.643119573061202,2025-05-14 18:00:00,114,6.55,41.08
32,-11.48453024593381,21.643119573061202,2025-05-14 21:00:00,117,5.34,42.02
33,-11.906440336926693,21.57987255863001,2025-05-10 00:00:00,0,4.91,20.48
33,-11.906440336926693,21.57987255863001,2025-05-10 03:00:00,3,4.35,21.25
33,-11.906440336926693,21.57987255863001,2025-05-10 06:00:00,6,8.75,40.37
33,-11.906440336926693,21.57987255863001,2025-05-10 09:00:00,9,5.89,33.39
33,-11.906440336926693,21.57987255863001,2025-05-10 12:00:00,12,9.3,46.19
33,-11.906440336926693,21.57987255863001,2025-05-10 15:00:00,15,8.28,49.39
33,-11.906440336926693,21.57987255863001,2025-05-10 18:00:00,18,8.96,45.07
33,-11.906440336926693,21.57987255863001,2025-05-10 21:00:00,21,7.21,40.87
33,-11.906440336926693,21.57987255863001,2025-05-11 00:00:00,24,6.49,41.31
33,-11.906440336926693,21.57987255863001,2025-05-11 03:00:00,27,4.72,35.38
33,-11.906440336926693,21.57987255863001,2025-05-11 06:00:00,30,2.1,23.95
33,-11.906440336926693,21.57987255863001,2025-05-11 09:00:00,33,1.63,22.23
33,-11.906440336926693,21.57987255863001,2025-05-11 12:00:00,36,0.84,17.42
33,-11.906440336926693,21.57987255863001,2025-05-11 15:00:00,39,1.23,11.9
33,-11.906440336926693,21.57987255863001,2025-05-11 18:00:00,42,3.31,16.98
33,-11.906440336926693,21.57987255863001,2025-05-11 21:00:00,45,5.06,17.95
33,-11.906440336926693,21.57987255863001,2025-05-12 00:00:00,48,3.5,19.23
33,-11.906440336926693,21.57987255863001,2025-05-12 03:00:00,51,5.51,23.24
33,-11.906440336926693,21.57987255863001,2025-05-12 06:00:00,54,8.46,34.49
33,-11.906440336926693,21.57987255863001,2025-05-12 09:00:00,57,6.67,40.19
33,-11.906440336926693,21.57987255863001,2025-05-12 12:00:00,60,9.48,42.98
33,-11.906440336926693,21.57987255863001,2025-05-12 15:00:00,63,9.56,50.96
33,-11.906440336926693,21.57987255863001,2025-05-12 18:00:00,66,5.87,41.37
33,-11.906440336926693,21.57987255863001,2025-05-12 21:00:00,69,4.21,35.14
33,-11.906440336926693,21.57987255863001,2025-05-13 00:00:00,72,4.08,35.37
33,-11.906440336926693,21.57987255863001,2025-05-13 03:00:00,75,2.13,26.51
33,-11.906440336926693,21.57987255863001,2025-05-13 06:00:00,78,4.68,27.9
33,-11.906440336926693,21.57987255863001,2025-05-13 09:00:00,81,0.48,18.58
33,-11.906440336926693,21.57987255863001,2025-05-13 12:00:00,84,1.69,14.49
33,-11.906440336926693,21.57987255863001,2025-05-13 15:00:00,87,1.65,12.56
33,-11.906440336926693,21.57987255863001,2025-05-13 18:00:00,90,3.77,15.97
33,-11.906440336926693,21.57987255863001,2025-05-13 21:00:00,93,5.58,19.13
33,-11.906440336926693,21.57987255863001,2025-05-14 00:00:00,96,4.09,24.33
33,-11.906440336926693,21.57987255863001,2025-05-14 03:00:00,99,4.22,23.78
33,-11.906440336926693,21.57987255863001,2025-05-14 06:00:00,102,7.6,33.62
33,-11.906440336926693,21.57987255863001,2025-05-14 09:00:00,105,7.97,39.7
33,-11.906440336926693,21.57987255863001,2025-05-14 12:00:00,108,6.73,41.15
33,-11.906440336926693,21.57987255863001,2025-05-14 15:00:00,111,8.19,42.1
33,-11.906440336926693,21.57987255863001,2025-05-14 18:00:00,114,5.46,43.91
33,-11.906440336926693,21.57987255863001,2025-05-14 21:00:00,117,4.2,40.92
34,-11.818552691576977,21.319669738743226,2025-05-10 00:00:00,0,4.48,25.03
34,-11.818552691576977,21.319669738743226,2025-05-10 03:00:00,3,5.31,25.42
34,-11.818552691576977,21.319669738743226,2025-05-10 06:00:00,6,6.82,35.47
34,-11.818552691576977,21.319669738743226,2025-05-10 09:00:00,9,6.49,33.71
34,-11.818552691576977,21.319669738743226,2025-05-10 12:00:00,12,7.52,38.86
34,-11.818552691576977,21.319669738743226,2025-05-10 15:00:00,15,7.48,47.71
34,-11.818552691576977,21.319669738743226,2025-05-10 18:00:00,18,6.25,39.86
34,-11.818552691576977,21.319669738743226,2025-05-10 21:00:00,21,5.51,40.47
34,-11.818552691576977,21.319669738743226,2025-05-11 00:00:00,24,6.07,39.04
34,-11.818552691576977,21.319669738743226,2025-05-11 03:00:00,27,3.51,31.35
34,-11.818552691576977,21.319669738743226,2025-05-11 06:00:00,30,3.4,27.2
34,-11.818552691576977,21.319669738743226,2025-05-11 09:00:00,33,1.11,14.72
34,-11.818552691576977,21.319669738743226,2025-05-11 12:00:00,36,2.58,18.8
34,-11.818552691576977,21.319669738743226,2025-05-11 15:00:00,39,2.16,11.74
34,-11.818552691576977,21.319669738743226,2025-05-11 18:00:00,42,2.18,10.6
34,-11.818552691576977,21.319669738743226,2025-05-11 21:00:00,45,1.97,17.38
34,-11.818552691576977,21.319669738743226,2025-05-12 00:00:00,48,3.69,16.68
34,-11.818552691576977,21.319669738743226,2025-05-12 03:00:00,51,5.61,29.8
34,-11.818552691576977,21.319669738743226,2025-05-12 06:00:00,54,5.98,33.17
34,-11.818552691576977,21.319669738743226,2025-05-12 09:00:00,57,6.52,39.09
34,-11.818552691576977,21.319669738743226,2025-05-12 12:00:00,60,7.28,38.02
34,-11.818552691576977,21.319669738743226,2025-05-12 15:00:00,63,7.93,43.31
34,-11.818552691576977,21.319669738743226,2025-05-12 18:00:00,66,7.91,48.34
34,-11.818552691576977,21.319669738743226,2025-05-12 21:00:00,69,7.26,46.29
34,-11.818552691576977,21.319669738743226,2025-05-13 00:00:00,72,5.81,37.35
34,-11.818552691576977,21.319669738743226,2025-05-13 03:00:00,75,5.45,32.64
34,-11.818552691576977,21.319669738743226,2025-05-13 06:00:00,78,2.4,28.4
34,-11.818552691576977,21.319669738743226,2025-05-13 09:00:00,81,3.15,19.77
34,-11.818552691576977,21.319669738743226,2025-05-13 12:00:00,84,2.17,14.05
34,-11.818552691576977,21.319669738743226,2025-05-13 15:00:00,87,3.24,20.11
34,-11.818552691576977,21.319669738743226,2025-05-13 18:00:00,90,1.2,8.74
34,-11.818552691576977,21.319669738743226,2025-05-13 21:00:00,93,4.06,14.98
34,-11.818552691576977,21.319669738743226,2025-05-14 00:00:00,96,4.13,19.11
34,-11.818552691576977,21.319669738743226,2025-05-14 03:00:00,99,5.28,26.98
34,-11.818552691576977,21.319669738743226,2025-05-14 06:00:00,102,8.64,34.32
34,-11.818552691576977,21.319669738743226,2025-05-14 09:00:00,105,6.41,38.37
34,-11.818552691576977,21.319669738743226,2025-05-14 12:00:00,108,9.28,42.62
34,-11.818552691576977,21.319669738743226,2025-05-14 15:00:00,111,7.93,47.16
34,-11.818552691576977,21.319669738743226,2025-05-14 18:00:00,114,5.75,42.58
34,-11.818552691576977,21.319669738743226,2025-05-14 21:00:00,117,7.82,44.28
35,-11.752441112629775,21.214400243077364,2025-05-10 00:00:00,0,3.5,21.46
35,-11.752441112629775,21.214400243077364,2025-05-10 03:00:00,3,6.62,28.5
35,-11.752441112629775,21.214400243077364,2025-05-10 06:00:00,6,5.96,30.88
35,-11.752441112629775,21.214400243077364,2025-05-10 09:00:00,9,8.38,38.31
35,-11.752441112629775,21.214400243077364,2025-05-10 12:00:00,12,8.24,46.74
35,-11.752441112629775,21.214400243077364,2025-05-10 15:00:00,15,6.47,44.62
35,-11.752441112629775,21.214400243077364,2025-05-10 18:00:00,18,9.12,46.79
35,-11.752441112629775,21.214400243077364,2025-05-10 21:00:00,21,7.44,44.64
35,-11.752441112629775,21.214400243077364,2025-05-11 00:00:00,24,3.52,37.37
35,-11.752441112629775,21.214400243077364,2025-05-11 03:00:00,27,4.9,36.35
35,-11.752441112629775,21.214400243077364,2025-05-11 06:00:00,30,2.84,29.27
35,-11.752441112629775,21.214400243077364,2025-05-11 09:00:00,33,1.06,17.14
35,-11.752441112629775,21.214400243077364,2025-05-11 12:00:00,36,2.29,13.91
35,-11.752441112629775,21.214400243077364,2025-05-11 15:00:00,39,1.8,17.82
35,-11.752441112629775,21.214400243077364,2025-05-11 18:00:00,42,3.99,21.1
35,-11.752441112629775,21.214400243077364,2025-05-11 21:00:00,45,4.94,24.29
35,-11.752441112629775,21.214400243077364,2025-05-12 00:00:00,48,6.76,25.85
35,-11.752441112629775,21.214400243077364,2025-05-12 03:00:00,51,5.72,29.08
35,-11.752441112629775,21.214400243077364,2025-05-12 06:00:00,54,6.68,29.95
35,-11.752441112629775,21.214400243077364,2025-05-12 09:00:00,57,8.87,44.05
35,-11.752441112629775,21.214400243077364,2025-05-12 12:00:00,60,9.24,44.19
35,-11.752441112629775,21.214400243077364,2025-05-12 15:00:00,63,6.22,40.12
35,-11.752441112629775,21.214400243077364,2025-05-12 18:00:00,66,6.79,41.58
35,-11.752441112629775,21.214400243077364,2025-05-12 21:00:00,69,5.98,40.87
35,-11.752441112629775,21.214400243077364,2025-05-13 00:00:00,72,5.67,39.98
35,-11.752441112629775,21.214400243077364,2025-05-13 03:00:00,75,3.53,29.87
35,-11.752441112629775,21.214400243077364,2025-05-13 06:00:00,78,2.81,28.71
35,-11.752441112629775,21.214400243077364,2025-05-13 09:00:00,81,2.68,18.41
35,-11.752441112629775,21.214400243077364,2025-05-13 12:00:00,84,3.48,21.73
35,-11.752441112629775,21.214400243077364,2025-05-13 15:00:00,87,1.48,14.51
35,-11.752441112629775,21.214400243077364,2025-05-13 18:00:00,90,2.48,18.23
35,-11.752441112629775,21.214400243077364,2025-05-13 21:00:00,93,5.26,23.71
35,-11.752441112629775,21.214400243077364,2025-05-14 00:00:00,96,5.51,23.98
35,-11.752441112629775,21.214400243077364,2025-05-14 03:00:00,99,7.62,30.49
35,-11.752441112629775,21.214400243077364,2025-05-14 06:00:00,102,7.26,34.19
35,-11.752441112629775,21.214400243077364,2025-05-14 09:00:00,105,7.67,37.25
35,-11.752441112629775,21.214400243077364,2025-05-14 12:00:00,108,6.09,38.24
35,-11.752441112629775,21.214400243077364,2025-05-14 15:00:00,111,6.95,42.28
35,-11.752441112629775,21.214400243077364,2025-05-14 18:00:00,114,6.39,40.43
35,-11.752441112629775,21.214400243077364,2025-05-14 21:00:00,117,6.08,38.43
36,-11.56145854665278,21.014362738458704,2025-05-10 00:00:00,0,3.31,18.98
36,-11.56145854665278,21.014362738458704,2025-05-10 03:00:00,3,7.58,34.63
36,-11.56145854665278,21.014362738458704,2025-05-10 06:00:00,6,6.88,35.75
36,-11.56145854665278,21.014362738458704,2025-05-10 09:00:00,9,9.71,45.08
36,-11.56145854665278,21.014362738458704,2025-05-10 12:00:00,12,7.96,40.96
36,-11.56145854665278,21.014362738458704,2025-05-10 15:00:00,15,9.43,45.06
36,-11.56145854665278,21.014362738458704,2025-05-10 18:00:00,18,7.91,42.16
36,-11.56145854665278,21.014362738458704,2025-05-10 21:00:00,21,7.77,45.57
36,-11.56145854665278,21.014362738458704,2025-05-11 00:00:00,24,6.19,43.33
36,-11.56145854665278,21.014362738458704,2025-05-11 03:00:00,27,3.23,33.25
36,-11.56145854665278,21.014362738458704,2025-05-11 06:00:00,30,3.19,25.55
36,-11.56145854665278,21.014362738458704,2025-05-11 09:00:00,33,2.63,21.01
36,-11.56145854665278,21.014362738458704,2025-05-11 12:00:00,36,3.15,22.88
36,-11.56145854665278,21.014362738458704,2025-05-11 15:00:00,39,0.83,10.1
36,-11.56145854665278,21.014362738458704,2025-05-11 18:00:00,42,4.07,19.79
36,-11.56145854665278,21.014362738458704,2025-05-11 21:00:00,45,2.01,14.08
36,-11.56145854665278,21.014362738458704,2025-05-12 00:00:00,48,4.91,22.28
36,-11.56145854665278,21.014362738458704,2025-05-12 03:00:00,51,4.2,28.28
36,-11.56145854665278,21.014362738458704,2025-05-12 06:00:00,54,6.64,29.85
36,-11.56145854665278,21.014362738458704,2025-05-12 09:00:00,57,6.08,32.17
36,-11.56145854665278,21.014362738458704,2025-05-12 12:00:00,60,7.68,41.35
36,-11.56145854665278,21.014362738458704,2025-05-12 15:00:00,63,9.59,51.83
36,-11.56145854665278,21.014362738458704,2025-05-12 18:00:00,66,7.6,48.37
36,-11.56145854665278,21.014362738458704,2025-05-12 21:00:00,69,6.41,45.2
36,-11.56145854665278,21.014362738458704,2025-05-13 00:00:00,72,6.75,43.62
36,-11.56145854665278,21.014362738458704,2025-05-13 03:00:00,75,3.45,30.4
36,-11.56145854665278,21.014362738458704,2025-05-13 06:00:00,78,3.91,24.48
36,-11.56145854665278,21.014362738458704,2025-05-13 09:00:00,81,2.86,22.22
36,-11.56145854665278,21.014362738458704,2025-05-13 12:00:00,84,3.2,19.73
36,-11.56145854665278,21.014362738458704,2025-05-13 15:00:00,87,3.33,14.97
36,-11.56145854665278,21.014362738458704,2025-05-13 18:00:00,90,4.83,16.77
36,-11.56145854665278,21.014362738458704,2025-05-13 21:00:00,93,5.14,24.15
36,-11.56145854665278,21.014362738458704,2025-05-14 00:00:00,96,4.51,22.96
36,-11.56145854665278,21.014362738458704,2025-05-14 03:00:00,99,5.55,25.87
36,-11.56145854665278,21.014362738458704,2025-05-14 06:00:00,102,5.79,30.41
36,-11.56145854665278,21.014362738458704,2025-05-14 09:00:00,105,5.81,36.42
36,-11.56145854665278,21.014362738458704,2025-05-14 12:00:00,108,6.52,41.37
36,-11.56145854665278,21.014362738458704,2025-05-14 15:00:00,111,7.35,46.42
36,-11.56145854665278,21.014362738458704,2025-05-14 18:00:00,114,5.17,36.6
36,-11.56145854665278,21.014362738458704,2025-05-14 21:00:00,117,7.02,45.71
37,-11.740717224355533,21.250265539986135,2025-05-10 00:00:00,0,4.63,21.08
37,-11.740717224355533,21.250265539986135,2025-05-10 03:00:00,3,7.92,29.7
37,-11.740717224355533,21.250265539986135,2025-05-10 06:00:00,6,5.22,31.73
37,-11.740717224355533,21.250265539986135,2025-05-10 09:00:00,9,9.45,39.67
37,-11.740717224355533,21.250265539986135,2025-05-10 12:00:00,12,8.25,40.02
37,-11.740717224355533,21.250265539986135,2025-05-10 15:00:00,15,9.07,44.43
37,-11.740717224355533,21.250265539986135,2025-05-10 18:00:00,18,8.16,48.92
37,-11.740717224355533,21.250265539986135,2025-05-10 21:00:00,21,7.22,40.27
37,-11.740717224355533,21.250265539986135,2025-05-11 00:00:00,24,5.24,38.62
37,-11.740717224355533,21.250265539986135,2025-05-11 03:00:00,27,5.29,32.95
37,-11.740717224355533,21.250265539986135,2025-05-11 06:00:00,30,4.71,31.73
37,-11.740717224355533,21.250265539986135,2025-05-11 09:00:00,33,2.07,19.86
37,-11.740717224355533,21.250265539986135,2025-05-11 12:00:00,36,0.54,15.13
37,-11.740717224355533,21.250265539986135,2025-05-11 15:00:00,39,1.22,11.28
37,-11.740717224355533,21.250265539986135,2025-05-11 18:00:00,42,2.08,14.83
37,-11.740717224355533,21.250265539986135,2025-05-11 21:00:00,45,2.25,15.4
37,-11.740717224355533,21.250265539986135,2025-05-12 00:00:00,48,4.19,18.49
37,-11.740717224355533,21.250265539986135,2025-05-12 03:00:00,51,7.76,35.42
37,-11.740717224355533,21.250265539986135,2025-05-12 06:00:00,54,5.15,26.35
37,-11.740717224355533,21.250265539986135,2025-05-12 09:00:00,57,9.27,43.25
37,-11.740717224355533,21.250265539986135,2025-05-12 12:00:00,60,7.94,44.76
37,-11.740717224355533,21.250265539986135,2025-05-12 15:00:00,63,7.86,47.89
37,-11.740717224355533,21.250265539986135,2025-05-12 18:00:00,66,7.12,47.65
37,-11.740717224355533,21.250265539986135,2025-05-12 21:00:00,69,7.69,41.64
37,-11.740717224355533,21.250265539986135,2025-05-13 00:00:00,72,4.14,33.65
37,-11.740717224355533,21.250265539986135,2025-05-13 03:00:00,75,5.35,36.18
37,-11.740717224355533,21.250265539986135,2025-05-13 06:00:00,78,2.29,26.12
37,-11.740717224355533,21.250265539986135,2025-05-13 09:00:00,81,2.28,19.14
37,-11.740717224355533,21.250265539986135,2025-05-13 12:00:00,84,1.83,19.81
37,-11.740717224355533,21.250265539986135,2025-05-13 15:00:00,87,1.48,14.32
37,-11.740717224355533,21.250265539986135,2025-05-13 18:00:00,90,3.67,17.47
37,-11.740717224355533,21.250265539986135,2025-05-13 21:00:00,93,4.47,22.47
37,-11.740717224355533,21.250265539986135,2025-05-14 00:00:00,96,4.46,22.63
37,-11.740717224355533,21.250265539986135,2025-05-14 03:00:00,99,6.46,27.1
37,-11.740717224355533,21.250265539986135,2025-05-14 06:00:00,102,8.86,39.98
37,-11.740717224355533,21.250265539986135,2025-05-14 09:00:00,105,6.98,36.21
37,-11.740717224355533,21.250265539986135,2025-05-14 12:00:00,108,7.47,39.12
37,-11.740717224355533,21.250265539986135,2025-05-14 15:00:00,111,9.57,44.7
37,-11.740717224355533,21.250265539986135,2025-05-14 18:00:00,114,7.3,44.43
37,-11.740717224355533,21.250265539986135,2025-05-14 21:00:00,117,8.12,49.35
38,-11.328754777847733,21.04950765454545,2025-05-10 00:00:00,0,6.84,26.96
38,-11.328754777847733,21.04950765454545,2025-05-10 03:00:00,3,6.19,27.04
38,-11.328754777847733,21.04950765454545,2025-05-10 06:00:00,6,9.04,35.62
38,-11.328754777847733,21.04950765454545,2025-05-10 09:00:00,9,7.24,35.02
38,-11.328754777847733,21.04950765454545,2025-05-10 12:00:00,12,8.31,47.47
38,-11.328754777847733,21.04950765454545,2025-05-10 15:00:00,15,9.62,51.89
38,-11.328754777847733,21.04950765454545,2025-05-10 18:00:00,18,8.21,49.81
38,-11.328754777847733,21.04950765454545,2025-05-10 21:00:00,21,6.85,45.71
38,-11.328754777847733,21.04950765454545,2025-05-11 00:00:00,24,5.49,39.11
38,-11.328754777847733,21.04950765454545,2025-05-11 03:00:00,27,5.22,30.9
38,-11.328754777847733,21.04950765454545,2025-05-11 06:00:00,30,4.32,26.0
38,-11.328754777847733,21.04950765454545,2025-05-11 09:00:00,33,3.15,25.36
38,-11.328754777847733,21.04950765454545,2025-05-11 12:00:00,36,1.69,13.74
38,-11.328754777847733,21.04950765454545,2025-05-11 15:00:00,39,1.55,13.05
38,-11.328754777847733,21.04950765454545,2025-05-11 18:00:00,42,3.77,21.19
38,-11.328754777847733,21.04950765454545,2025-05-11 21:00:00,45,3.0,13.9
38,-11.328754777847733,21.04950765454545,2025-05-12 00:00:00,48,4.27,19.46
38,-11.328754777847733,21.04950765454545,2025-05-12 03:00:00,51,7.82,29.36
38,-11.328754777847733,21.04950765454545,2025-05-12 06:00:00,54,6.17,29.88
38,-11.328754777847733,21.04950765454545,2025-05-12 09:00:00,57,8.77,42.74
38,-11.328754777847733,21.04950765454545,2025-05-12 12:00:00,60,6.11,40.71
38,-11.328754777847733,21.04950765454545,2025-05-12 15:00:00,63,8.96,51.03
38,-11.328754777847733,21.04950765454545,2025-05-12 18:00:00,66,7.37,43.67
38,-11.328754777847733,21.04950765454545,2025-05-12 21:00:00,69,4.18,41.15
38,-11.328754777847733,21.04950765454545,2025-05-13 00:00:00,72,6.5,41.88
38,-11.328754777847733,21.04950765454545,2025-05-13 03:00:00,75,5.68,38.51
38,-11.328754777847733,21.04950765454545,2025-05-13 06:00:00,78,1.4,23.7
38,-11.328754777847733,21.04950765454545,2025-05-13 09:00:00,81,1.06,21.66
38,-11.328754777847733,21.04950765454545,2025-05-13 12:00:00,84,1.35,14.43
38,-11.328754777847733,21.04950765454545,2025-05-13 15:00:00,87,3.46,15.3
38,-11.328754777847733,21.04950765454545,2025-05-13 18:00:00,90,2.25,12.02
38,-11.328754777847733,21.04950765454545,2025-05-13 21:00:00,93,2.49,17.48
38,-11.328754777847733,21.04950765454545,2025-05-14 00:00:00,96,6.84,30.18
38,-11.328754777847733,21.04950765454545,2025-05-14 03:00:00,99,4.27,24.81
38,-11.328754777847733,21.04950765454545,2025-05-14 06:00:00,102,7.68,33.44
38,-11.328754777847733,21.04950765454545,2025-05-14 09:00:00,105,9.35,41.13
38,-11.328754777847733,21.04950765454545,2025-05-14 12:00:00,108,9.79,45.68
38,-11.328754777847733,21.04950765454545,2025-05-14 15:00:00,111,7.4,40.8
38,-11.328754777847733,21.04950765454545,2025-05-14 18:00:00,114,6.35,41.53
38,-11.328754777847733,21.04950765454545,2025-05-14 21:00:00,117,4.54,36.49
39,-11.800487548685584,21.719462352102216,2025-05-10 00:00:00,0,5.62,25.91
39,-11.800487548685584,21.719462352102216,2025-05-10 03:00:00,3,5.89,26.57
39,-11.800487548685584,21.719462352102216,2025-05-10 06:00:00,6,7.46,32.08
39,-11.800487548685584,21.719462352102216,2025-05-10 09:00:00,9,9.11,43.86
39,-11.800487548685584,21.719462352102216,2025-05-10 12:00:00,12,6.33,42.16
39,-11.800487548685584,21.719462352102216,2025-05-10 15:00:00,15,5.97,43.27
39,-11.800487548685584,21.719462352102216,2025-05-10 18:00:00,18,6.59,42.81
39,-11.800487548685584,21.719462352102216,2025-05-10 21:00:00,21,6.18,39.01
39,-11.800487548685584,21.719462352102216,2025-05-11 00:00:00,24,5.75,36.19
39,-11.800487548685584,21.719462352102216,2025-05-11 03:00:00,27,3.28,30.57
39,-11.800487548685584,21.719462352102216,2025-05-11 06:00:00,30,2.13,28.25
39,-11.800487548685584,21.719462352102216,2025-05-11 09:00:00,33,1.0,14.54
39,-11.800487548685584,21.719462352102216,2025-05-11 12:00:00,36,1.03,12.86
39,-11.800487548685584,21.719462352102216,2025-05-11 15:00:00,39,2.78,16.23
39,-11.800487548685584,21.719462352102216,2025-05-11 18:00:00,42,3.93,20.71
39,-11.800487548685584,21.719462352102216,2025-05-11 21:00:00,45,3.3,16.79
39,-11.800487548685584,21.719462352102216,2025-05-12 00:00:00,48,4.12,24.43
39,-11.800487548685584,21.719462352102216,2025-05-12 03:00:00,51,7.11,32.61
39,-11.800487548685584,21.719462352102216,2025-05-12 06:00:00,54,7.21,37.51
39,-11.800487548685584,21.719462352102216,2025-05-12 09:00:00,57,8.67,38.96
39,-11.800487548685584,21.719462352102216,2025-05-12 12:00:00,60,7.85,45.4
39,-11.800487548685584,21.719462352102216,2025-05-12 15:00:00,63,6.59,43.22
39,-11.800487548685584,21.719462352102216,2025-05-12 18:00:00,66,6.59,41.97
39,-11.800487548685584,21.719462352102216,2025-05-12 21:00:00,69,5.76,43.73
39,-11.800487548685584,21.719462352102216,2025-05-13 00:00:00,72,5.67,34.42
39,-11.800487548685584,21.719462352102216,2025-05-13 03:00:00,75,3.87,34.88
39,-11.800487548685584,21.719462352102216,2025-05-13 06:00:00,78,0.89,23.57
39,-11.800487548685584,21.719462352102216,2025-05-13 09:00:00,81,3.75,24.06
39,-11.800487548685584,21.719462352102216,2025-05-13 12:00:00,84,0.44,16.54
39,-11.800487548685584,21.719462352102216,2025-05-13 15:00:00,87,1.43,11.5
39,-11.800487548685584,21.719462352102216,2025-05-13 18:00:00,90,3.67,14.61
39,-11.800487548685584,21.719462352102216,2025-05-13 21:00:00,93,3.39,16.91
39,-11.800487548685584,21.719462352102216,2025-05-14 00:00:00,96,4.87,18.82
39,-11.800487548685584,21.719462352102216,2025-05-14 03:00:00,99,6.89,29.95
39,-11.800487548685584,21.719462352102216,2025-05-14 06:00:00,102,8.09,35.36
39,-11.800487548685584,21.719462352102216,2025-05-14 09:00:00,105,6.5,33.04
39,-11.800487548685584,21.719462352102216,2025-05-14 12:00:00,108,7.39,39.64
39,-11.800487548685584,21.719462352102216,2025-05-14 15:00:00,111,8.1,47.86
39,-11.800487548685584,21.719462352102216,2025-05-14 18:00:00,114,6.33,40.42
39,-11.800487548685584,21.719462352102216,2025-05-14 21:00:00,117,4.72,39.75
40,-11.642435806833781,21.114556364795217,2025-05-10 00:00:00,0,6.84,24.91
40,-11.642435806833781,21.114556364795217,2025-05-10 03:00:00,3,6.61,30.34
40,-11.642435806833781,21.114556364795217,2025-05-10 06:00:00,6,6.48,34.67
40,-11.642435806833781,21.114556364795217,2025-05-10 09:00:00,9,6.24,34.27
40,-11.642435806833781,21.114556364795217,2025-05-10 12:00:00,12,8.51,44.15
40,-11.642435806833781,21.114556364795217,2025-05-10 15:00:00,15,8.49,43.57
40,-11.642435806833781,21.114556364795217,2025-05-10 18:00:00,18,8.85,49.25
40,-11.642435806833781,21.114556364795217,2025-05-10 21:00:00,21,4.5,40.68
40,-11.642435806833781,21.114556364795217,2025-05-11 00:00:00,24,5.75,39.27
40,-11.642435806833781,21.114556364795217,2025-05-11 03:00:00,27,3.04,33.39
40,-11.642435806833781,21.114556364795217,2025-05-11 06:00:00,30,2.96,29.46
40,-11.642435806833781,21.114556364795217,2025-05-11 09:00:00,33,2.26,18.31
40,-11.642435806833781,21.114556364795217,2025-05-11 12:00:00,36,2.52,14.55
40,-11.642435806833781,21.114556364795217,2025-05-11 15:00:00,39,0.56,9.53
40,-11.642435806833781,21.114556364795217,2025-05-11 18:00:00,42,4.82,15.73
40,-11.642435806833781,21.114556364795217,2025-05-11 21:00:00,45,5.56,22.61
40,-11.642435806833781,21.114556364795217,2025-05-12 00:00:00,48,5.0,22.74
40,-11.642435806833781,21.114556364795217,2025-05-12 03:00:00,51,7.0,32.08
40,-11.642435806833781,21.114556364795217,2025-05-12 06:00:00,54,8.99,38.0
40,-11.642435806833781,21.114556364795217,2025-05-12 09:00:00,57,7.9,37.58
40,-11.642435806833781,21.114556364795217,2025-05-12 12:00:00,60,7.37,39.55
40,-11.642435806833781,21.114556364795217,2025-05-12 15:00:00,63,8.24,48.45
40,-11.642435806833781,21.114556364795217,2025-05-12 18:00:00,66,8.36,46.94
40,-11.642435806833781,21.114556364795217,2025-05-12 21:00:00,69,5.32,42.72
40,-11.642435806833781,21.114556364795217,2025-05-13 00:00:00,72,6.59,44.02
40,-11.642435806833781,21.114556364795217,2025-05-13 03:00:00,75,4.13,32.31
40,-11.642435806833781,21.114556364795217,2025-05-13 06:00:00,78,4.21,25.28
40,-11.642435806833781,21.114556364795217,2025-05-13 09:00:00,81,3.26,22.7
40,-11.642435806833781,21.114556364795217,2025-05-13 12:00:00,84,2.16,19.06
40,-11.642435806833781,21.114556364795217,2025-05-13 15:00:00,87,1.84,15.36
40,-11.642435806833781,21.114556364795217,2025-05-13 18:00:00,90,4.27,19.9
40,-11.642435806833781,21.114556364795217,2025-05-13 21:00:00,93,2.66,19.74
40,-11.642435806833781,21.114556364795217,2025-05-14 00:00:00,96,4.83,21.67
40,-11.642435806833781,21.114556364795217,2025-05-14 03:00:00,99,7.23,28.56
40,-11.642435806833781,21.114556364795217,2025-05-14 06:00:00,102,5.69,34.3
40,-11.642435806833781,21.114556364795217,2025-05-14 09:00:00,105,8.95,37.9
40,-11.642435806833781,21.114556364795217,2025-05-14 12:00:00,108,7.77,42.48
40,-11.642435806833781,21.114556364795217,2025-05-14 15:00:00,111,8.6,45.36
40,-11.642435806833781,21.114556364795217,2025-05-14 18:00:00,114,7.74,46.93
40,-11.642435806833781,21.114556364795217,2025-05-14 21:00:00,117,5.43,43.09
41,-11.873696882561804,21.60274307264886,2025-05-10 00:00:00,0,6.1,21.62
41,-11.873696882561804,21.60274307264886,2025-05-10 03:00:00,3,5.95,26.34
41,-11.873696882561804,21.60274307264886,2025-05-10 06:00:00,6,8.69,40.46
41,-11.873696882561804,21.60274307264886,2025-05-10 09:00:00,9,8.77,42.24
41,-11.873696882561804,21.60274307264886,2025-05-10 12:00:00,12,8.83,45.98
41,-11.873696882561804,21.60274307264886,2025-05-10 15:00:00,15,6.36,42.28
41,-11.873696882561804,21.60274307264886,2025-05-10 18:00:00,18,7.47,44.09
41,-11.873696882561804,21.60274307264886,2025-05-10 21:00:00,21,5.37,43.77
41,-11.873696882561804,21.60274307264886,2025-05-11 00:00:00,24,5.25,39.27
41,-11.873696882561804,21.60274307264886,2025-05-11 03:00:00,27,5.17,34.08
41,-11.873696882561804,21.60274307264886,2025-05-11 06:00:00,30,2.13,22.74
41,-11.873696882561804,21.60274307264886,2025-05-11 09:00:00,33,2.29,19.25
41,-11.873696882561804,21.60274307264886,2025-05-11 12:00:00,36,3.87,19.65
41,-11.873696882561804,21.60274307264886,2025-05-11 15:00:00,39,1.73,13.48
41,-11.873696882561804,21.60274307264886,2025-05-11 18:00:00,42,2.56,16.28
41,-11.873696882561804,21.60274307264886,2025-05-11 21:00:00,45,3.58,16.99
41,-11.873696882561804,21.60274307264886,2025-05-12 00:00:00,48,3.34,16.52
41,-11.873696882561804,21.60274307264886,2025-05-12 03:00:00,51,7.52,27.35
41,-11.873696882561804,21.60274307264886,2025-05-12 06:00:00,54,7.41,37.99
41,-11.873696882561804,21.60274307264886,2025-05-12 09:00:00,57,8.08,38.91
41,-11.873696882561804,21.60274307264886,2025-05-12 12:00:00,60,6.4,43.85
41,-11.873696882561804,21.60274307264886,2025-05-12 15:00:00,63,7.0,46.1
41,-11.873696882561804,21.60274307264886,2025-05-12 18:00:00,66,7.59,46.75
41,-11.873696882561804,21.60274307264886,2025-05-12 21:00:00,69,6.61,43.72
41,-11.873696882561804,21.60274307264886,2025-05-13 00:00:00,72,6.92,37.57
41,-11.873696882561804,21.60274307264886,2025-05-13 03:00:00,75,5.45,33.03
41,-11.873696882561804,21.60274307264886,2025-05-13 06:00:00,78,3.05,23.6
41,-11.873696882561804,21.60274307264886,2025-05-13 09:00:00,81,3.83,24.62
41,-11.873696882561804,21.60274307264886,2025-05-13 12:00:00,84,2.59,15.48
41,-11.873696882561804,21.60274307264886,2025-05-13 15:00:00,87,3.59,20.71
41,-11.873696882561804,21.60274307264886,2025-05-13 18:00:00,90,4.62,18.46
41,-11.873696882561804,21.60274307264886,2025-05-13 21:00:00,93,2.06,13.89
41,-11.873696882561804,21.60274307264886,2025-05-14 00:00:00,96,4.55,22.33
41,-11.873696882561804,21.60274307264886,2025-05-14 03:00:00,99,5.42,28.08
41,-11.873696882561804,21.60274307264886,2025-05-14 06:00:00,102,8.25,33.04
41,-11.873696882561804,21.60274307264886,2025-05-14 09:00:00,105,8.36,37.6
41,-11.873696882561804,21.60274307264886,2025-05-14 12:00:00,108,9.38,43.07
41,-11.873696882561804,21.60274307264886,2025-05-14 15:00:00,111,7.66,44.9
41,-11.873696882561804,21.60274307264886,2025-05-14 18:00:00,114,6.98,43.68
41,-11.873696882561804,21.60274307264886,2025-05-14 21:00:00,117,5.94,39.31
42,-11.545611044092242,21.745619363689233,2025-05-10 00:00:00,0,4.78,23.89
42,-11.545611044092242,21.745619363689233,2025-05-10 03:00:00,3,5.69,27.81
42,-11.545611044092242,21.745619363689233,2025-05-10 06:00:00,6,8.08,39.49
42,-11.545611044092242,21.745619363689233,2025-05-10 09:00:00,9,5.87,38.73
42,-11.545611044092242,21.745619363689233,2025-05-10 12:00:00,12,9.69,47.8
42,-11.545611044092242,21.745619363689233,2025-05-10 15:00:00,15,7.35,46.07
42,-11.545611044092242,21.745619363689233,2025-05-10 18:00:00,18,8.62,47.07
42,-11.545611044092242,21.745619363689233,2025-05-10 21:00:00,21,7.3,43.33
42,-11.545611044092242,21.745619363689233,2025-05-11 00:00:00,24,6.78,40.44
42,-11.545611044092242,21.745619363689233,2025-05-11 03:00:00,27,4.38,31.05
42,-11.545611044092242,21.745619363689233,2025-05-11 06:00:00,30,1.16,26.0
42,-11.545611044092242,21.745619363689233,2025-05-11 09:00:00,33,3.25,23.02
42,-11.545611044092242,21.745619363689233,2025-05-11 12:00:00,36,3.29,21.7
42,-11.545611044092242,21.745619363689233,2025-05-11 15:00:00,39,2.22,12.97
42,-11.545611044092242,21.745619363689233,2025-05-11 18:00:00,42,0.88,8.66
42,-11.545611044092242,21.745619363689233,2025-05-11 21:00:00,45,2.9,16.49
42,-11.545611044092242,21.745619363689233,2025-05-12 00:00:00,48,5.37,25.61
42,-11.545611044092242,21.745619363689233,2025-05-12 03:00:00,51,5.03,24.13
42,-11.545611044092242,21.745619363689233,2025-05-12 06:00:00,54,7.52,34.35
42,-11.545611044092242,21.745619363689233,2025-05-12 09:00:00,57,6.47,37.03
42,-11.545611044092242,21.745619363689233,2025-05-12 12:00:00,60,6.5,41.33
42,-11.545611044092242,21.745619363689233,2025-05-12 15:00:00,63,7.99,46.24
42,-11.545611044092242,21.745619363689233,2025-05-12 18:00:00,66,5.42,37.72
42,-11.545611044092242,21.745619363689233,2025-05-12 21:00:00,69,7.49,45.28
42,-11.545611044092242,21.745619363689233,2025-05-13 00:00:00,72,5.95,39.88
42,-11.545611044092242,21.745619363689233,2025-05-13 03:00:00,75,2.99,30.52
42,-11.545611044092242,21.745619363689233,2025-05-13 06:00:00,78,1.75,21.85
42,-11.545611044092242,21.745619363689233,2025-05-13 09:00:00,81,2.03,22.19
42,-11.545611044092242,21.745619363689233,2025-05-13 12:00:00,84,3.29,16.71
42,-11.545611044092242,21.745619363689233,2025-05-13 15:00:00,87,1.87,17.12
42,-11.545611044092242,21.745619363689233,2025-05-13 18:00:00,90,1.99,10.72
42,-11.545611044092242,21.745619363689233,2025-05-13 21:00:00,93,3.87,20.11
42,-11.545611044092242,21.745619363689233,2025-05-14 00:00:00,96,3.17,17.24
42,-11.545611044092242,21.745619363689233,2025-05-14 03:00:00,99,6.95,29.59
42,-11.545611044092242,21.745619363689233,2025-05-14 06:00:00,102,5.23,29.89
42,-11.545611044092242,21.745619363689233,2025-05-14 09:00:00,105,6.47,40.15
42,-11.545611044092242,21.745619363689233,2025-05-14 12:00:00,108,7.85,46.04
42,-11.545611044092242,21.745619363689233,2025-05-14 15:00:00,111,6.42,38.99
42,-11.545611044092242,21.745619363689233,2025-05-14 18:00:00,114,5.15,40.81
42,-11.545611044092242,21.745619363689233,2025-05-14 21:00:00,117,6.11,45.35
43,-11.898907887834909,21.639132030759413,2025-05-10 00:00:00,0,5.13,24.62
43,-11.898907887834909,21.639132030759413,2025-05-10 03:00:00,3,7.03,32.15
43,-11.898907887834909,21.639132030759413,2025-05-10 06:00:00,6,8.66,36.55
43,-11.898907887834909,21.639132030759413,2025-05-10 09:00:00,9,6.42,36.01
43,-11.898907887834909,21.639132030759413,2025-05-10 12:00:00,12,7.28,39.19
43,-11.898907887834909,21.639132030759413,2025-05-10 15:00:00,15,7.28,46.72
43,-11.898907887834909,21.639132030759413,2025-05-10 18:00:00,18,7.15,44.97
43,-11.898907887834909,21.639132030759413,2025-05-10 21:00:00,21,7.29,44.47
43,-11.898907887834909,21.639132030759413,2025-05-11 00:00:00,24,3.29,32.72
43,-11.898907887834909,21.639132030759413,2025-05-11 03:00:00,27,3.23,27.83
43,-11.898907887834909,21.639132030759413,2025-05-11 06:00:00,30,3.51,27.46
43,-11.898907887834909,21.639132030759413,2025-05-11 09:00:00,33,2.47,24.85
43,-11.898907887834909,21.639132030759413,2025-05-11 12:00:00,36,1.34,16.2
43,-11.898907887834909,21.639132030759413,2025-05-11 15:00:00,39,3.03,18.62
43,-11.898907887834909,21.639132030759413,2025-05-11 18:00:00,42,4.29,15.95
43,-11.898907887834909,21.639132030759413,2025-05-11 21:00:00,45,5.75,21.73
43,-11.898907887834909,21.639132030759413,2025-05-12 00:00:00,48,3.28,21.18
43,-11.898907887834909,21.639132030759413,2025-05-12 03:00:00,51,6.86,27.83
43,-11.898907887834909,21.639132030759413,2025-05-12 06:00:00,54,8.13,32.37
43,-11.898907887834909,21.639132030759413,2025-05-12 09:00:00,57,9.43,45.85
43,-11.898907887834909,21.639132030759413,2025-05-12 12:00:00,60,8.35,41.73
43,-11.898907887834909,21.639132030759413,2025-05-12 15:00:00,63,7.05,44.13
43,-11.898907887834909,21.639132030759413,2025-05-12 18:00:00,66,7.5,41.81
43,-11.898907887834909,21.639132030759413,2025-05-12 21:00:00,69,4.61,35.8
43,-11.898907887834909,21.639132030759413,2025-05-13 00:00:00,72,5.75,38.78
43,-11.898907887834909,21.639132030759413,2025-05-13 03:00:00,75,4.68,33.8
43,-11.898907887834909,21.639132030759413,2025-05-13 06:00:00,78,2.33,22.28
43,-11.898907887834909,21.639132030759413,2025-05-13 09:00:00,81,3.39,23.97
43,-11.898907887834909,21.639132030759413,2025-05-13 12:00:00,84,0.15,12.76
43,-11.898907887834909,21.639132030759413,2025-05-13 15:00:00,87,0.25,11.12
43,-11.898907887834909,21.639132030759413,2025-05-13 18:00:00,90,3.36,15.28
43,-11.898907887834909,21.639132030759413,2025-05-13 21:00:00,93,3.33,15.4
43,-11.898907887834909,21.639132030759413,2025-05-14 00:00:00,96,5.65,22.5
43,-11.898907887834909,21.639132030759413,2025-05-14 03:00:00,99,5.16,24.85
43,-11.898907887834909,21.639132030759413,2025-05-14 06:00:00,102,6.85,37.53
43,-11.898907887834909,21.639132030759413,2025-05-14 09:00:00,105,9.63,44.72
43,-11.898907887834909,21.639132030759413,2025-05-14 12:00:00,108,7.43,39.03
43,-11.898907887834909,21.639132030759413,2025-05-14 15:00:00,111,9.18,51.07
43,-11.898907887834909,21.639132030759413,2025-05-14 18:00:00,114,6.1,43.9
43,-11.898907887834909,21.639132030759413,2025-05-14 21:00:00,117,6.78,42.34
44,-11.75818928097537,21.164551836399898,2025-05-10 00:00:00,0,3.5,16.18
44,-11.75818928097537,21.164551836399898,2025-05-10 03:00:00,3,4.32,28.18
44,-11.75818928097537,21.164551836399898,2025-05-10 06:00:00,6,7.63,35.79
44,-11.75818928097537,21.164551836399898,2025-05-10 09:00:00,9,7.27,38.83
44,-11.75818928097537,21.164551836399898,2025-05-10 12:00:00,12,7.15,41.97
44,-11.75818928097537,21.164551836399898,2025-05-10 15:00:00,15,5.9,37.53
44,-11.75818928097537,21.164551836399898,2025-05-10 18:00:00,18,7.62,48.13
44,-11.75818928097537,21.164551836399898,2025-05-10 21:00:00,21,6.52,41.38
44,-11.75818928097537,21.164551836399898,2025-05-11 00:00:00,24,3.41,31.28
44,-11.75818928097537,21.164551836399898,2025-05-11 03:00:00,27,2.7,31.37
44,-11.75818928097537,21.164551836399898,2025-05-11 06:00:00,30,4.19,28.76
44,-11.75818928097537,21.164551836399898,2025-05-11 09:00:00,33,2.49,20.63
44,-11.75818928097537,21.164551836399898,2025-05-11 12:00:00,36,1.68,17.79
44,-11.75818928097537,21.164551836399898,2025-05-11 15:00:00,39,1.16,9.34
44,-11.75818928097537,21.164551836399898,2025-05-11 18:00:00,42,2.46,13.69
44,-11.75818928097537,21.164551836399898,2025-05-11 21:00:00,45,4.77,19.08
44,-11.75818928097537,21.164551836399898,2025-05-12 00:00:00,48,5.24,21.75
44,-11.75818928097537,21.164551836399898,2025-05-12 03:00:00,51,4.79,22.84
44,-11.75818928097537,21.164551836399898,2025-05-12 06:00:00,54,7.75,33.33
44,-11.75818928097537,21.164551836399898,2025-05-12 09:00:00,57,6.62,35.97
44,-11.75818928097537,21.164551836399898,2025-05-12 12:00:00,60,7.75,43.96
44,-11.75818928097537,21.164551836399898,2025-05-12 15:00:00,63,7.24,40.49
44,-11.75818928097537,21.164551836399898,2025-05-12 18:00:00,66,5.41,43.18
44,-11.75818928097537,21.164551836399898,2025-05-12 21:00:00,69,4.93,38.46
44,-11.75818928097537,21.164551836399898,2025-05-13 00:00:00,72,6.17,39.4
44,-11.75818928097537,21.164551836399898,2025-05-13 03:00:00,75,2.49,31.15
44,-11.75818928097537,21.164551836399898,2025-05-13 06:00:00,78,3.22,29.28
44,-11.75818928097537,21.164551836399898,2025-05-13 09:00:00,81,1.79,23.71
44,-11.75818928097537,21.164551836399898,2025-05-13 12:00:00,84,0.79,11.22
44,-11.75818928097537,21.164551836399898,2025-05-13 15:00:00,87,0.84,13.68
44,-11.75818928097537,21.164551836399898,2025-05-13 18:00:00,90,1.0,8.98
44,-11.75818928097537,21.164551836399898,2025-05-13 21:00:00,93,2.08,12.58
44,-11.75818928097537,21.164551836399898,2025-05-14 00:00:00,96,6.54,27.49
44,-11.75818928097537,21.164551836399898,2025-05-14 03:00:00,99,7.74,31.35
44,-11.75818928097537,21.164551836399898,2025-05-14 06:00:00,102,8.12,38.46
44,-11.75818928097537,21.164551836399898,2025-05-14 09:00:00,105,7.53,35.63
44,-11.75818928097537,21.164551836399898,2025-05-14 12:00:00,108,7.11,44.97
44,-11.75818928097537,21.164551836399898,2025-05-14 15:00:00,111,9.74,45.06
44,-11.75818928097537,21.164551836399898,2025-05-14 18:00:00,114,8.8,49.91
44,-11.75818928097537,21.164551836399898,2025-05-14 21:00:00,117,7.24,42.82
45,-11.592085969617624,21.665496348749894,2025-05-10 00:00:00,0,6.67,25.87
45,-11.592085969617624,21.665496348749894,2025-05-10 03:00:00,3,4.15,22.14
45,-11.592085969617624,21.665496348749894,2025-05-10 06:00:00,6,8.75,34.02
45,-11.592085969617624,21.665496348749894,2025-05-10 09:00:00,9,9.38,39.83
45,-11.592085969617624,21.665496348749894,2025-05-10 12:00:00,12,9.85,49.68
45,-11.592085969617624,21.665496348749894,2025-05-10 15:00:00,15,5.8,43.9
45,-11.592085969617624,21.665496348749894,2025-05-10 18:00:00,18,6.14,42.62
45,-11.592085969617624,21.665496348749894,2025-05-10 21:00:00,21,6.52,43.57
45,-11.592085969617624,21.665496348749894,2025-05-11 00:00:00,24,3.02,34.77
45,-11.592085969617624,21.665496348749894,2025-05-11 03:00:00,27,2.16,25.62
45,-11.592085969617624,21.665496348749894,2025-05-11 06:00:00,30,0.99,21.44
45,-11.592085969617624,21.665496348749894,2025-05-11 09:00:00,33,0.78,17.22
45,-11.592085969617624,21.665496348749894,2025-05-11 12:00:00,36,3.17,18.55
45,-11.592085969617624,21.665496348749894,2025-05-11 15:00:00,39,3.43,17.47
45,-11.592085969617624,21.665496348749894,2025-05-11 18:00:00,42,3.0,16.09
45,-11.592085969617624,21.665496348749894,2025-05-11 21:00:00,45,2.42,12.36
45,-11.592085969617624,21.665496348749894,2025-05-12 00:00:00,48,4.19,18.43
45,-11.592085969617624,21.665496348749894,2025-05-12 03:00:00,51,4.75,26.51
45,-11.592085969617624,21.665496348749894,2025-05-12 06:00:00,54,8.49,35.57
45,-11.592085969617624,21.665496348749894,2025-05-12 09:00:00,57,5.92,35.01
45,-11.592085969617624,21.665496348749894,2025-05-12 12:00:00,60,8.33,45.63
45,-11.592085969617624,21.665496348749894,2025-05-12 15:00:00,63,7.95,48.34
45,-11.592085969617624,21.665496348749894,2025-05-12 18:00:00,66,7.47,42.87
45,-11.592085969617624,21.665496348749894,2025-05-12 21:00:00,69,5.19,36.87
45,-11.592085969617624,21.665496348749894,2025-05-13 00:00:00,72,6.93,43.42
45,-11.592085969617624,21.665496348749894,2025-05-13 03:00:00,75,2.88,27.2
45,-11.592085969617624,21.665496348749894,2025-05-13 06:00:00,78,4.72,32.95
45,-11.592085969617624,21.665496348749894,2025-05-13 09:00:00,81,2.56,18.36
45,-11.592085969617624,21.665496348749894,2025-05-13 12:00:00,84,0.71,12.45
45,-11.592085969617624,21.665496348749894,2025-05-13 15:00:00,87,0.76,12.33
45,-11.592085969617624,21.665496348749894,2025-05-13 18:00:00,90,2.58,17.74
45,-11.592085969617624,21.665496348749894,2025-05-13 21:00:00,93,3.31,17.5
45,-11.592085969617624,21.665496348749894,2025-05-14 00:00:00,96,6.76,23.45
45,-11.592085969617624,21.665496348749894,2025-05-14 03:00:00,99,7.46,29.2
45,-11.592085969617624,21.665496348749894,2025-05-14 06:00:00,102,8.81,35.35
45,-11.592085969617624,21.665496348749894,2025-05-14 09:00:00,105,6.08,38.36
45,-11.592085969617624,21.665496348749894,2025-05-14 12:00:00,108,6.86,42.52
45,-11.592085969617624,21.665496348749894,2025-05-14 15:00:00,111,8.83,45.4
45,-11.592085969617624,21.665496348749894,2025-05-14 18:00:00,114,5.18,43.05
45,-11.592085969617624,21.665496348749894,2025-05-14 21:00:00,117,6.69,43.26
46,-11.702534549364874,21.010138744484912,2025-05-10 00:00:00,0,3.58,17.99
46,-11.702534549364874,21.010138744484912,2025-05-10 03:00:00,3,7.54,34.67
46,-11.702534549364874,21.010138744484912,2025-05-10 06:00:00,6,6.36,36.58
46,-11.702534549364874,21.010138744484912,2025-05-10 09:00:00,9,7.46,39.81
46,-11.702534549364874,21.010138744484912,2025-05-10 12:00:00,12,6.0,35.67
46,-11.702534549364874,21.010138744484912,2025-05-10 15:00:00,15,7.48,40.24
46,-11.702534549364874,21.010138744484912,2025-05-10 18:00:00,18,7.35,43.01
46,-11.702534549364874,21.010138744484912,2025-05-10 21:00:00,21,4.66,41.4
46,-11.702534549364874,21.010138744484912,2025-05-11 00:00:00,24,3.39,35.09
46,-11.702534549364874,21.010138744484912,2025-05-11 03:00:00,27,4.51,30.52
46,-11.702534549364874,21.010138744484912,2025-05-11 06:00:00,30,4.44,29.66
46,-11.702534549364874,21.010138744484912,2025-05-11 09:00:00,33,3.18,24.06
46,-11.702534549364874,21.010138744484912,2025-05-11 12:00:00,36,1.75,15.92
46,-11.702534549364874,21.010138744484912,2025-05-11 15:00:00,39,2.91,12.93
46,-11.702534549364874,21.010138744484912,2025-05-11 18:00:00,42,1.23,11.36
46,-11.702534549364874,21.010138744484912,2025-05-11 21:00:00,45,1.87,11.21
46,-11.702534549364874,21.010138744484912,2025-05-12 00:00:00,48,4.54,19.16
46,-11.702534549364874,21.010138744484912,2025-05-12 03:00:00,51,8.0,34.18
46,-11.702534549364874,21.010138744484912,2025-05-12 06:00:00,54,5.98,27.99
46,-11.702534549364874,21.010138744484912,2025-05-12 09:00:00,57,8.74,39.99
46,-11.702534549364874,21.010138744484912,2025-05-12 12:00:00,60,8.93,46.78
46,-11.702534549364874,21.010138744484912,2025-05-12 15:00:00,63,6.98,40.69
46,-11.702534549364874,21.010138744484912,2025-05-12 18:00:00,66,6.83,41.13
46,-11.702534549364874,21.010138744484912,2025-05-12 21:00:00,69,6.86,46.82
46,-11.702534549364874,21.010138744484912,2025-05-13 00:00:00,72,6.19,36.43
46,-11.702534549364874,21.010138744484912,2025-05-13 03:00:00,75,4.35,31.36
46,-11.702534549364874,21.010138744484912,2025-05-13 06:00:00,78,3.74,28.41
46,-11.702534549364874,21.010138744484912,2025-05-13 09:00:00,81,1.73,19.73
46,-11.702534549364874,21.010138744484912,2025-05-13 12:00:00,84,1.54,18.88
46,-11.702534549364874,21.010138744484912,2025-05-13 15:00:00,87,1.52,13.59
46,-11.702534549364874,21.010138744484912,2025-05-13 18:00:00,90,1.01,11.3
46,-11.702534549364874,21.010138744484912,2025-05-13 21:00:00,93,2.16,15.52
46,-11.702534549364874,21.010138744484912,2025-05-14 00:00:00,96,5.38,24.94
46,-11.702534549364874,21.010138744484912,2025-05-14 03:00:00,99,5.3,29.91
46,-11.702534549364874,21.010138744484912,2025-05-14 06:00:00,102,8.08,39.11
46,-11.702534549364874,21.010138744484912,2025-05-14 09:00:00,105,9.41,39.01
46,-11.702534549364874,21.010138744484912,2025-05-14 12:00:00,108,7.17,40.13
46,-11.702534549364874,21.010138744484912,2025-05-14 15:00:00,111,9.27,46.19
46,-11.702534549364874,21.010138744484912,2025-05-14 18:00:00,114,5.31,38.34
46,-11.702534549364874,21.010138744484912,2025-05-14 21:00:00,117,6.39,39.33
47,-11.942810790769322,21.56030601010328,2025-05-10 00:00:00,0,4.91,19.64
47,-11.942810790769322,21.56030601010328,2025-05-10 03:00:00,3,8.11,28.9
47,-11.942810790769322,21.56030601010328,2025-05-10 06:00:00,6,6.31,30.52
47,-11.942810790769322,21.56030601010328,2025-05-10 09:00:00,9,5.87,34.6
47,-11.942810790769322,21.56030601010328,2025-05-10 12:00:00,12,9.27,46.15
47,-11.942810790769322,21.56030601010328,2025-05-10 15:00:00,15,6.32,45.02
47,-11.942810790769322,21.56030601010328,2025-05-10 18:00:00,18,6.85,45.0
47,-11.942810790769322,21.56030601010328,2025-05-10 21:00:00,21,6.56,46.06
47,-11.942810790769322,21.56030601010328,2025-05-11 00:00:00,24,6.18,38.75
47,-11.942810790769322,21.56030601010328,2025-05-11 03:00:00,27,2.21,31.48
47,-11.942810790769322,21.56030601010328,2025-05-11 06:00:00,30,4.86,31.25
47,-11.942810790769322,21.56030601010328,2025-05-11 09:00:00,33,1.3,14.86
47,-11.942810790769322,21.56030601010328,2025-05-11 12:00:00,36,2.9,19.33
47,-11.942810790769322,21.56030601010328,2025-05-11 15:00:00,39,0.41,14.79
47,-11.942810790769322,21.56030601010328,2025-05-11 18:00:00,42,3.12,17.43
47,-11.942810790769322,21.56030601010328,2025-05-11 21:00:00,45,2.59,17.42
47,-11.942810790769322,21.56030601010328,2025-05-12 00:00:00,48,4.58,18.4
47,-11.942810790769322,21.56030601010328,2025-05-12 03:00:00,51,7.51,33.09
47,-11.942810790769322,21.56030601010328,2025-05-12 06:00:00,54,5.71,31.15
47,-11.942810790769322,21.56030601010328,2025-05-12 09:00:00,57,8.86,40.51
47,-11.942810790769322,21.56030601010328,2025-05-12 12:00:00,60,6.39,37.23
47,-11.942810790769322,21.56030601010328,2025-05-12 15:00:00,63,7.98,47.19
47,-11.942810790769322,21.56030601010328,2025-05-12 18:00:00,66,6.72,44.97
47,-11.942810790769322,21.56030601010328,2025-05-12 21:00:00,69,7.85,41.9
47,-11.942810790769322,21.56030601010328,2025-05-13 00:00:00,72,4.85,40.63
47,-11.942810790769322,21.56030601010328,2025-05-13 03:00:00,75,5.54,37.59
47,-11.942810790769322,21.56030601010328,2025-05-13 06:00:00,78,1.03,24.97
47,-11.942810790769322,21.56030601010328,2025-05-13 09:00:00,81,4.1,21.39
47,-11.942810790769322,21.56030601010328,2025-05-13 12:00:00,84,0.53,12.86
47,-11.942810790769322,21.56030601010328,2025-05-13 15:00:00,87,2.61,16.69
47,-11.942810790769322,21.56030601010328,2025-05-13 18:00:00,90,3.92,18.56
47,-11.942810790769322,21.56030601010328,2025-05-13 21:00:00,93,3.5,17.92
47,-11.942810790769322,21.56030601010328,2025-05-14 00:00:00,96,3.29,20.45
47,-11.942810790769322,21.56030601010328,2025-05-14 03:00:00,99,5.06,29.23
47,-11.942810790769322,21.56030601010328,2025-05-14 06:00:00,102,7.85,34.92
47,-11.942810790769322,21.56030601010328,2025-05-14 09:00:00,105,8.28,39.32
47,-11.942810790769322,21.56030601010328,2025-05-14 12:00:00,108,6.9,42.22
47,-11.942810790769322,21.56030601010328,2025-05-14 15:00:00,111,7.01,40.43
47,-11.942810790769322,21.56030601010328,2025-05-14 18:00:00,114,7.6,47.14
47,-11.942810790769322,21.56030601010328,2025-05-14 21:00:00,117,5.96,37.56
48,-11.266073508145494,21.516111907721633,2025-05-10 00:00:00,0,3.96,21.33
48,-11.266073508145494,21.516111907721633,2025-05-10 03:00:00,3,7.98,32.64
48,-11.266073508145494,21.516111907721633,2025-05-10 06:00:00,6,6.92,37.73
48,-11.266073508145494,21.516111907721633,2025-05-10 09:00:00,9,5.88,33.4
48,-11.266073508145494,21.516111907721633,2025-05-10 12:00:00,12,6.82,38.73
48,-11.266073508145494,21.516111907721633,2025-05-10 15:00:00,15,7.84,45.59
48,-11.266073508145494,21.516111907721633,2025-05-10 18:00:00,18,6.55,44.71
48,-11.266073508145494,21.516111907721633,2025-05-10 21:00:00,21,4.71,35.82
48,-11.266073508145494,21.516111907721633,2025-05-11 00:00:00,24,5.48,41.86
48,-11.266073508145494,21.516111907721633,2025-05-11 03:00:00,27,2.02,27.34
48,-11.266073508145494,21.516111907721633,2025-05-11 06:00:00,30,4.17,29.23
48,-11.266073508145494,21.516111907721633,2025-05-11 09:00:00,33,0.56,13.65
48,-11.266073508145494,21.516111907721633,2025-05-11 12:00:00,36,1.68,17.58
48,-11.266073508145494,21.516111907721633,2025-05-11 15:00:00,39,2.28,14.7
48,-11.266073508145494,21.516111907721633,2025-05-11 18:00:00,42,1.06,13.82
48,-11.266073508145494,21.516111907721633,2025-05-11 21:00:00,45,2.41,15.61
48,-11.266073508145494,21.516111907721633,2025-05-12 00:00:00,48,5.84,25.69
48,-11.266073508145494,21.516111907721633,2025-05-12 03:00:00,51,6.24,29.55
48,-11.266073508145494,21.516111907721633,2025-05-12 06:00:00,54,8.32,37.79
48,-11.266073508145494,21.516111907721633,2025-05-12 09:00:00,57,6.64,36.44
48,-11.266073508145494,21.516111907721633,2025-05-12 12:00:00,60,7.82,43.69
48,-11.266073508145494,21.516111907721633,2025-05-12 15:00:00,63,6.3,44.78
48,-11.266073508145494,21.516111907721633,2025-05-12 18:00:00,66,7.49,47.22
48,-11.266073508145494,21.516111907721633,2025-05-12 21:00:00,69,5.18,38.46
48,-11.266073508145494,21.516111907721633,2025-05-13 00:00:00,72,4.69,34.91
48,-11.266073508145494,21.516111907721633,2025-05-13 03:00:00,75,2.25,29.98
48,-11.266073508145494,21.516111907721633,2025-05-13 06:00:00,78,4.22,27.17
48,-11.266073508145494,21.516111907721633,2025-05-13 09:00:00,81,2.83,19.02
48,-11.266073508145494,21.516111907721633,2025-05-13 12:00:00,84,0.96,18.38
48,-11.266073508145494,21.516111907721633,2025-05-13 15:00:00,87,3.84,16.48
48,-11.266073508145494,21.516111907721633,2025-05-13 18:00:00,90,2.19,16.23
48,-11.266073508145494,21.516111907721633,2025-05-13 21:00:00,93,3.65,15.77
48,-11.266073508145494,21.516111907721633,2025-05-14 00:00:00,96,4.81,23.97
48,-11.266073508145494,21.516111907721633,2025-05-14 03:00:00,99,6.92,31.59
48,-11.266073508145494,21.516111907721633,2025-05-14 06:00:00,102,8.96,35.86
48,-11.266073508145494,21.516111907721633,2025-05-14 09:00:00,105,8.15,40.71
48,-11.266073508145494,21.516111907721633,2025-05-14 12:00:00,108,8.25,42.04
48,-11.266073508145494,21.516111907721633,2025-05-14 15:00:00,111,8.65,42.7
48,-11.266073508145494,21.516111907721633,2025-05-14 18:00:00,114,5.48,42.73
48,-11.266073508145494,21.516111907721633,2025-05-14 21:00:00,117,4.65,37.77
49,-11.725309176680344,21.69037083088291,2025-05-10 00:00:00,0,3.17,20.74
49,-11.725309176680344,21.69037083088291,2025-05-10 03:00:00,3,4.65,24.18
49,-11.725309176680344,21.69037083088291,2025-05-10 06:00:00,6,8.17,39.86
49,-11.725309176680344,21.69037083088291,2025-05-10 09:00:00,9,9.49,44.92
49,-11.725309176680344,21.69037083088291,2025-05-10 12:00:00,12,8.56,44.32
49,-11.725309176680344,21.69037083088291,2025-05-10 15:00:00,15,7.59,46.94
49,-11.725309176680344,21.69037083088291,2025-05-10 18:00:00,18,8.8,44.16
49,-11.725309176680344,21.69037083088291,2025-05-10 21:00:00,21,7.12,45.17
49,-11.725309176680344,21.69037083088291,2025-05-11 00:00:00,24,3.69,31.28
49,-11.725309176680344,21.69037083088291,2025-05-11 03:00:00,27,4.58,34.03
49,-11.725309176680344,21.69037083088291,2025-05-11 06:00:00,30,2.47,27.12
49,-11.725309176680344,21.69037083088291,2025-05-11 09:00:00,33,4.16,21.02
49,-11.725309176680344,21.69037083088291,2025-05-11 12:00:00,36,1.14,11.91
49,-11.725309176680344,21.69037083088291,2025-05-11 15:00:00,39,0.88,15.49
49,-11.725309176680344,21.69037083088291,2025-05-11 18:00:00,42,0.92,9.39
49,-11.725309176680344,21.69037083088291,2025-05-11 21:00:00,45,4.21,16.47
49,-11.725309176680344,21.69037083088291,2025-05-12 00:00:00,48,4.52,22.28
49,-11.725309176680344,21.69037083088291,2025-05-12 03:00:00,51,6.3,24.86
49,-11.725309176680344,21.69037083088291,2025-05-12 06:00:00,54,8.2,33.99
49,-11.725309176680344,21.69037083088291,2025-05-12 09:00:00,57,9.5,44.76
49,-11.725309176680344,21.69037083088291,2025-05-12 12:00:00,60,7.58,39.85
49,-11.725309176680344,21.69037083088291,2025-05-12 15:00:00,63,6.67,39.49
49,-11.725309176680344,21.69037083088291,2025-05-12 18:00:00,66,5.14,36.88
49,-11.725309176680344,21.69037083088291,2025-05-12 21:00:00,69,6.8,39.16
49,-11.725309176680344,21.69037083088291,2025-05-13 00:00:00,72,5.26,37.24
49,-11.725309176680344,21.69037083088291,2025-05-13 03:00:00,75,5.42,36.38
49,-11.725309176680344,21.69037083088291,2025-05-13 06:00:00,78,2.04,20.3
49,-11.725309176680344,21.69037083088291,2025-05-13 09:00:00,81,3.66,23.35
49,-11.725309176680344,21.69037083088291,2025-05-13 12:00:00,84,0.97,12.12
49,-11.725309176680344,21.69037083088291,2025-05-13 15:00:00,87,1.46,15.78
49,-11.725309176680344,21.69037083088291,2025-05-13 18:00:00,90,1.28,14.68
49,-11.725309176680344,21.69037083088291,2025-05-13 21:00:00,93,3.49,15.38
49,-11.725309176680344,21.69037083088291,2025-05-14 00:00:00,96,5.09,23.9
49,-11.725309176680344,21.69037083088291,2025-05-14 03:00:00,99,5.69,24.16
49,-11.725309176680344,21.69037083088291,2025-05-14 06:00:00,102,6.27,31.94
49,-11.725309176680344,21.69037083088291,2025-05-14 09:00:00,105,6.52,35.56
49,-11.725309176680344,21.69037083088291,2025-05-14 12:00:00,108,7.09,39.27
49,-11.725309176680344,21.69037083088291,2025-05-14 15:00:00,111,6.12,43.87
49,-11.725309176680344,21.69037083088291,2025-05-14 18:00:00,114,6.92,46.67
49,-11.725309176680344,21.69037083088291,2025-05-14 21:00:00,117,7.15,46.38
50,-11.277427915120818,21.139678952009923,2025-05-10 00:00:00,0,5.14,21.57
50,-11.277427915120818,21.139678952009923,2025-05-10 03:00:00,3,7.85,33.46
50,-11.277427915120818,21.139678952009923,2025-05-10 06:00:00,6,7.03,33.72
50,-11.277427915120818,21.139678952009923,2025-05-10 09:00:00,9,6.78,34.15
50,-11.277427915120818,21.139678952009923,2025-05-10 12:00:00,12,9.51,48.67
50,-11.277427915120818,21.139678952009923,2025-05-10 15:00:00,15,7.68,43.65
50,-11.277427915120818,21.139678952009923,2025-05-10 18:00:00,18,6.5,39.47
50,-11.277427915120818,21.139678952009923,2025-05-10 21:00:00,21,5.89,42.21
50,-11.277427915120818,21.139678952009923,2025-05-11 00:00:00,24,4.39,35.45
50,-11.277427915120818,21.139678952009923,2025-05-11 03:00:00,27,4.96,32.1
50,-11.277427915120818,21.139678952009923,2025-05-11 06:00:00,30,3.41,25.49
50,-11.277427915120818,21.139678952009923,2025-05-11 09:00:00,33,1.8,21.09
50,-11.277427915120818,21.139678952009923,2025-05-11 12:00:00,36,1.58,14.5
50,-11.277427915120818,21.139678952009923,2025-05-11 15:00:00,39,2.68,17.85
50,-11.277427915120818,21.139678952009923,2025-05-11 18:00:00,42,4.03,16.12
50,-11.277427915120818,21.139678952009923,2025-05-11 21:00:00,45,2.74,20.03
50,-11.277427915120818,21.139678952009923,2025-05-12 00:00:00,48,6.99,28.3
50,-11.277427915120818,21.139678952009923,2025-05-12 03:00:00,51,4.44,23.79
50,-11.277427915120818,21.139678952009923,2025-05-12 06:00:00,54,8.46,35.49
50,-11.277427915120818,21.139678952009923,2025-05-12 09:00:00,57,8.44,42.49
50,-11.277427915120818,21.139678952009923,2025-05-12 12:00:00,60,6.12,41.23
50,-11.277427915120818,21.139678952009923,2025-05-12 15:00:00,63,7.65,42.26
50,-11.277427915120818,21.139678952009923,2025-05-12 18:00:00,66,9.06,49.87
50,-11.277427915120818,21.139678952009923,2025-05-12 21:00:00,69,5.22,40.39
50,-11.277427915120818,21.139678952009923,2025-05-13 00:00:00,72,6.31,38.41
50,-11.277427915120818,21.139678952009923,2025-05-13 03:00:00,75,3.95,35.35
50,-11.277427915120818,21.139678952009923,2025-05-13 06:00:00,78,1.73,27.39
50,-11.277427915120818,21.139678952009923,2025-05-13 09:00:00,81,0.28,16.44
50,-11.277427915120818,21.139678952009923,2025-05-13 12:00:00,84,3.22,19.68
50,-11.277427915120818,21.139678952009923,2025-05-13 15:00:00,87,1.41,16.89
50,-11.277427915120818,21.139678952009923,2025-05-13 18:00:00,90,3.69,18.99
50,-11.277427915120818,21.139678952009923,2025-05-13 21:00:00,93,5.43,20.97
50,-11.277427915120818,21.139678952009923,2025-05-14 00:00:00,96,6.37,21.81
50,-11.277427915120818,21.139678952009923,2025-05-14 03:00:00,99,6.9,30.21
50,-11.277427915120818,21.139678952009923,2025-05-14 06:00:00,102,7.91,35.66
50,-11.277427915120818,21.139678952009923,2025-05-14 09:00:00,105,7.28,35.59
50,-11.277427915120818,21.139678952009923,2025-05-14 12:00:00,108,9.54,45.92
50,-11.277427915120818,21.139678952009923,2025-05-14 15:00:00,111,7.11,43.48
50,-11.277427915120818,21.139678952009923,2025-05-14 18:00:00,114,7.05,42.03
50,-11.277427915120818,21.139678952009923,2025-05-14 21:00:00,117,4.66,36.53
51,-11.346437294521719,21.44653703708837,2025-05-10 00:00:00,0,5.92,26.41
51,-11.346437294521719,21.44653703708837,2025-05-10 03:00:00,3,6.38,31.21
51,-11.346437294521719,21.44653703708837,2025-05-10 06:00:00,6,6.18,29.66
51,-11.346437294521719,21.44653703708837,2025-05-10 09:00:00,9,6.91,34.83
51,-11.346437294521719,21.44653703708837,2025-05-10 12:00:00,12,9.87,44.88
51,-11.346437294521719,21.44653703708837,2025-05-10 15:00:00,15,6.77,40.31
51,-11.346437294521719,21.44653703708837,2025-05-10 18:00:00,18,8.16,44.44
51,-11.346437294521719,21.44653703708837,2025-05-10 21:00:00,21,5.9,43.1
51,-11.346437294521719,21.44653703708837,2025-05-11 00:00:00,24,5.38,40.94
51,-11.346437294521719,21.44653703708837,2025-05-11 03:00:00,27,3.98,28.88
51,-11.346437294521719,21.44653703708837,2025-05-11 06:00:00,30,2.93,22.99
51,-11.346437294521719,21.44653703708837,2025-05-11 09:00:00,33,0.24,19.35
51,-11.346437294521719,21.44653703708837,2025-05-11 12:00:00,36,0.23,12.39
51,-11.346437294521719,21.44653703708837,2025-05-11 15:00:00,39,0.45,11.15
51,-11.346437294521719,21.44653703708837,2025-05-11 18:00:00,42,1.67,14.86
51,-11.346437294521719,21.44653703708837,2025-05-11 21:00:00,45,3.16,19.45
51,-11.346437294521719,21.44653703708837,2025-05-12 00:00:00,48,6.31,21.76
51,-11.346437294521719,21.44653703708837,2025-05-12 03:00:00,51,7.29,31.89
51,-11.346437294521719,21.44653703708837,2025-05-12 06:00:00,54,7.88,33.36
51,-11.346437294521719,21.44653703708837,2025-05-12 09:00:00,57,8.84,39.05
51,-11.346437294521719,21.44653703708837,2025-05-12 12:00:00,60,9.25,47.09
51,-11.346437294521719,21.44653703708837,2025-05-12 15:00:00,63,7.5,46.92
51,-11.346437294521719,21.44653703708837,2025-05-12 18:00:00,66,8.06,49.15
51,-11.346437294521719,21.44653703708837,2025-05-12 21:00:00,69,7.69,47.58
51,-11.346437294521719,21.44653703708837,2025-05-13 00:00:00,72,4.88,37.5
51,-11.346437294521719,21.44653703708837,2025-05-13 03:00:00,75,3.43,34.54
51,-11.346437294521719,21.44653703708837,2025-05-13 06:00:00,78,2.28,25.34
51,-11.346437294521719,21.44653703708837,2025-05-13 09:00:00,81,2.48,24.47
51,-11.346437294521719,21.44653703708837,2025-05-13 12:00:00,84,0.09,13.11
51,-11.346437294521719,21.44653703708837,2025-05-13 15:00:00,87,2.56,16.0
51,-11.346437294521719,21.44653703708837,2025-05-13 18:00:00,90,1.83,14.83
51,-11.346437294521719,21.44653703708837,2025-05-13 21:00:00,93,3.33,17.12
51,-11.346437294521719,21.44653703708837,2025-05-14 00:00:00,96,3.12,19.99
51,-11.346437294521719,21.44653703708837,2025-05-14 03:00:00,99,5.19,29.31
51,-11.346437294521719,21.44653703708837,2025-05-14 06:00:00,102,8.16,36.36
51,-11.346437294521719,21.44653703708837,2025-05-14 09:00:00,105,5.8,31.73
51,-11.346437294521719,21.44653703708837,2025-05-14 12:00:00,108,9.48,49.0
51,-11.346437294521719,21.44653703708837,2025-05-14 15:00:00,111,6.43,38.58
51,-11.346437294521719,21.44653703708837,2025-05-14 18:00:00,114,7.11,47.66
51,-11.346437294521719,21.44653703708837,2025-05-14 21:00:00,117,7.27,44.29
52,-11.890905035795834,21.609964740859475,2025-05-10 00:00:00,0,5.44,22.87
52,-11.890905035795834,21.609964740859475,2025-05-10 03:00:00,3,7.18,33.07
52,-11.890905035795834,21.609964740859475,2025-05-10 06:00:00,6,6.39,28.93
52,-11.890905035795834,21.609964740859475,2025-05-10 09:00:00,9,6.03,36.59
52,-11.890905035795834,21.609964740859475,2025-05-10 12:00:00,12,7.76,44.48
52,-11.890905035795834,21.609964740859475,2025-05-10 15:00:00,15,8.48,46.78
52,-11.890905035795834,21.609964740859475,2025-05-10 18:00:00,18,7.31,46.13
52,-11.890905035795834,21.609964740859475,2025-05-10 21:00:00,21,7.69,41.45
52,-11.890905035795834,21.609964740859475,2025-05-11 00:00:00,24,3.83,36.39
52,-11.890905035795834,21.609964740859475,2025-05-11 03:00:00,27,3.89,27.76
52,-11.890905035795834,21.609964740859475,2025-05-11 06:00:00,30,3.97,28.68
52,-11.890905035795834,21.609964740859475,2025-05-11 09:00:00,33,2.76,24.65
52,-11.890905035795834,21.609964740859475,2025-05-11 12:00:00,36,0.09,14.86
52,-11.890905035795834,21.609964740859475,2025-05-11 15:00:00,39,0.39,9.81
52,-11.890905035795834,21.609964740859475,2025-05-11 18:00:00,42,4.21,21.87
52,-11.890905035795834,21.609964740859475,2025-05-11 21:00:00,45,4.19,21.92
52,-11.890905035795834,21.609964740859475,2025-05-12 00:00:00,48,5.97,26.61
52,-11.890905035795834,21.609964740859475,2025-05-12 03:00:00,51,5.8,26.06
52,-11.890905035795834,21.609964740859475,2025-05-12 06:00:00,54,9.01,41.46
52,-11.890905035795834,21.609964740859475,2025-05-12 09:00:00,57,6.08,34.74
52,-11.890905035795834,21.609964740859475,2025-05-12 12:00:00,60,7.13,38.04
52,-11.890905035795834,21.609964740859475,2025-05-12 15:00:00,63,8.36,44.4
52,-11.890905035795834,21.609964740859475,2025-05-12 18:00:00,66,6.97,42.99
52,-11.890905035795834,21.609964740859475,2025-05-12 21:00:00,69,8.11,45.84
52,-11.890905035795834,21.609964740859475,2025-05-13 00:00:00,72,6.62,36.81
52,-11.890905035795834,21.609964740859475,2025-05-13 03:00:00,75,4.71,36.42
52,-11.890905035795834,21.609964740859475,2025-05-13 06:00:00,78,2.68,27.25
52,-11.890905035795834,21.609964740859475,2025-05-13 09:00:00,81,3.49,22.09
52,-11.890905035795834,21.609964740859475,2025-05-13 12:00:00,84,0.38,10.15
52,-11.890905035795834,21.609964740859475,2025-05-13 15:00:00,87,2.26,15.81
52,-11.890905035795834,21.609964740859475,2025-05-13 18:00:00,90,1.77,15.3
52,-11.890905035795834,21.609964740859475,2025-05-13 21:00:00,93,4.24,22.46
52,-11.890905035795834,21.609964740859475,2025-05-14 00:00:00,96,4.34,22.5
52,-11.890905035795834,21.609964740859475,2025-05-14 03:00:00,99,7.27,30.65
52,-11.890905035795834,21.609964740859475,2025-05-14 06:00:00,102,5.35,28.35
52,-11.890905035795834,21.609964740859475,2025-05-14 09:00:00,105,9.35,41.85
52,-11.890905035795834,21.609964740859475,2025-05-14 12:00:00,108,8.17,45.18
52,-11.890905035795834,21.609964740859475,2025-05-14 15:00:00,111,7.55,42.0
52,-11.890905035795834,21.609964740859475,2025-05-14 18:00:00,114,7.76,44.04
52,-11.890905035795834,21.609964740859475,2025-05-14 21:00:00,117,6.82,41.27
53,-11.45539383575746,21.63217235329991,2025-05-10 00:00:00,0,6.15,23.73
53,-11.45539383575746,21.63217235329991,2025-05-10 03:00:00,3,5.88,24.38
53,-11.45539383575746,21.63217235329991,2025-05-10 06:00:00,6,7.23,37.67
53,-11.45539383575746,21.63217235329991,2025-05-10 09:00:00,9,9.18,38.47
53,-11.45539383575746,21.63217235329991,2025-05-10 12:00:00,12,9.49,43.84
53,-11.45539383575746,21.63217235329991,2025-05-10 15:00:00,15,5.98,44.31
53,-11.45539383575746,21.63217235329991,2025-05-10 18:00:00,18,6.14,38.44
53,-11.45539383575746,21.63217235329991,2025-05-10 21:00:00,21,6.83,45.35
53,-11.45539383575746,21.63217235329991,2025-05-11 00:00:00,24,3.45,31.83
53,-11.45539383575746,21.63217235329991,2025-05-11 03:00:00,27,4.25,33.54
53,-11.45539383575746,21.63217235329991,2025-05-11 06:00:00,30,3.4,29.63
53,-11.45539383575746,21.63217235329991,2025-05-11 09:00:00,33,2.1,20.99
53,-11.45539383575746,21.63217235329991,2025-05-11 12:00:00,36,2.98,18.13
53,-11.45539383575746,21.63217235329991,2025-05-11 15:00:00,39,0.29,11.87
53,-11.45539383575746,21.63217235329991,2025-05-11 18:00:00,42,3.07,19.24
53,-11.45539383575746,21.63217235329991,2025-05-11 21:00:00,45,3.32,16.22
53,-11.45539383575746,21.63217235329991,2025-05-12 00:00:00,48,5.97,22.88
53,-11.45539383575746,21.63217235329991,2025-05-12 03:00:00,51,7.67,35.12
53,-11.45539383575746,21.63217235329991,2025-05-12 06:00:00,54,5.4,32.52
53,-11.45539383575746,21.63217235329991,2025-05-12 09:00:00,57,7.84,36.22
53,-11.45539383575746,21.63217235329991,2025-05-12 12:00:00,60,9.25,46.06
53,-11.45539383575746,21.63217235329991,2025-05-12 15:00:00,63,6.26,42.97
53,-11.45539383575746,21.63217235329991,2025-05-12 18:00:00,66,7.48,45.69
53,-11.45539383575746,21.63217235329991,2025-05-12 21:00:00,69,6.26,39.63
53,-11.45539383575746,21.63217235329991,2025-05-13 00:00:00,72,6.3,39.13
53,-11.45539383575746,21.63217235329991,2025-05-13 03:00:00,75,2.66,25.86
53,-11.45539383575746,21.63217235329991,2025-05-13 06:00:00,78,4.86,27.31
53,-11.45539383575746,21.63217235329991,2025-05-13 09:00:00,81,3.07,22.79
53,-11.45539383575746,21.63217235329991,2025-05-13 12:00:00,84,0.53,13.14
53,-11.45539383575746,21.63217235329991,2025-05-13 15:00:00,87,0.48,13.18
53,-11.45539383575746,21.63217235329991,2025-05-13 18:00:00,90,3.34,15.28
53,-11.45539383575746,21.63217235329991,2025-05-13 21:00:00,93,2.08,13.39
53,-11.45539383575746,21.63217235329991,2025-05-14 00:00:00,96,6.67,24.02
53,-11.45539383575746,21.63217235329991,2025-05-14 03:00:00,99,4.98,25.23
53,-11.45539383575746,21.63217235329991,2025-05-14 06:00:00,102,7.38,36.87
53,-11.45539383575746,21.63217235329991,2025-05-14 09:00:00,105,6.1,37.85
53,-11.45539383575746,21.63217235329991,2025-05-14 12:00:00,108,6.5,40.05
53,-11.45539383575746,21.63217235329991,2025-05-14 15:00:00,111,8.27,46.66
53,-11.45539383575746,21.63217235329991,2025-05-14 18:00:00,114,5.33,38.27
53,-11.45539383575746,21.63217235329991,2025-05-14 21:00:00,117,5.82,44.87
54,-11.896537155269264,21.322859675794202,2025-05-10 00:00:00,0,4.19,23.51
54,-11.896537155269264,21.322859675794202,2025-05-10 03:00:00,3,6.07,31.39
54,-11.896537155269264,21.322859675794202,2025-05-10 06:00:00,6,8.67,35.81
54,-11.896537155269264,21.322859675794202,2025-05-10 09:00:00,9,7.93,43.15
54,-11.896537155269264,21.322859675794202,2025-05-10 12:00:00,12,9.33,49.48
54,-11.896537155269264,21.322859675794202,2025-05-10 15:00:00,15,9.36,48.23
54,-11.896537155269264,21.322859675794202,2025-05-10 18:00:00,18,8.82,51.56
54,-11.896537155269264,21.322859675794202,2025-05-10 21:00:00,21,6.51,39.5
54,-11.896537155269264,21.322859675794202,2025-05-11 00:00:00,24,6.53,37.8
54,-11.896537155269264,21.322859675794202,2025-05-11 03:00:00,27,2.89,27.25
54,-11.896537155269264,21.322859675794202,2025-05-11 06:00:00,30,2.96,28.34
54,-11.896537155269264,21.322859675794202,2025-05-11 09:00:00,33,2.47,18.1
54,-11.896537155269264,21.322859675794202,2025-05-11 12:00:00,36,2.28,20.7
54,-11.896537155269264,21.322859675794202,2025-05-11 15:00:00,39,2.57,12.48
54,-11.896537155269264,21.322859675794202,2025-05-11 18:00:00,42,3.53,13.59
54,-11.896537155269264,21.322859675794202,2025-05-11 21:00:00,45,5.13,21.63
54,-11.896537155269264,21.322859675794202,2025-05-12 00:00:00,48,5.37,23.07
54,-11.896537155269264,21.322859675794202,2025-05-12 03:00:00,51,5.22,24.49
54,-11.896537155269264,21.322859675794202,2025-05-12 06:00:00,54,7.22,32.33
54,-11.896537155269264,21.322859675794202,2025-05-12 09:00:00,57,7.06,38.69
54,-11.896537155269264,21.322859675794202,2025-05-12 12:00:00,60,7.15,41.48
54,-11.896537155269264,21.322859675794202,2025-05-12 15:00:00,63,7.35,40.19
54,-11.896537155269264,21.322859675794202,2025-05-12 18:00:00,66,6.1,42.44
54,-11.896537155269264,21.322859675794202,2025-05-12 21:00:00,69,6.35,38.37
54,-11.896537155269264,21.322859675794202,2025-05-13 00:00:00,72,6.1,38.71
54,-11.896537155269264,21.322859675794202,2025-05-13 03:00:00,75,5.08,36.95
54,-11.896537155269264,21.322859675794202,2025-05-13 06:00:00,78,2.77,25.4
54,-11.896537155269264,21.322859675794202,2025-05-13 09:00:00,81,3.81,24.76
54,-11.896537155269264,21.322859675794202,2025-05-13 12:00:00,84,1.73,14.49
54,-11.896537155269264,21.322859675794202,2025-05-13 15:00:00,87,2.43,16.79
54,-11.896537155269264,21.322859675794202,2025-05-13 18:00:00,90,1.34,10.74
54,-11.896537155269264,21.322859675794202,2025-05-13 21:00:00,93,4.65,19.81
54,-11.896537155269264,21.322859675794202,2025-05-14 00:00:00,96,3.17,17.06
54,-11.896537155269264,21.322859675794202,2025-05-14 03:00:00,99,4.83,28.31
54,-11.896537155269264,21.322859675794202,2025-05-14 06:00:00,102,7.83,33.58
54,-11.896537155269264,21.322859675794202,2025-05-14 09:00:00,105,9.15,41.3
54,-11.896537155269264,21.322859675794202,2025-05-14 12:00:00,108,7.18,39.22
54,-11.896537155269264,21.322859675794202,2025-05-14 15:00:00,111,9.53,47.15
54,-11.896537155269264,21.322859675794202,2025-05-14 18:00:00,114,8.81,46.25
54,-11.896537155269264,21.322859675794202,2025-05-14 21:00:00,117,8.06,44.85
55,-11.912280764442823,21.196682269597535,2025-05-10 00:00:00,0,6.72,23.84
55,-11.912280764442823,21.196682269597535,2025-05-10 03:00:00,3,7.77,34.46
55,-11.912280764442823,21.196682269597535,2025-05-10 06:00:00,6,8.49,35.56
55,-11.912280764442823,21.196682269597535,2025-05-10 09:00:00,9,9.27,39.25
55,-11.912280764442823,21.196682269597535,2025-05-10 12:00:00,12,8.52,43.91
55,-11.912280764442823,21.196682269597535,2025-05-10 15:00:00,15,5.81,40.17
55,-11.912280764442823,21.196682269597535,2025-05-10 18:00:00,18,8.53,45.47
55,-11.912280764442823,21.196682269597535,2025-05-10 21:00:00,21,7.17,43.46
55,-11.912280764442823,21.196682269597535,2025-05-11 00:00:00,24,6.11,39.64
55,-11.912280764442823,21.196682269597535,2025-05-11 03:00:00,27,2.27,31.27
55,-11.912280764442823,21.196682269597535,2025-05-11 06:00:00,30,3.49,24.74
55,-11.912280764442823,21.196682269597535,2025-05-11 09:00:00,33,0.31,14.53
55,-11.912280764442823,21.196682269597535,2025-05-11 12:00:00,36,2.19,19.86
55,-11.912280764442823,21.196682269597535,2025-05-11 15:00:00,39,3.93,17.37
55,-11.912280764442823,21.196682269597535,2025-05-11 18:00:00,42,4.8,23.09
55,-11.912280764442823,21.196682269597535,2025-05-11 21:00:00,45,2.16,16.48
55,-11.912280764442823,21.196682269597535,2025-05-12 00:00:00,48,4.97,22.23
55,-11.912280764442823,21.196682269597535,2025-05-12 03:00:00,51,6.98,29.91
55,-11.912280764442823,21.196682269597535,2025-05-12 06:00:00,54,6.39,29.95
55,-11.912280764442823,21.196682269597535,2025-05-12 09:00:00,57,6.39,37.47
55,-11.912280764442823,21.196682269597535,2025-05-12 12:00:00,60,8.34,41.87
55,-11.912280764442823,21.196682269597535,2025-05-12 15:00:00,63,6.66,44.08
55,-11.912280764442823,21.196682269597535,2025-05-12 18:00:00,66,5.47,39.33
55,-11.912280764442823,21.196682269597535,2025-05-12 21:00:00,69,8.04,45.92
55,-11.912280764442823,21.196682269597535,2025-05-13 00:00:00,72,3.14,36.61
55,-11.912280764442823,21.196682269597535,2025-05-13 03:00:00,75,2.9,27.5
55,-11.912280764442823,21.196682269597535,2025-05-13 06:00:00,78,3.2,24.86
55,-11.912280764442823,21.196682269597535,2025-05-13 09:00:00,81,0.66,19.87
55,-11.912280764442823,21.196682269597535,2025-05-13 12:00:00,84,1.08,15.27
55,-11.912280764442823,21.196682269597535,2025-05-13 15:00:00,87,1.11,14.38
55,-11.912280764442823,21.196682269597535,2025-05-13 18:00:00,90,4.52,19.9
55,-11.912280764442823,21.196682269597535,2025-05-13 21:00:00,93,2.19,17.33
55,-11.912280764442823,21.196682269597535,2025-05-14 00:00:00,96,4.78,26.18
55,-11.912280764442823,21.196682269597535,2025-05-14 03:00:00,99,6.35,27.59
55,-11.912280764442823,21.196682269597535,2025-05-14 06:00:00,102,8.15,38.2
55,-11.912280764442823,21.196682269597535,2025-05-14 09:00:00,105,8.98,43.12
55,-11.912280764442823,21.196682269597535,2025-05-14 12:00:00,108,6.4,41.86
55,-11.912280764442823,21.196682269597535,2025-05-14 15:00:00,111,8.03,49.05
55,-11.912280764442823,21.196682269597535,2025-05-14 18:00:00,114,8.02,42.84
55,-11.912280764442823,21.196682269597535,2025-05-14 21:00:00,117,4.89,40.93
56,-11.65261992662912,21.68385204046754,2025-05-10 00:00:00,0,6.61,24.92
56,-11.65261992662912,21.68385204046754,2025-05-10 03:00:00,3,4.43,24.82
56,-11.65261992662912,21.68385204046754,2025-05-10 06:00:00,6,7.02,37.94
56,-11.65261992662912,21.68385204046754,2025-05-10 09:00:00,9,5.89,32.36
56,-11.65261992662912,21.68385204046754,2025-05-10 12:00:00,12,8.25,43.07
56,-11.65261992662912,21.68385204046754,2025-05-10 15:00:00,15,8.61,46.91
56,-11.65261992662912,21.68385204046754,2025-05-10 18:00:00,18,5.69,41.83
56,-11.65261992662912,21.68385204046754,2025-05-10 21:00:00,21,4.78,39.76
56,-11.65261992662912,21.68385204046754,2025-05-11 00:00:00,24,6.42,35.95
56,-11.65261992662912,21.68385204046754,2025-05-11 03:00:00,27,5.12,37.89
56,-11.65261992662912,21.68385204046754,2025-05-11 06:00:00,30,1.95,21.31
56,-11.65261992662912,21.68385204046754,2025-05-11 09:00:00,33,3.54,21.09
56,-11.65261992662912,21.68385204046754,2025-05-11 12:00:00,36,3.77,18.71
56,-11.65261992662912,21.68385204046754,2025-05-11 15:00:00,39,2.32,13.45
56,-11.65261992662912,21.68385204046754,2025-05-11 18:00:00,42,1.81,13.91
56,-11.65261992662912,21.68385204046754,2025-05-11 21:00:00,45,2.9,13.6
56,-11.65261992662912,21.68385204046754,2025-05-12 00:00:00,48,5.98,26.51
56,-11.65261992662912,21.68385204046754,2025-05-12 03:00:00,51,5.87,31.82
56,-11.65261992662912,21.68385204046754,2025-05-12 06:00:00,54,8.53,40.44
56,-11.65261992662912,21.68385204046754,2025-05-12 09:00:00,57,7.25,39.13
56,-11.65261992662912,21.68385204046754,2025-05-12 12:00:00,60,9.23,45.64
56,-11.65261992662912,21.68385204046754,2025-05-12 15:00:00,63,9.02,47.84
56,-11.65261992662912,21.68385204046754,2025-05-12 18:00:00,66,7.11,40.55
56,-11.65261992662912,21.68385204046754,2025-05-12 21:00:00,69,6.8,41.89
56,-11.65261992662912,21.68385204046754,2025-05-13 00:00:00,72,5.99,39.67
56,-11.65261992662912,21.68385204046754,2025-05-13 03:00:00,75,3.06,26.45
56,-11.65261992662912,21.68385204046754,2025-05-13 06:00:00,78,1.23,19.75
56,-11.65261992662912,21.68385204046754,2025-05-13 09:00:00,81,1.67,16.99
56,-11.65261992662912,21.68385204046754,2025-05-13 12:00:00,84,1.02,18.37
56,-11.65261992662912,21.68385204046754,2025-05-13 15:00:00,87,1.16,15.42
56,-11.65261992662912,21.68385204046754,2025-05-13 18:00:00,90,3.39,20.24
56,-11.65261992662912,21.68385204046754,2025-05-13 21:00:00,93,2.39,13.27
56,-11.65261992662912,21.68385204046754,2025-05-14 00:00:00,96,5.46,21.09
56,-11.65261992662912,21.68385204046754,2025-05-14 03:00:00,99,4.33,23.54
56,-11.65261992662912,21.68385204046754,2025-05-14 06:00:00,102,7.62,33.52
56,-11.65261992662912,21.68385204046754,2025-05-14 09:00:00,105,7.96,40.11
56,-11.65261992662912,21.68385204046754,2025-05-14 12:00:00,108,9.29,42.34
56,-11.65261992662912,21.68385204046754,2025-05-14 15:00:00,111,8.43,49.62
56,-11.65261992662912,21.68385204046754,2025-05-14 18:00:00,114,8.79,44.66
56,-11.65261992662912,21.68385204046754,2025-05-14 21:00:00,117,5.09,37.4
57,-11.454478617971123,21.022420045594593,2025-05-10 00:00:00,0,3.26,20.36
57,-11.454478617971123,21.022420045594593,2025-05-10 03:00:00,3,7.55,33.93
57,-11.454478617971123,21.022420045594593,2025-05-10 06:00:00,6,8.47,40.94
57,-11.454478617971123,21.022420045594593,2025-05-10 09:00:00,9,8.72,44.94
57,-11.454478617971123,21.022420045594593,2025-05-10 12:00:00,12,7.39,43.22
57,-11.454478617971123,21.022420045594593,2025-05-10 15:00:00,15,9.72,49.69
57,-11.454478617971123,21.022420045594593,2025-05-10 18:00:00,18,6.43,44.85
57,-11.454478617971123,21.022420045594593,2025-05-10 21:00:00,21,6.26,43.67
57,-11.454478617971123,21.022420045594593,2025-05-11 00:00:00,24,3.62,38.2
57,-11.454478617971123,21.022420045594593,2025-05-11 03:00:00,27,3.02,31.07
57,-11.454478617971123,21.022420045594593,2025-05-11 06:00:00,30,3.04,28.98
57,-11.454478617971123,21.022420045594593,2025-05-11 09:00:00,33,0.8,16.54
57,-11.454478617971123,21.022420045594593,2025-05-11 12:00:00,36,3.11,15.94
57,-11.454478617971123,21.022420045594593,2025-05-11 15:00:00,39,0.68,8.61
57,-11.454478617971123,21.022420045594593,2025-05-11 18:00:00,42,3.02,18.55
57,-11.454478617971123,21.022420045594593,2025-05-11 21:00:00,45,3.12,13.63
57,-11.454478617971123,21.022420045594593,2025-05-12 00:00:00,48,3.11,19.48
57,-11.454478617971123,21.022420045594593,2025-05-12 03:00:00,51,7.08,33.65
57,-11.454478617971123,21.022420045594593,2025-05-12 06:00:00,54,8.01,34.44
57,-11.454478617971123,21.022420045594593,2025-05-12 09:00:00,57,5.84,38.46
57,-11.454478617971123,21.022420045594593,2025-05-12 12:00:00,60,9.0,42.12
57,-11.454478617971123,21.022420045594593,2025-05-12 15:00:00,63,9.62,51.03
57,-11.454478617971123,21.022420045594593,2025-05-12 18:00:00,66,6.98,45.39
57,-11.454478617971123,21.022420045594593,2025-05-12 21:00:00,69,6.05,41.23
57,-11.454478617971123,21.022420045594593,2025-05-13 00:00:00,72,3.23,37.22
57,-11.454478617971123,21.022420045594593,2025-05-13 03:00:00,75,2.78,26.19
57,-11.454478617971123,21.022420045594593,2025-05-13 06:00:00,78,2.06,21.74
57,-11.454478617971123,21.022420045594593,2025-05-13 09:00:00,81,0.67,14.64
57,-11.454478617971123,21.022420045594593,2025-05-13 12:00:00,84,0.51,15.63
57,-11.454478617971123,21.022420045594593,2025-05-13 15:00:00,87,2.92,16.34
57,-11.454478617971123,21.022420045594593,2025-05-13 18:00:00,90,2.8,11.87
57,-11.454478617971123,21.022420045594593,2025-05-13 21:00:00,93,2.74,17.84
57,-11.454478617971123,21.022420045594593,2025-05-14 00:00:00,96,4.89,19.48
57,-11.454478617971123,21.022420045594593,2025-05-14 03:00:00,99,7.49,31.15
57,-11.454478617971123,21.022420045594593,2025-05-14 06:00:00,102,6.85,36.04
57,-11.454478617971123,21.022420045594593,2025-05-14 09:00:00,105,6.14,35.78
57,-11.454478617971123,21.022420045594593,2025-05-14 12:00:00,108,6.11,37.89
57,-11.454478617971123,21.022420045594593,2025-05-14 15:00:00,111,7.22,46.02
57,-11.454478617971123,21.022420045594593,2025-05-14 18:00:00,114,7.77,47.39
57,-11.454478617971123,21.022420045594593,2025-05-14 21:00:00,117,7.64,46.7
58,-11.702907277806297,21.641352341929814,2025-05-10 00:00:00,0,3.82,24.41
58,-11.702907277806297,21.641352341929814,2025-05-10 03:00:00,3,6.84,26.49
58,-11.702907277806297,21.641352341929814,2025-05-10 06:00:00,6,6.69,37.0
58,-11.702907277806297,21.641352341929814,2025-05-10 09:00:00,9,6.09,39.37
58,-11.702907277806297,21.641352341929814,2025-05-10 12:00:00,12,9.39,48.89
58,-11.702907277806297,21.641352341929814,2025-05-10 15:00:00,15,8.11,42.55
58,-11.702907277806297,21.641352341929814,2025-05-10 18:00:00,18,6.15,41.71
58,-11.702907277806297,21.641352341929814,2025-05-10 21:00:00,21,5.93,37.6
58,-11.702907277806297,21.641352341929814,2025-05-11 00:00:00,24,4.12,34.85
58,-11.702907277806297,21.641352341929814,2025-05-11 03:00:00,27,2.7,27.3
58,-11.702907277806297,21.641352341929814,2025-05-11 06:00:00,30,3.93,24.99
58,-11.702907277806297,21.641352341929814,2025-05-11 09:00:00,33,2.32,18.19
58,-11.702907277806297,21.641352341929814,2025-05-11 12:00:00,36,1.52,19.83
58,-11.702907277806297,21.641352341929814,2025-05-11 15:00:00,39,2.08,14.34
58,-11.702907277806297,21.641352341929814,2025-05-11 18:00:00,42,4.54,17.14
58,-11.702907277806297,21.641352341929814,2025-05-11 21:00:00,45,5.13,22.86
58,-11.702907277806297,21.641352341929814,2025-05-12 00:00:00,48,5.85,22.63
58,-11.702907277806297,21.641352341929814,2025-05-12 03:00:00,51,8.07,30.67
58,-11.702907277806297,21.641352341929814,2025-05-12 06:00:00,54,6.66,30.5
58,-11.702907277806297,21.641352341929814,2025-05-12 09:00:00,57,9.1,42.87
58,-11.702907277806297,21.641352341929814,2025-05-12 12:00:00,60,9.61,42.56
58,-11.702907277806297,21.641352341929814,2025-05-12 15:00:00,63,9.65,45.29
58,-11.702907277806297,21.641352341929814,2025-05-12 18:00:00,66,6.2,38.45
58,-11.702907277806297,21.641352341929814,2025-05-12 21:00:00,69,4.98,39.68
58,-11.702907277806297,21.641352341929814,2025-05-13 00:00:00,72,3.45,32.85
58,-11.702907277806297,21.641352341929814,2025-05-13 03:00:00,75,2.66,28.59
58,-11.702907277806297,21.641352341929814,2025-05-13 06:00:00,78,4.22,30.04
58,-11.702907277806297,21.641352341929814,2025-05-13 09:00:00,81,3.35,20.95
58,-11.702907277806297,21.641352341929814,2025-05-13 12:00:00,84,0.67,14.72
58,-11.702907277806297,21.641352341929814,2025-05-13 15:00:00,87,1.39,10.96
58,-11.702907277806297,21.641352341929814,2025-05-13 18:00:00,90,4.23,16.63
58,-11.702907277806297,21.641352341929814,2025-05-13 21:00:00,93,2.99,15.08
58,-11.702907277806297,21.641352341929814,2025-05-14 00:00:00,96,5.42,26.52
58,-11.702907277806297,21.641352341929814,2025-05-14 03:00:00,99,7.9,33.24
58,-11.702907277806297,21.641352341929814,2025-05-14 06:00:00,102,6.0,35.22
58,-11.702907277806297,21.641352341929814,2025-05-14 09:00:00,105,9.63,44.12
58,-11.702907277806297,21.641352341929814,2025-05-14 12:00:00,108,7.83,39.15
58,-11.702907277806297,21.641352341929814,2025-05-14 15:00:00,111,7.0,41.28
58,-11.702907277806297,21.641352341929814,2025-05-14 18:00:00,114,8.98,50.24
58,-11.702907277806297,21.641352341929814,2025-05-14 21:00:00,117,6.39,42.7
59,-11.351919338959478,21.138816071615288,2025-05-10 00:00:00,0,4.28,21.75
59,-11.351919338959478,21.138816071615288,2025-05-10 03:00:00,3,7.72,34.42
59,-11.351919338959478,21.138816071615288,2025-05-10 06:00:00,6,7.16,31.27
59,-11.351919338959478,21.138816071615288,2025-05-10 09:00:00,9,9.5,43.51
59,-11.351919338959478,21.138816071615288,2025-05-10 12:00:00,12,7.81,40.13
59,-11.351919338959478,21.138816071615288,2025-05-10 15:00:00,15,6.15,43.83
59,-11.351919338959478,21.138816071615288,2025-05-10 18:00:00,18,8.73,47.68
59,-11.351919338959478,21.138816071615288,2025-05-10 21:00:00,21,4.44,34.94
59,-11.351919338959478,21.138816071615288,2025-05-11 00:00:00,24,3.62,32.3
59,-11.351919338959478,21.138816071615288,2025-05-11 03:00:00,27,2.07,28.03
59,-11.351919338959478,21.138816071615288,2025-05-11 06:00:00,30,1.76,22.0
59,-11.351919338959478,21.138816071615288,2025-05-11 09:00:00,33,0.73,20.89
59,-11.351919338959478,21.138816071615288,2025-05-11 12:00:00,36,2.74,18.62
59,-11.351919338959478,21.138816071615288,2025-05-11 15:00:00,39,3.01,17.73
59,-11.351919338959478,21.138816071615288,2025-05-11 18:00:00,42,3.95,20.53
59,-11.351919338959478,21.138816071615288,2025-05-11 21:00:00,45,4.15,16.36
59,-11.351919338959478,21.138816071615288,2025-05-12 00:00:00,48,3.1,17.78
59,-11.351919338959478,21.138816071615288,2025-05-12 03:00:00,51,5.23,24.0
59,-11.351919338959478,21.138816071615288,2025-05-12 06:00:00,54,8.99,36.7
59,-11.351919338959478,21.138816071615288,2025-05-12 09:00:00,57,8.79,41.56
59,-11.351919338959478,21.138816071615288,2025-05-12 12:00:00,60,9.75,43.21
59,-11.351919338959478,21.138816071615288,2025-05-12 15:00:00,63,8.09,47.3
59,-11.351919338959478,21.138816071615288,2025-05-12 18:00:00,66,8.82,50.71
59,-11.351919338959478,21.138816071615288,2025-05-12 21:00:00,69,7.44,42.3
59,-11.351919338959478,21.138816071615288,2025-05-13 00:00:00,72,3.78,32.23
59,-11.351919338959478,21.138816071615288,2025-05-13 03:00:00,75,5.25,38.16
59,-11.351919338959478,21.138816071615288,2025-05-13 06:00:00,78,1.93,25.24
59,-11.351919338959478,21.138816071615288,2025-05-13 09:00:00,81,0.6,19.94
59,-11.351919338959478,21.138816071615288,2025-05-13 12:00:00,84,1.43,18.26
59,-11.351919338959478,21.138816071615288,2025-05-13 15:00:00,87,1.79,16.72
59,-11.351919338959478,21.138816071615288,2025-05-13 18:00:00,90,2.81,18.64
59,-11.351919338959478,21.138816071615288,2025-05-13 21:00:00,93,5.29,22.88
59,-11.351919338959478,21.138816071615288,2025-05-14 00:00:00,96,6.32,28.82
59,-11.351919338959478,21.138816071615288,2025-05-14 03:00:00,99,4.58,27.28
59,-11.351919338959478,21.138816071615288,2025-05-14 06:00:00,102,7.16,33.37
59,-11.351919338959478,21.138816071615288,2025-05-14 09:00:00,105,8.87,44.8
59,-11.351919338959478,21.138816071615288,2025-05-14 12:00:00,108,8.06,47.15
59,-11.351919338959478,21.138816071615288,2025-05-14 15:00:00,111,9.38,51.23
59,-11.351919338959478,21.138816071615288,2025-05-14 18:00:00,114,5.59,40.05
59,-11.351919338959478,21.138816071615288,2025-05-14 21:00:00,117,5.85,42.79
60,-11.69316475949566,21.393325133487203,2025-05-10 00:00:00,0,3.58,21.19
60,-11.69316475949566,21.393325133487203,2025-05-10 03:00:00,3,4.42,28.08
60,-11.69316475949566,21.393325133487203,2025-05-10 06:00:00,6,6.44,31.98
60,-11.69316475949566,21.393325133487203,2025-05-10 09:00:00,9,8.56,41.78
60,-11.69316475949566,21.393325133487203,2025-05-10 12:00:00,12,7.11,40.07
60,-11.69316475949566,21.393325133487203,2025-05-10 15:00:00,15,6.08,38.91
60,-11.69316475949566,21.393325133487203,2025-05-10 18:00:00,18,8.4,45.31
60,-11.69316475949566,21.393325133487203,2025-05-10 21:00:00,21,6.37,43.46
60,-11.69316475949566,21.393325133487203,2025-05-11 00:00:00,24,3.09,34.2
60,-11.69316475949566,21.393325133487203,2025-05-11 03:00:00,27,2.29,27.83
60,-11.69316475949566,21.393325133487203,2025-05-11 06:00:00,30,4.5,32.64
60,-11.69316475949566,21.393325133487203,2025-05-11 09:00:00,33,1.54,16.72
60,-11.69316475949566,21.393325133487203,2025-05-11 12:00:00,36,3.74,17.28
60,-11.69316475949566,21.393325133487203,2025-05-11 15:00:00,39,2.11,15.33
60,-11.69316475949566,21.393325133487203,2025-05-11 18:00:00,42,2.62,16.56
60,-11.69316475949566,21.393325133487203,2025-05-11 21:00:00,45,4.07,18.91
60,-11.69316475949566,21.393325133487203,2025-05-12 00:00:00,48,6.7,28.53
60,-11.69316475949566,21.393325133487203,2025-05-12 03:00:00,51,7.47,30.28
60,-11.69316475949566,21.393325133487203,2025-05-12 06:00:00,54,8.4,36.78
60,-11.69316475949566,21.393325133487203,2025-05-12 09:00:00,57,7.97,36.26
60,-11.69316475949566,21.393325133487203,2025-05-12 12:00:00,60,7.03,43.57
60,-11.69316475949566,21.393325133487203,2025-05-12 15:00:00,63,6.47,42.46
60,-11.69316475949566,21.393325133487203,2025-05-12 18:00:00,66,5.17,42.84
60,-11.69316475949566,21.393325133487203,2025-05-12 21:00:00,69,4.39,35.29
60,-11.69316475949566,21.393325133487203,2025-05-13 00:00:00,72,4.59,34.52
60,-11.69316475949566,21.393325133487203,2025-05-13 03:00:00,75,3.44,31.47
60,-11.69316475949566,21.393325133487203,2025-05-13 06:00:00,78,3.3,26.26
60,-11.69316475949566,21.393325133487203,2025-05-13 09:00:00,81,3.32,26.43
60,-11.69316475949566,21.393325133487203,2025-05-13 12:00:00,84,2.54,20.22
60,-11.69316475949566,21.393325133487203,2025-05-13 15:00:00,87,3.71,15.57
60,-11.69316475949566,21.393325133487203,2025-05-13 18:00:00,90,1.07,11.99
60,-11.69316475949566,21.393325133487203,2025-05-13 21:00:00,93,2.44,18.12
60,-11.69316475949566,21.393325133487203,2025-05-14 00:00:00,96,5.2,23.08
60,-11.69316475949566,21.393325133487203,2025-05-14 03:00:00,99,7.79,34.06
60,-11.69316475949566,21.393325133487203,2025-05-14 06:00:00,102,8.94,36.99
60,-11.69316475949566,21.393325133487203,2025-05-14 09:00:00,105,6.5,38.41
60,-11.69316475949566,21.393325133487203,2025-05-14 12:00:00,108,8.72,41.66
60,-11.69316475949566,21.393325133487203,2025-05-14 15:00:00,111,8.51,43.18
60,-11.69316475949566,21.393325133487203,2025-05-14 18:00:00,114,5.12,42.82
60,-11.69316475949566,21.393325133487203,2025-05-14 21:00:00,117,7.49,44.9
61,-11.746548778890453,21.5699380583867,2025-05-10 00:00:00,0,3.09,15.18
61,-11.746548778890453,21.5699380583867,2025-05-10 03:00:00,3,6.42,32.98
61,-11.746548778890453,21.5699380583867,2025-05-10 06:00:00,6,8.27,37.61
61,-11.746548778890453,21.5699380583867,2025-05-10 09:00:00,9,7.73,39.83
61,-11.746548778890453,21.5699380583867,2025-05-10 12:00:00,12,7.33,41.38
61,-11.746548778890453,21.5699380583867,2025-05-10 15:00:00,15,7.85,46.01
61,-11.746548778890453,21.5699380583867,2025-05-10 18:00:00,18,6.58,40.55
61,-11.746548778890453,21.5699380583867,2025-05-10 21:00:00,21,7.91,48.69
61,-11.746548778890453,21.5699380583867,2025-05-11 00:00:00,24,3.77,31.36
61,-11.746548778890453,21.5699380583867,2025-05-11 03:00:00,27,2.97,26.14
61,-11.746548778890453,21.5699380583867,2025-05-11 06:00:00,30,2.33,27.09
61,-11.746548778890453,21.5699380583867,2025-05-11 09:00:00,33,2.15,19.52
61,-11.746548778890453,21.5699380583867,2025-05-11 12:00:00,36,1.91,17.41
61,-11.746548778890453,21.5699380583867,2025-05-11 15:00:00,39,3.09,20.57
61,-11.746548778890453,21.5699380583867,2025-05-11 18:00:00,42,3.07,12.48
61,-11.746548778890453,21.5699380583867,2025-05-11 21:00:00,45,2.29,14.69
61,-11.746548778890453,21.5699380583867,2025-05-12 00:00:00,48,3.36,15.76
61,-11.746548778890453,21.5699380583867,2025-05-12 03:00:00,51,7.44,31.83
61,-11.746548778890453,21.5699380583867,2025-05-12 06:00:00,54,5.95,30.71
61,-11.746548778890453,21.5699380583867,2025-05-12 09:00:00,57,7.24,34.75
61,-11.746548778890453,21.5699380583867,2025-05-12 12:00:00,60,9.34,49.14
61,-11.746548778890453,21.5699380583867,2025-05-12 15:00:00,63,6.96,46.02
61,-11.746548778890453,21.5699380583867,2025-05-12 18:00:00,66,6.5,44.89
61,-11.746548778890453,21.5699380583867,2025-05-12 21:00:00,69,7.95,48.87
61,-11.746548778890453,21.5699380583867,2025-05-13 00:00:00,72,4.18,38.61
61,-11.746548778890453,21.5699380583867,2025-05-13 03:00:00,75,3.82,28.83
61,-11.746548778890453,21.5699380583867,2025-05-13 06:00:00,78,4.42,27.32
61,-11.746548778890453,21.5699380583867,2025-05-13 09:00:00,81,2.35,20.54
61,-11.746548778890453,21.5699380583867,2025-05-13 12:00:00,84,1.8,14.14
61,-11.746548778890453,21.5699380583867,2025-05-13 15:00:00,87,1.17,11.74
61,-11.746548778890453,21.5699380583867,2025-05-13 18:00:00,90,3.17,12.82
61,-11.746548778890453,21.5699380583867,2025-05-13 21:00:00,93,1.96,15.29
61,-11.746548778890453,21.5699380583867,2025-05-14 00:00:00,96,6.04,24.52
61,-11.746548778890453,21.5699380583867,2025-05-14 03:00:00,99,7.83,31.12
61,-11.746548778890453,21.5699380583867,2025-05-14 06:00:00,102,7.74,38.41
61,-11.746548778890453,21.5699380583867,2025-05-14 09:00:00,105,7.06,40.64
61,-11.746548778890453,21.5699380583867,2025-05-14 12:00:00,108,9.17,43.37
61,-11.746548778890453,21.5699380583867,2025-05-14 15:00:00,111,7.53,46.34
61,-11.746548778890453,21.5699380583867,2025-05-14 18:00:00,114,8.56,49.02
61,-11.746548778890453,21.5699380583867,2025-05-14 21:00:00,117,4.71,39.23
62,-11.750214009308555,21.036524581114694,2025-05-10 00:00:00,0,3.79,18.25
62,-11.750214009308555,21.036524581114694,2025-05-10 03:00:00,3,4.55,22.35
62,-11.750214009308555,21.036524581114694,2025-05-10 06:00:00,6,6.74,33.88
62,-11.750214009308555,21.036524581114694,2025-05-10 09:00:00,9,5.81,35.77
62,-11.750214009308555,21.036524581114694,2025-05-10 12:00:00,12,10.0,47.03
62,-11.750214009308555,21.036524581114694,2025-05-10 15:00:00,15,8.43,43.46
62,-11.750214009308555,21.036524581114694,2025-05-10 18:00:00,18,5.79,43.56
62,-11.750214009308555,21.036524581114694,2025-05-10 21:00:00,21,6.01,41.47
62,-11.750214009308555,21.036524581114694,2025-05-11 00:00:00,24,5.08,34.58
62,-11.750214009308555,21.036524581114694,2025-05-11 03:00:00,27,5.78,36.99
62,-11.750214009308555,21.036524581114694,2025-05-11 06:00:00,30,2.81,22.27
62,-11.750214009308555,21.036524581114694,2025-05-11 09:00:00,33,3.78,23.24
62,-11.750214009308555,21.036524581114694,2025-05-11 12:00:00,36,0.56,15.86
62,-11.750214009308555,21.036524581114694,2025-05-11 15:00:00,39,1.24,12.47
62,-11.750214009308555,21.036524581114694,2025-05-11 18:00:00,42,3.97,21.42
62,-11.750214009308555,21.036524581114694,2025-05-11 21:00:00,45,4.98,23.32
62,-11.750214009308555,21.036524581114694,2025-05-12 00:00:00,48,4.44,18.19
62,-11.750214009308555,21.036524581114694,2025-05-12 03:00:00,51,6.95,27.27
62,-11.750214009308555,21.036524581114694,2025-05-12 06:00:00,54,8.57,38.86
62,-11.750214009308555,21.036524581114694,2025-05-12 09:00:00,57,9.2,38.24
62,-11.750214009308555,21.036524581114694,2025-05-12 12:00:00,60,6.78,39.25
62,-11.750214009308555,21.036524581114694,2025-05-12 15:00:00,63,7.37,42.94
62,-11.750214009308555,21.036524581114694,2025-05-12 18:00:00,66,8.86,50.85
62,-11.750214009308555,21.036524581114694,2025-05-12 21:00:00,69,7.06,46.55
62,-11.750214009308555,21.036524581114694,2025-05-13 00:00:00,72,3.53,35.41
62,-11.750214009308555,21.036524581114694,2025-05-13 03:00:00,75,2.96,29.15
62,-11.750214009308555,21.036524581114694,2025-05-13 06:00:00,78,1.84,23.81
62,-11.750214009308555,21.036524581114694,2025-05-13 09:00:00,81,1.73,16.14
62,-11.750214009308555,21.036524581114694,2025-05-13 12:00:00,84,2.65,22.03
62,-11.750214009308555,21.036524581114694,2025-05-13 15:00:00,87,1.36,9.73
62,-11.750214009308555,21.036524581114694,2025-05-13 18:00:00,90,4.48,15.79
62,-11.750214009308555,21.036524581114694,2025-05-13 21:00:00,93,4.28,22.69
62,-11.750214009308555,21.036524581114694,2025-05-14 00:00:00,96,4.91,21.42
62,-11.750214009308555,21.036524581114694,2025-05-14 03:00:00,99,6.96,30.4
62,-11.750214009308555,21.036524581114694,2025-05-14 06:00:00,102,5.6,33.93
62,-11.750214009308555,21.036524581114694,2025-05-14 09:00:00,105,7.66,42.89
62,-11.750214009308555,21.036524581114694,2025-05-14 12:00:00,108,9.38,45.52
62,-11.750214009308555,21.036524581114694,2025-05-14 15:00:00,111,6.64,45.79
62,-11.750214009308555,21.036524581114694,2025-05-14 18:00:00,114,6.6,39.85
62,-11.750214009308555,21.036524581114694,2025-05-14 21:00:00,117,7.94,44.21
63,-11.864589884428087,21.19541299686596,2025-05-10 00:00:00,0,6.5,28.93
63,-11.864589884428087,21.19541299686596,2025-05-10 03:00:00,3,4.21,22.6
63,-11.864589884428087,21.19541299686596,2025-05-10 06:00:00,6,7.2,35.68
63,-11.864589884428087,21.19541299686596,2025-05-10 09:00:00,9,8.82,44.67
63,-11.864589884428087,21.19541299686596,2025-05-10 12:00:00,12,9.93,49.74
63,-11.864589884428087,21.19541299686596,2025-05-10 15:00:00,15,8.88,45.87
63,-11.864589884428087,21.19541299686596,2025-05-10 18:00:00,18,6.66,43.87
63,-11.864589884428087,21.19541299686596,2025-05-10 21:00:00,21,5.63,36.91
63,-11.864589884428087,21.19541299686596,2025-05-11 00:00:00,24,6.3,38.76
63,-11.864589884428087,21.19541299686596,2025-05-11 03:00:00,27,5.17,37.0
63,-11.864589884428087,21.19541299686596,2025-05-11 06:00:00,30,1.3,20.25
63,-11.864589884428087,21.19541299686596,2025-05-11 09:00:00,33,3.05,23.28
63,-11.864589884428087,21.19541299686596,2025-05-11 12:00:00,36,3.32,20.89
63,-11.864589884428087,21.19541299686596,2025-05-11 15:00:00,39,0.73,12.57
63,-11.864589884428087,21.19541299686596,2025-05-11 18:00:00,42,4.01,20.16
63,-11.864589884428087,21.19541299686596,2025-05-11 21:00:00,45,2.38,18.03
63,-11.864589884428087,21.19541299686596,2025-05-12 00:00:00,48,5.73,26.7
63,-11.864589884428087,21.19541299686596,2025-05-12 03:00:00,51,6.62,27.24
63,-11.864589884428087,21.19541299686596,2025-05-12 06:00:00,54,5.19,34.16
63,-11.864589884428087,21.19541299686596,2025-05-12 09:00:00,57,8.24,39.16
63,-11.864589884428087,21.19541299686596,2025-05-12 12:00:00,60,8.59,43.66
63,-11.864589884428087,21.19541299686596,2025-05-12 15:00:00,63,6.56,45.31
63,-11.864589884428087,21.19541299686596,2025-05-12 18:00:00,66,7.98,44.17
63,-11.864589884428087,21.19541299686596,2025-05-12 21:00:00,69,4.41,39.6
63,-11.864589884428087,21.19541299686596,2025-05-13 00:00:00,72,3.94,34.38
63,-11.864589884428087,21.19541299686596,2025-05-13 03:00:00,75,3.86,28.47
63,-11.864589884428087,21.19541299686596,2025-05-13 06:00:00,78,2.99,28.03
63,-11.864589884428087,21.19541299686596,2025-05-13 09:00:00,81,3.52,26.24
63,-11.864589884428087,21.19541299686596,2025-05-13 12:00:00,84,1.96,19.71
63,-11.864589884428087,21.19541299686596,2025-05-13 15:00:00,87,2.59,14.57
63,-11.864589884428087,21.19541299686596,2025-05-13 18:00:00,90,2.65,12.62
63,-11.864589884428087,21.19541299686596,2025-05-13 21:00:00,93,2.82,16.44
63,-11.864589884428087,21.19541299686596,2025-05-14 00:00:00,96,6.87,23.53
63,-11.864589884428087,21.19541299686596,2025-05-14 03:00:00,99,5.61,26.96
63,-11.864589884428087,21.19541299686596,2025-05-14 06:00:00,102,5.93,30.94
63,-11.864589884428087,21.19541299686596,2025-05-14 09:00:00,105,6.3,35.75
63,-11.864589884428087,21.19541299686596,2025-05-14 12:00:00,108,6.39,38.32
63,-11.864589884428087,21.19541299686596,2025-05-14 15:00:00,111,8.35,45.06
63,-11.864589884428087,21.19541299686596,2025-05-14 18:00:00,114,8.76,49.82
63,-11.864589884428087,21.19541299686596,2025-05-14 21:00:00,117,7.9,48.02
64,-11.777354244274898,21.459708257270115,2025-05-10 00:00:00,0,4.85,22.46
64,-11.777354244274898,21.459708257270115,2025-05-10 03:00:00,3,6.03,25.58
64,-11.777354244274898,21.459708257270115,2025-05-10 06:00:00,6,7.95,37.27
64,-11.777354244274898,21.459708257270115,2025-05-10 09:00:00,9,6.01,33.32
64,-11.777354244274898,21.459708257270115,2025-05-10 12:00:00,12,9.75,43.87
64,-11.777354244274898,21.459708257270115,2025-05-10 15:00:00,15,6.07,44.03
64,-11.777354244274898,21.459708257270115,2025-05-10 18:00:00,18,5.69,44.98
64,-11.777354244274898,21.459708257270115,2025-05-10 21:00:00,21,5.16,39.18
64,-11.777354244274898,21.459708257270115,2025-05-11 00:00:00,24,6.81,44.4
64,-11.777354244274898,21.459708257270115,2025-05-11 03:00:00,27,4.15,32.76
64,-11.777354244274898,21.459708257270115,2025-05-11 06:00:00,30,4.65,32.74
64,-11.777354244274898,21.459708257270115,2025-05-11 09:00:00,33,3.7,21.05
64,-11.777354244274898,21.459708257270115,2025-05-11 12:00:00,36,3.27,19.57
64,-11.777354244274898,21.459708257270115,2025-05-11 15:00:00,39,3.39,18.18
64,-11.777354244274898,21.459708257270115,2025-05-11 18:00:00,42,4.63,22.9
64,-11.777354244274898,21.459708257270115,2025-05-11 21:00:00,45,3.47,20.53
64,-11.777354244274898,21.459708257270115,2025-05-12 00:00:00,48,6.46,21.95
64,-11.777354244274898,21.459708257270115,2025-05-12 03:00:00,51,7.23,31.31
64,-11.777354244274898,21.459708257270115,2025-05-12 06:00:00,54,7.2,36.38
64,-11.777354244274898,21.459708257270115,2025-05-12 09:00:00,57,7.22,36.61
64,-11.777354244274898,21.459708257270115,2025-05-12 12:00:00,60,6.68,42.92
64,-11.777354244274898,21.459708257270115,2025-05-12 15:00:00,63,6.6,44.11
64,-11.777354244274898,21.459708257270115,2025-05-12 18:00:00,66,7.32,46.77
64,-11.777354244274898,21.459708257270115,2025-05-12 21:00:00,69,6.3,42.15
64,-11.777354244274898,21.459708257270115,2025-05-13 00:00:00,72,5.84,38.25
64,-11.777354244274898,21.459708257270115,2025-05-13 03:00:00,75,5.18,34.07
64,-11.777354244274898,21.459708257270115,2025-05-13 06:00:00,78,4.87,26.59
64,-11.777354244274898,21.459708257270115,2025-05-13 09:00:00,81,3.45,26.83
64,-11.777354244274898,21.459708257270115,2025-05-13 12:00:00,84,2.89,22.21
64,-11.777354244274898,21.459708257270115,2025-05-13 15:00:00,87,2.93,15.25
64,-11.777354244274898,21.459708257270115,2025-05-13 18:00:00,90,2.32,10.68
64,-11.777354244274898,21.459708257270115,2025-05-13 21:00:00,93,4.45,23.37
64,-11.777354244274898,21.459708257270115,2025-05-14 00:00:00,96,4.47,20.34
64,-11.777354244274898,21.459708257270115,2025-05-14 03:00:00,99,5.23,28.43
64,-11.777354244274898,21.459708257270115,2025-05-14 06:00:00,102,7.49,35.82
64,-11.777354244274898,21.459708257270115,2025-05-14 09:00:00,105,6.61,38.54
64,-11.777354244274898,21.459708257270115,2025-05-14 12:00:00,108,6.47,36.42
64,-11.777354244274898,21.459708257270115,2025-05-14 15:00:00,111,8.37,42.8
64,-11.777354244274898,21.459708257270115,2025-05-14 18:00:00,114,9.07,50.33
64,-11.777354244274898,21.459708257270115,2025-05-14 21:00:00,117,8.1,49.14
65,-11.907729535198047,21.126189655940298,2025-05-10 00:00:00,0,4.41,21.17
65,-11.907729535198047,21.126189655940298,2025-05-10 03:00:00,3,6.15,25.62
65,-11.907729535198047,21.126189655940298,2025-05-10 06:00:00,6,7.96,32.59
65,-11.907729535198047,21.126189655940298,2025-05-10 09:00:00,9,6.32,33.92
65,-11.907729535198047,21.126189655940298,2025-05-10 12:00:00,12,8.37,43.35
65,-11.907729535198047,21.126189655940298,2025-05-10 15:00:00,15,9.46,51.38
65,-11.907729535198047,21.126189655940298,2025-05-10 18:00:00,18,8.49,44.87
65,-11.907729535198047,21.126189655940298,2025-05-10 21:00:00,21,5.11,38.32
65,-11.907729535198047,21.126189655940298,2025-05-11 00:00:00,24,6.21,36.26
65,-11.907729535198047,21.126189655940298,2025-05-11 03:00:00,27,5.78,31.7
65,-11.907729535198047,21.126189655940298,2025-05-11 06:00:00,30,3.66,26.44
65,-11.907729535198047,21.126189655940298,2025-05-11 09:00:00,33,4.21,24.24
65,-11.907729535198047,21.126189655940298,2025-05-11 12:00:00,36,2.12,20.73
65,-11.907729535198047,21.126189655940298,2025-05-11 15:00:00,39,2.88,16.07
65,-11.907729535198047,21.126189655940298,2025-05-11 18:00:00,42,2.2,16.43
65,-11.907729535198047,21.126189655940298,2025-05-11 21:00:00,45,3.82,19.49
65,-11.907729535198047,21.126189655940298,2025-05-12 00:00:00,48,4.35,18.22
65,-11.907729535198047,21.126189655940298,2025-05-12 03:00:00,51,5.86,26.18
65,-11.907729535198047,21.126189655940298,2025-05-12 06:00:00,54,8.63,37.16
65,-11.907729535198047,21.126189655940298,2025-05-12 09:00:00,57,9.59,45.63
65,-11.907729535198047,21.126189655940298,2025-05-12 12:00:00,60,9.95,48.89
65,-11.907729535198047,21.126189655940298,2025-05-12 15:00:00,63,6.25,41.87
65,-11.907729535198047,21.126189655940298,2025-05-12 18:00:00,66,8.99,47.8
65,-11.907729535198047,21.126189655940298,2025-05-12 21:00:00,69,6.35,43.38
65,-11.907729535198047,21.126189655940298,2025-05-13 00:00:00,72,5.42,40.72
65,-11.907729535198047,21.126189655940298,2025-05-13 03:00:00,75,2.1,26.05
65,-11.907729535198047,21.126189655940298,2025-05-13 06:00:00,78,3.3,24.87
65,-11.907729535198047,21.126189655940298,2025-05-13 09:00:00,81,0.72,16.34
65,-11.907729535198047,21.126189655940298,2025-05-13 12:00:00,84,0.3,10.43
65,-11.907729535198047,21.126189655940298,2025-05-13 15:00:00,87,1.9,13.7
65,-11.907729535198047,21.126189655940298,2025-05-13 18:00:00,90,2.15,11.77
65,-11.907729535198047,21.126189655940298,2025-05-13 21:00:00,93,5.64,25.85
65,-11.907729535198047,21.126189655940298,2025-05-14 00:00:00,96,4.77,22.18
65,-11.907729535198047,21.126189655940298,2025-05-14 03:00:00,99,6.95,29.44
65,-11.907729535198047,21.126189655940298,2025-05-14 06:00:00,102,8.29,33.02
65,-11.907729535198047,21.126189655940298,2025-05-14 09:00:00,105,9.33,42.03
65,-11.907729535198047,21.126189655940298,2025-05-14 12:00:00,108,6.82,37.19
65,-11.907729535198047,21.126189655940298,2025-05-14 15:00:00,111,7.1,43.34
65,-11.907729535198047,21.126189655940298,2025-05-14 18:00:00,114,6.0,43.18
65,-11.907729535198047,21.126189655940298,2025-05-14 21:00:00,117,7.28,43.42
66,-11.608563123165078,21.148524376515944,2025-05-10 00:00:00,0,3.75,18.74
66,-11.608563123165078,21.148524376515944,2025-05-10 03:00:00,3,6.73,31.3
66,-11.608563123165078,21.148524376515944,2025-05-10 06:00:00,6,8.5,33.1
66,-11.608563123165078,21.148524376515944,2025-05-10 09:00:00,9,7.56,42.88
66,-11.608563123165078,21.148524376515944,2025-05-10 12:00:00,12,7.63,39.38
66,-11.608563123165078,21.148524376515944,2025-05-10 15:00:00,15,8.66,44.93
66,-11.608563123165078,21.148524376515944,2025-05-10 18:00:00,18,5.71,38.96
66,-11.608563123165078,21.148524376515944,2025-05-10 21:00:00,21,5.71,43.87
66,-11.608563123165078,21.148524376515944,2025-05-11 00:00:00,24,6.31,43.66
66,-11.608563123165078,21.148524376515944,2025-05-11 03:00:00,27,2.75,32.01
66,-11.608563123165078,21.148524376515944,2025-05-11 06:00:00,30,2.07,20.49
66,-11.608563123165078,21.148524376515944,2025-05-11 09:00:00,33,2.05,18.79
66,-11.608563123165078,21.148524376515944,2025-05-11 12:00:00,36,3.24,19.22
66,-11.608563123165078,21.148524376515944,2025-05-11 15:00:00,39,1.65,16.15
66,-11.608563123165078,21.148524376515944,2025-05-11 18:00:00,42,2.39,17.15
66,-11.608563123165078,21.148524376515944,2025-05-11 21:00:00,45,3.36,14.99
66,-11.608563123165078,21.148524376515944,2025-05-12 00:00:00,48,3.53,18.97
66,-11.608563123165078,21.148524376515944,2025-05-12 03:00:00,51,5.54,31.18
66,-11.608563123165078,21.148524376515944,2025-05-12 06:00:00,54,7.74,38.72
66,-11.608563123165078,21.148524376515944,2025-05-12 09:00:00,57,6.63,36.92
66,-11.608563123165078,21.148524376515944,2025-05-12 12:00:00,60,8.41,41.28
66,-11.608563123165078,21.148524376515944,2025-05-12 15:00:00,63,7.35,43.45
66,-11.608563123165078,21.148524376515944,2025-05-12 18:00:00,66,8.71,44.87
66,-11.608563123165078,21.148524376515944,2025-05-12 21:00:00,69,6.03,39.51
66,-11.608563123165078,21.148524376515944,2025-05-13 00:00:00,72,5.78,37.44
66,-11.608563123165078,21.148524376515944,2025-05-13 03:00:00,75,2.04,27.94
66,-11.608563123165078,21.148524376515944,2025-05-13 06:00:00,78,1.43,21.18
66,-11.608563123165078,21.148524376515944,2025-05-13 09:00:00,81,3.65,19.75
66,-11.608563123165078,21.148524376515944,2025-05-13 12:00:00,84,0.78,12.72
66,-11.608563123165078,21.148524376515944,2025-05-13 15:00:00,87,0.6,9.71
66,-11.608563123165078,21.148524376515944,2025-05-13 18:00:00,90,1.75,16.33
66,-11.608563123165078,21.148524376515944,2025-05-13 21:00:00,93,3.64,17.51
66,-11.608563123165078,21.148524376515944,2025-05-14 00:00:00,96,5.67,23.36
66,-11.608563123165078,21.148524376515944,2025-05-14 03:00:00,99,5.58,31.25
66,-11.608563123165078,21.148524376515944,2025-05-14 06:00:00,102,7.96,32.39
66,-11.608563123165078,21.148524376515944,2025-05-14 09:00:00,105,6.74,36.69
66,-11.608563123165078,21.148524376515944,2025-05-14 12:00:00,108,7.94,46.0
66,-11.608563123165078,21.148524376515944,2025-05-14 15:00:00,111,8.66,47.89
66,-11.608563123165078,21.148524376515944,2025-05-14 18:00:00,114,7.99,42.43
66,-11.608563123165078,21.148524376515944,2025-05-14 21:00:00,117,6.8,43.63
67,-11.423975922902775,21.50755264911351,2025-05-10 00:00:00,0,6.74,25.47
67,-11.423975922902775,21.50755264911351,2025-05-10 03:00:00,3,4.85,25.1
67,-11.423975922902775,21.50755264911351,2025-05-10 06:00:00,6,5.91,32.26
67,-11.423975922902775,21.50755264911351,2025-05-10 09:00:00,9,9.03,42.03
67,-11.423975922902775,21.50755264911351,2025-05-10 12:00:00,12,8.56,41.8
67,-11.423975922902775,21.50755264911351,2025-05-10 15:00:00,15,9.12,45.92
67,-11.423975922902775,21.50755264911351,2025-05-10 18:00:00,18,8.3,43.34
67,-11.423975922902775,21.50755264911351,2025-05-10 21:00:00,21,7.41,46.07
67,-11.423975922902775,21.50755264911351,2025-05-11 00:00:00,24,6.33,42.74
67,-11.423975922902775,21.50755264911351,2025-05-11 03:00:00,27,2.37,29.12
67,-11.423975922902775,21.50755264911351,2025-05-11 06:00:00,30,2.38,26.77
67,-11.423975922902775,21.50755264911351,2025-05-11 09:00:00,33,2.42,22.35
67,-11.423975922902775,21.50755264911351,2025-05-11 12:00:00,36,2.34,17.94
67,-11.423975922902775,21.50755264911351,2025-05-11 15:00:00,39,3.95,21.17
67,-11.423975922902775,21.50755264911351,2025-05-11 18:00:00,42,3.93,21.85
67,-11.423975922902775,21.50755264911351,2025-05-11 21:00:00,45,5.67,21.75
67,-11.423975922902775,21.50755264911351,2025-05-12 00:00:00,48,5.49,21.81
67,-11.423975922902775,21.50755264911351,2025-05-12 03:00:00,51,6.53,29.83
67,-11.423975922902775,21.50755264911351,2025-05-12 06:00:00,54,8.28,39.6
67,-11.423975922902775,21.50755264911351,2025-05-12 09:00:00,57,9.52,43.61
67,-11.423975922902775,21.50755264911351,2025-05-12 12:00:00,60,8.39,43.8
67,-11.423975922902775,21.50755264911351,2025-05-12 15:00:00,63,8.87,44.66
67,-11.423975922902775,21.50755264911351,2025-05-12 18:00:00,66,6.32,42.85
67,-11.423975922902775,21.50755264911351,2025-05-12 21:00:00,69,6.72,43.62
67,-11.423975922902775,21.50755264911351,2025-05-13 00:00:00,72,5.19,40.33
67,-11.423975922902775,21.50755264911351,2025-05-13 03:00:00,75,3.65,27.74
67,-11.423975922902775,21.50755264911351,2025-05-13 06:00:00,78,1.01,21.4
67,-11.423975922902775,21.50755264911351,2025-05-13 09:00:00,81,1.18,15.12
67,-11.423975922902775,21.50755264911351,2025-05-13 12:00:00,84,1.74,17.13
67,-11.423975922902775,21.50755264911351,2025-05-13 15:00:00,87,1.11,10.58
67,-11.423975922902775,21.50755264911351,2025-05-13 18:00:00,90,2.31,14.45
67,-11.423975922902775,21.50755264911351,2025-05-13 21:00:00,93,3.72,17.41
67,-11.423975922902775,21.50755264911351,2025-05-14 00:00:00,96,4.58,23.82
67,-11.423975922902775,21.50755264911351,2025-05-14 03:00:00,99,7.36,33.55
67,-11.423975922902775,21.50755264911351,2025-05-14 06:00:00,102,5.89,31.52
67,-11.423975922902775,21.50755264911351,2025-05-14 09:00:00,105,6.98,39.88
67,-11.423975922902775,21.50755264911351,2025-05-14 12:00:00,108,9.57,48.67
67,-11.423975922902775,21.50755264911351,2025-05-14 15:00:00,111,8.25,45.79
67,-11.423975922902775,21.50755264911351,2025-05-14 18:00:00,114,8.4,48.56
67,-11.423975922902775,21.50755264911351,2025-05-14 21:00:00,117,5.47,38.29
68,-11.555551641800264,21.379330558871935,2025-05-10 00:00:00,0,5.82,25.0
68,-11.555551641800264,21.379330558871935,2025-05-10 03:00:00,3,7.19,33.27
68,-11.555551641800264,21.379330558871935,2025-05-10 06:00:00,6,5.73,35.18
68,-11.555551641800264,21.379330558871935,2025-05-10 09:00:00,9,6.52,40.46
68,-11.555551641800264,21.379330558871935,2025-05-10 12:00:00,12,9.35,49.74
68,-11.555551641800264,21.379330558871935,2025-05-10 15:00:00,15,8.57,44.18
68,-11.555551641800264,21.379330558871935,2025-05-10 18:00:00,18,7.8,45.86
68,-11.555551641800264,21.379330558871935,2025-05-10 21:00:00,21,7.13,41.72
68,-11.555551641800264,21.379330558871935,2025-05-11 00:00:00,24,5.3,40.4
68,-11.555551641800264,21.379330558871935,2025-05-11 03:00:00,27,3.25,28.93
68,-11.555551641800264,21.379330558871935,2025-05-11 06:00:00,30,3.93,28.03
68,-11.555551641800264,21.379330558871935,2025-05-11 09:00:00,33,0.6,18.3
68,-11.555551641800264,21.379330558871935,2025-05-11 12:00:00,36,0.64,18.1
68,-11.555551641800264,21.379330558871935,2025-05-11 15:00:00,39,3.87,21.37
68,-11.555551641800264,21.379330558871935,2025-05-11 18:00:00,42,1.9,14.1
68,-11.555551641800264,21.379330558871935,2025-05-11 21:00:00,45,3.38,18.26
68,-11.555551641800264,21.379330558871935,2025-05-12 00:00:00,48,4.01,17.17
68,-11.555551641800264,21.379330558871935,2025-05-12 03:00:00,51,7.02,27.64
68,-11.555551641800264,21.379330558871935,2025-05-12 06:00:00,54,6.78,30.55
68,-11.555551641800264,21.379330558871935,2025-05-12 09:00:00,57,8.54,44.62
68,-11.555551641800264,21.379330558871935,2025-05-12 12:00:00,60,8.51,45.22
68,-11.555551641800264,21.379330558871935,2025-05-12 15:00:00,63,7.34,42.27
68,-11.555551641800264,21.379330558871935,2025-05-12 18:00:00,66,5.87,38.18
68,-11.555551641800264,21.379330558871935,2025-05-12 21:00:00,69,6.99,41.51
68,-11.555551641800264,21.379330558871935,2025-05-13 00:00:00,72,5.89,42.44
68,-11.555551641800264,21.379330558871935,2025-05-13 03:00:00,75,3.47,27.57
68,-11.555551641800264,21.379330558871935,2025-05-13 06:00:00,78,0.97,21.93
68,-11.555551641800264,21.379330558871935,2025-05-13 09:00:00,81,2.09,17.35
68,-11.555551641800264,21.379330558871935,2025-05-13 12:00:00,84,2.85,15.97
68,-11.555551641800264,21.379330558871935,2025-05-13 15:00:00,87,0.92,10.34
68,-11.555551641800264,21.379330558871935,2025-05-13 18:00:00,90,2.88,12.32
68,-11.555551641800264,21.379330558871935,2025-05-13 21:00:00,93,3.51,19.95
68,-11.555551641800264,21.379330558871935,2025-05-14 00:00:00,96,5.57,27.6
68,-11.555551641800264,21.379330558871935,2025-05-14 03:00:00,99,7.36,32.03
68,-11.555551641800264,21.379330558871935,2025-05-14 06:00:00,102,8.14,36.28
68,-11.555551641800264,21.379330558871935,2025-05-14 09:00:00,105,6.06,39.12
68,-11.555551641800264,21.379330558871935,2025-05-14 12:00:00,108,8.83,48.13
68,-11.555551641800264,21.379330558871935,2025-05-14 15:00:00,111,9.7,50.47
68,-11.555551641800264,21.379330558871935,2025-05-14 18:00:00,114,9.0,50.93
68,-11.555551641800264,21.379330558871935,2025-05-14 21:00:00,117,5.18,38.41
69,-11.767346211632262,21.074511115540155,2025-05-10 00:00:00,0,4.64,25.83
69,-11.767346211632262,21.074511115540155,2025-05-10 03:00:00,3,5.22,27.39
69,-11.767346211632262,21.074511115540155,2025-05-10 06:00:00,6,5.93,28.63
69,-11.767346211632262,21.074511115540155,2025-05-10 09:00:00,9,8.79,38.97
69,-11.767346211632262,21.074511115540155,2025-05-10 12:00:00,12,7.37,40.87
69,-11.767346211632262,21.074511115540155,2025-05-10 15:00:00,15,6.75,46.26
69,-11.767346211632262,21.074511115540155,2025-05-10 18:00:00,18,8.89,44.05
69,-11.767346211632262,21.074511115540155,2025-05-10 21:00:00,21,6.94,39.9
69,-11.767346211632262,21.074511115540155,2025-05-11 00:00:00,24,5.57,37.44
69,-11.767346211632262,21.074511115540155,2025-05-11 03:00:00,27,5.76,33.03
69,-11.767346211632262,21.074511115540155,2025-05-11 06:00:00,30,3.26,28.0
69,-11.767346211632262,21.074511115540155,2025-05-11 09:00:00,33,4.2,24.44
69,-11.767346211632262,21.074511115540155,2025-05-11 12:00:00,36,0.24,11.19
69,-11.767346211632262,21.074511115540155,2025-05-11 15:00:00,39,3.77,19.82
69,-11.767346211632262,21.074511115540155,2025-05-11 18:00:00,42,3.04,13.65
69,-11.767346211632262,21.074511115540155,2025-05-11 21:00:00,45,3.81,20.42
69,-11.767346211632262,21.074511115540155,2025-05-12 00:00:00,48,4.86,25.98
69,-11.767346211632262,21.074511115540155,2025-05-12 03:00:00,51,4.67,28.74
69,-11.767346211632262,21.074511115540155,2025-05-12 06:00:00,54,6.2,29.71
69,-11.767346211632262,21.074511115540155,2025-05-12 09:00:00,57,8.23,39.7
69,-11.767346211632262,21.074511115540155,2025-05-12 12:00:00,60,8.33,43.14
69,-11.767346211632262,21.074511115540155,2025-05-12 15:00:00,63,9.35,45.06
69,-11.767346211632262,21.074511115540155,2025-05-12 18:00:00,66,7.49,44.23
69,-11.767346211632262,21.074511115540155,2025-05-12 21:00:00,69,4.6,38.34
69,-11.767346211632262,21.074511115540155,2025-05-13 00:00:00,72,4.26,34.47
69,-11.767346211632262,21.074511115540155,2025-05-13 03:00:00,75,2.38,30.05
69,-11.767346211632262,21.074511115540155,2025-05-13 06:00:00,78,2.12,24.79
69,-11.767346211632262,21.074511115540155,2025-05-13 09:00:00,81,2.65,23.4
69,-11.767346211632262,21.074511115540155,2025-05-13 12:00:00,84,1.01,13.43
69,-11.767346211632262,21.074511115540155,2025-05-13 15:00:00,87,1.84,11.6
69,-11.767346211632262,21.074511115540155,2025-05-13 18:00:00,90,3.84,15.07
69,-11.767346211632262,21.074511115540155,2025-05-13 21:00:00,93,5.75,23.68
69,-11.767346211632262,21.074511115540155,2025-05-14 00:00:00,96,6.65,28.67
69,-11.767346211632262,21.074511115540155,2025-05-14 03:00:00,99,6.74,27.14
69,-11.767346211632262,21.074511115540155,2025-05-14 06:00:00,102,6.47,34.7
69,-11.767346211632262,21.074511115540155,2025-05-14 09:00:00,105,7.57,35.78
69,-11.767346211632262,21.074511115540155,2025-05-14 12:00:00,108,9.65,42.66
69,-11.767346211632262,21.074511115540155,2025-05-14 15:00:00,111,7.55,41.05
69,-11.767346211632262,21.074511115540155,2025-05-14 18:00:00,114,5.16,43.66
69,-11.767346211632262,21.074511115540155,2025-05-14 21:00:00,117,6.37,41.32
70,-11.487236349016468,21.108276379876337,2025-05-10 00:00:00,0,3.28,18.87
70,-11.487236349016468,21.108276379876337,2025-05-10 03:00:00,3,7.2,27.58
70,-11.487236349016468,21.108276379876337,2025-05-10 06:00:00,6,6.35,35.65
70,-11.487236349016468,21.108276379876337,2025-05-10 09:00:00,9,8.7,45.1
70,-11.487236349016468,21.108276379876337,2025-05-10 12:00:00,12,9.52,44.28
70,-11.487236349016468,21.108276379876337,2025-05-10 15:00:00,15,6.24,40.5
70,-11.487236349016468,21.108276379876337,2025-05-10 18:00:00,18,5.51,42.26
70,-11.487236349016468,21.108276379876337,2025-05-10 21:00:00,21,6.09,39.04
70,-11.487236349016468,21.108276379876337,2025-05-11 00:00:00,24,3.36,32.01
70,-11.487236349016468,21.108276379876337,2025-05-11 03:00:00,27,4.9,34.17
70,-11.487236349016468,21.108276379876337,2025-05-11 06:00:00,30,1.02,21.72
70,-11.487236349016468,21.108276379876337,2025-05-11 09:00:00,33,0.62,18.74
70,-11.487236349016468,21.108276379876337,2025-05-11 12:00:00,36,1.75,17.65
70,-11.487236349016468,21.108276379876337,2025-05-11 15:00:00,39,1.72,15.73
70,-11.487236349016468,21.108276379876337,2025-05-11 18:00:00,42,1.17,9.43
70,-11.487236349016468,21.108276379876337,2025-05-11 21:00:00,45,2.2,15.52
70,-11.487236349016468,21.108276379876337,2025-05-12 00:00:00,48,4.35,18.02
70,-11.487236349016468,21.108276379876337,2025-05-12 03:00:00,51,4.57,28.17
70,-11.487236349016468,21.108276379876337,2025-05-12 06:00:00,54,7.44,33.85
70,-11.487236349016468,21.108276379876337,2025-05-12 09:00:00,57,9.12,45.11
70,-11.487236349016468,21.108276379876337,2025-05-12 12:00:00,60,9.26,43.88
70,-11.487236349016468,21.108276379876337,2025-05-12 15:00:00,63,6.94,43.55
70,-11.487236349016468,21.108276379876337,2025-05-12 18:00:00,66,7.84,49.03
70,-11.487236349016468,21.108276379876337,2025-05-12 21:00:00,69,6.05,37.5
70,-11.487236349016468,21.108276379876337,2025-05-13 00:00:00,72,5.42,37.9
70,-11.487236349016468,21.108276379876337,2025-05-13 03:00:00,75,2.58,27.82
70,-11.487236349016468,21.108276379876337,2025-05-13 06:00:00,78,2.25,23.78
70,-11.487236349016468,21.108276379876337,2025-05-13 09:00:00,81,2.56,21.18
70,-11.487236349016468,21.108276379876337,2025-05-13 12:00:00,84,2.8,17.96
70,-11.487236349016468,21.108276379876337,2025-05-13 15:00:00,87,0.78,15.09
70,-11.487236349016468,21.108276379876337,2025-05-13 18:00:00,90,1.88,11.24
70,-11.487236349016468,21.108276379876337,2025-05-13 21:00:00,93,4.74,18.91
70,-11.487236349016468,21.108276379876337,2025-05-14 00:00:00,96,6.18,26.1
70,-11.487236349016468,21.108276379876337,2025-05-14 03:00:00,99,4.94,25.3
70,-11.487236349016468,21.108276379876337,2025-05-14 06:00:00,102,8.3,39.97
70,-11.487236349016468,21.108276379876337,2025-05-14 09:00:00,105,5.91,36.75
70,-11.487236349016468,21.108276379876337,2025-05-14 12:00:00,108,8.55,47.57
70,-11.487236349016468,21.108276379876337,2025-05-14 15:00:00,111,9.61,47.6
70,-11.487236349016468,21.108276379876337,2025-05-14 18:00:00,114,7.0,45.32
70,-11.487236349016468,21.108276379876337,2025-05-14 21:00:00,117,7.55,44.0
71,-11.886917595390853,21.499654156872296,2025-05-10 00:00:00,0,5.52,21.42
71,-11.886917595390853,21.499654156872296,2025-05-10 03:00:00,3,7.55,31.97
71,-11.886917595390853,21.499654156872296,2025-05-10 06:00:00,6,7.48,33.4
71,-11.886917595390853,21.499654156872296,2025-05-10 09:00:00,9,6.62,33.87
71,-11.886917595390853,21.499654156872296,2025-05-10 12:00:00,12,6.83,43.62
71,-11.886917595390853,21.499654156872296,2025-05-10 15:00:00,15,7.99,46.17
71,-11.886917595390853,21.499654156872296,2025-05-10 18:00:00,18,9.04,49.31
71,-11.886917595390853,21.499654156872296,2025-05-10 21:00:00,21,6.72,43.37
71,-11.886917595390853,21.499654156872296,2025-05-11 00:00:00,24,3.52,30.71
71,-11.886917595390853,21.499654156872296,2025-05-11 03:00:00,27,2.31,27.8
71,-11.886917595390853,21.499654156872296,2025-05-11 06:00:00,30,3.75,24.65
71,-11.886917595390853,21.499654156872296,2025-05-11 09:00:00,33,3.84,24.84
71,-11.886917595390853,21.499654156872296,2025-05-11 12:00:00,36,1.21,13.01
71,-11.886917595390853,21.499654156872296,2025-05-11 15:00:00,39,2.2,13.18
71,-11.886917595390853,21.499654156872296,2025-05-11 18:00:00,42,0.94,8.31
71,-11.886917595390853,21.499654156872296,2025-05-11 21:00:00,45,3.78,17.79
71,-11.886917595390853,21.499654156872296,2025-05-12 00:00:00,48,3.52,18.38
71,-11.886917595390853,21.499654156872296,2025-05-12 03:00:00,51,6.59,25.73
71,-11.886917595390853,21.499654156872296,2025-05-12 06:00:00,54,8.45,35.18
71,-11.886917595390853,21.499654156872296,2025-05-12 09:00:00,57,6.67,38.03
71,-11.886917595390853,21.499654156872296,2025-05-12 12:00:00,60,9.13,45.12
71,-11.886917595390853,21.499654156872296,2025-05-12 15:00:00,63,6.48,39.64
71,-11.886917595390853,21.499654156872296,2025-05-12 18:00:00,66,8.04,43.69
71,-11.886917595390853,21.499654156872296,2025-05-12 21:00:00,69,6.63,43.15
71,-11.886917595390853,21.499654156872296,2025-05-13 00:00:00,72,5.69,36.46
71,-11.886917595390853,21.499654156872296,2025-05-13 03:00:00,75,3.86,33.37
71,-11.886917595390853,21.499654156872296,2025-05-13 06:00:00,78,3.5,25.46
71,-11.886917595390853,21.499654156872296,2025-05-13 09:00:00,81,3.19,25.3
71,-11.886917595390853,21.499654156872296,2025-05-13 12:00:00,84,1.15,16.6
71,-11.886917595390853,21.499654156872296,2025-05-13 15:00:00,87,3.12,14.52
71,-11.886917595390853,21.499654156872296,2025-05-13 18:00:00,90,4.16,17.5
71,-11.886917595390853,21.499654156872296,2025-05-13 21:00:00,93,4.2,15.94
71,-11.886917595390853,21.499654156872296,2025-05-14 00:00:00,96,3.75,20.83
71,-11.886917595390853,21.499654156872296,2025-05-14 03:00:00,99,5.4,23.39
71,-11.886917595390853,21.499654156872296,2025-05-14 06:00:00,102,5.99,33.83
71,-11.886917595390853,21.499654156872296,2025-05-14 09:00:00,105,7.76,35.73
71,-11.886917595390853,21.499654156872296,2025-05-14 12:00:00,108,7.62,42.06
71,-11.886917595390853,21.499654156872296,2025-05-14 15:00:00,111,5.99,42.31
71,-11.886917595390853,21.499654156872296,2025-05-14 18:00:00,114,5.59,39.36
71,-11.886917595390853,21.499654156872296,2025-05-14 21:00:00,117,6.0,44.57
72,-11.859791326769928,21.528396172937647,2025-05-10 00:00:00,0,6.19,21.61
72,-11.859791326769928,21.528396172937647,2025-05-10 03:00:00,3,7.8,31.11
72,-11.859791326769928,21.528396172937647,2025-05-10 06:00:00,6,6.56,31.58
72,-11.859791326769928,21.528396172937647,2025-05-10 09:00:00,9,9.51,46.12
72,-11.859791326769928,21.528396172937647,2025-05-10 12:00:00,12,6.96,42.96
72,-11.859791326769928,21.528396172937647,2025-05-10 15:00:00,15,6.39,43.55
72,-11.859791326769928,21.528396172937647,2025-05-10 18:00:00,18,9.05,48.68
72,-11.859791326769928,21.528396172937647,2025-05-10 21:00:00,21,5.46,40.13
72,-11.859791326769928,21.528396172937647,2025-05-11 00:00:00,24,5.42,38.81
72,-11.859791326769928,21.528396172937647,2025-05-11 03:00:00,27,4.97,37.09
72,-11.859791326769928,21.528396172937647,2025-05-11 06:00:00,30,4.5,25.56
72,-11.859791326769928,21.528396172937647,2025-05-11 09:00:00,33,1.57,17.34
72,-11.859791326769928,21.528396172937647,2025-05-11 12:00:00,36,3.87,24.62
72,-11.859791326769928,21.528396172937647,2025-05-11 15:00:00,39,3.05,16.47
72,-11.859791326769928,21.528396172937647,2025-05-11 18:00:00,42,2.35,17.91
72,-11.859791326769928,21.528396172937647,2025-05-11 21:00:00,45,1.88,10.86
72,-11.859791326769928,21.528396172937647,2025-05-12 00:00:00,48,6.0,27.81
72,-11.859791326769928,21.528396172937647,2025-05-12 03:00:00,51,5.67,24.17
72,-11.859791326769928,21.528396172937647,2025-05-12 06:00:00,54,9.0,40.79
72,-11.859791326769928,21.528396172937647,2025-05-12 09:00:00,57,7.29,36.9
72,-11.859791326769928,21.528396172937647,2025-05-12 12:00:00,60,8.61,42.61
72,-11.859791326769928,21.528396172937647,2025-05-12 15:00:00,63,8.72,43.61
72,-11.859791326769928,21.528396172937647,2025-05-12 18:00:00,66,7.27,45.54
72,-11.859791326769928,21.528396172937647,2025-05-12 21:00:00,69,6.67,41.05
72,-11.859791326769928,21.528396172937647,2025-05-13 00:00:00,72,3.25,32.42
72,-11.859791326769928,21.528396172937647,2025-05-13 03:00:00,75,4.55,34.79
72,-11.859791326769928,21.528396172937647,2025-05-13 06:00:00,78,3.27,30.44
72,-11.859791326769928,21.528396172937647,2025-05-13 09:00:00,81,3.73,23.83
72,-11.859791326769928,21.528396172937647,2025-05-13 12:00:00,84,1.03,13.7
72,-11.859791326769928,21.528396172937647,2025-05-13 15:00:00,87,1.94,12.9
72,-11.859791326769928,21.528396172937647,2025-05-13 18:00:00,90,3.66,14.6
72,-11.859791326769928,21.528396172937647,2025-05-13 21:00:00,93,3.33,14.59
72,-11.859791326769928,21.528396172937647,2025-05-14 00:00:00,96,4.04,19.15
72,-11.859791326769928,21.528396172937647,2025-05-14 03:00:00,99,4.17,22.44
72,-11.859791326769928,21.528396172937647,2025-05-14 06:00:00,102,5.77,33.85
72,-11.859791326769928,21.528396172937647,2025-05-14 09:00:00,105,8.06,39.67
72,-11.859791326769928,21.528396172937647,2025-05-14 12:00:00,108,9.44,42.3
72,-11.859791326769928,21.528396172937647,2025-05-14 15:00:00,111,8.02,43.45
72,-11.859791326769928,21.528396172937647,2025-05-14 18:00:00,114,6.21,42.96
72,-11.859791326769928,21.528396172937647,2025-05-14 21:00:00,117,6.98,47.02
73,-11.588458581506266,21.632606372676378,2025-05-10 00:00:00,0,3.47,21.76
73,-11.588458581506266,21.632606372676378,2025-05-10 03:00:00,3,7.01,33.14
73,-11.588458581506266,21.632606372676378,2025-05-10 06:00:00,6,6.57,32.72
73,-11.588458581506266,21.632606372676378,2025-05-10 09:00:00,9,8.25,36.66
73,-11.588458581506266,21.632606372676378,2025-05-10 12:00:00,12,8.93,47.13
73,-11.588458581506266,21.632606372676378,2025-05-10 15:00:00,15,6.0,44.95
73,-11.588458581506266,21.632606372676378,2025-05-10 18:00:00,18,7.66,42.81
73,-11.588458581506266,21.632606372676378,2025-05-10 21:00:00,21,5.64,43.02
73,-11.588458581506266,21.632606372676378,2025-05-11 00:00:00,24,4.32,36.4
73,-11.588458581506266,21.632606372676378,2025-05-11 03:00:00,27,5.65,33.53
73,-11.588458581506266,21.632606372676378,2025-05-11 06:00:00,30,3.69,27.47
73,-11.588458581506266,21.632606372676378,2025-05-11 09:00:00,33,0.33,18.39
73,-11.588458581506266,21.632606372676378,2025-05-11 12:00:00,36,2.71,17.97
73,-11.588458581506266,21.632606372676378,2025-05-11 15:00:00,39,0.23,11.92
73,-11.588458581506266,21.632606372676378,2025-05-11 18:00:00,42,4.85,22.36
73,-11.588458581506266,21.632606372676378,2025-05-11 21:00:00,45,2.64,13.85
73,-11.588458581506266,21.632606372676378,2025-05-12 00:00:00,48,4.67,22.81
73,-11.588458581506266,21.632606372676378,2025-05-12 03:00:00,51,7.41,31.21
73,-11.588458581506266,21.632606372676378,2025-05-12 06:00:00,54,6.44,33.61
73,-11.588458581506266,21.632606372676378,2025-05-12 09:00:00,57,6.55,36.63
73,-11.588458581506266,21.632606372676378,2025-05-12 12:00:00,60,6.73,42.43
73,-11.588458581506266,21.632606372676378,2025-05-12 15:00:00,63,6.98,41.65
73,-11.588458581506266,21.632606372676378,2025-05-12 18:00:00,66,9.03,51.56
73,-11.588458581506266,21.632606372676378,2025-05-12 21:00:00,69,7.98,45.39
73,-11.588458581506266,21.632606372676378,2025-05-13 00:00:00,72,6.24,38.09
73,-11.588458581506266,21.632606372676378,2025-05-13 03:00:00,75,4.57,31.13
73,-11.588458581506266,21.632606372676378,2025-05-13 06:00:00,78,1.46,22.44
73,-11.588458581506266,21.632606372676378,2025-05-13 09:00:00,81,1.2,16.29
73,-11.588458581506266,21.632606372676378,2025-05-13 12:00:00,84,3.45,15.89
73,-11.588458581506266,21.632606372676378,2025-05-13 15:00:00,87,3.35,19.77
73,-11.588458581506266,21.632606372676378,2025-05-13 18:00:00,90,3.28,14.97
73,-11.588458581506266,21.632606372676378,2025-05-13 21:00:00,93,2.92,12.79
73,-11.588458581506266,21.632606372676378,2025-05-14 00:00:00,96,5.23,26.33
73,-11.588458581506266,21.632606372676378,2025-05-14 03:00:00,99,5.97,29.78
73,-11.588458581506266,21.632606372676378,2025-05-14 06:00:00,102,8.67,35.33
73,-11.588458581506266,21.632606372676378,2025-05-14 09:00:00,105,6.84,33.92
73,-11.588458581506266,21.632606372676378,2025-05-14 12:00:00,108,8.47,43.72
73,-11.588458581506266,21.632606372676378,2025-05-14 15:00:00,111,8.47,49.77
73,-11.588458581506266,21.632606372676378,2025-05-14 18:00:00,114,5.48,42.94
73,-11.588458581506266,21.632606372676378,2025-05-14 21:00:00,117,6.25,40.04
74,-11.280519316664774,21.119914995765267,2025-05-10 00:00:00,0,6.14,23.7
74,-11.280519316664774,21.119914995765267,2025-05-10 03:00:00,3,6.57,29.99
74,-11.280519316664774,21.119914995765267,2025-05-10 06:00:00,6,5.59,34.17
74,-11.280519316664774,21.119914995765267,2025-05-10 09:00:00,9,6.29,38.21
74,-11.280519316664774,21.119914995765267,2025-05-10 12:00:00,12,7.31,42.55
74,-11.280519316664774,21.119914995765267,2025-05-10 15:00:00,15,9.16,49.49
74,-11.280519316664774,21.119914995765267,2025-05-10 18:00:00,18,7.59,47.97
74,-11.280519316664774,21.119914995765267,2025-05-10 21:00:00,21,6.17,38.53
74,-11.280519316664774,21.119914995765267,2025-05-11 00:00:00,24,5.9,35.31
74,-11.280519316664774,21.119914995765267,2025-05-11 03:00:00,27,3.63,30.48
74,-11.280519316664774,21.119914995765267,2025-05-11 06:00:00,30,3.18,28.27
74,-11.280519316664774,21.119914995765267,2025-05-11 09:00:00,33,3.14,23.98
74,-11.280519316664774,21.119914995765267,2025-05-11 12:00:00,36,0.47,13.75
74,-11.280519316664774,21.119914995765267,2025-05-11 15:00:00,39,0.25,10.04
74,-11.280519316664774,21.119914995765267,2025-05-11 18:00:00,42,3.56,17.78
74,-11.280519316664774,21.119914995765267,2025-05-11 21:00:00,45,3.57,17.49
74,-11.280519316664774,21.119914995765267,2025-05-12 00:00:00,48,5.93,28.06
74,-11.280519316664774,21.119914995765267,2025-05-12 03:00:00,51,4.51,22.3
74,-11.280519316664774,21.119914995765267,2025-05-12 06:00:00,54,7.12,36.77
74,-11.280519316664774,21.119914995765267,2025-05-12 09:00:00,57,6.01,32.07
74,-11.280519316664774,21.119914995765267,2025-05-12 12:00:00,60,6.46,38.13
74,-11.280519316664774,21.119914995765267,2025-05-12 15:00:00,63,7.01,43.85
74,-11.280519316664774,21.119914995765267,2025-05-12 18:00:00,66,5.69,40.84
74,-11.280519316664774,21.119914995765267,2025-05-12 21:00:00,69,7.89,43.13
74,-11.280519316664774,21.119914995765267,2025-05-13 00:00:00,72,6.75,37.23
74,-11.280519316664774,21.119914995765267,2025-05-13 03:00:00,75,2.4,32.01
74,-11.280519316664774,21.119914995765267,2025-05-13 06:00:00,78,3.36,28.46
74,-11.280519316664774,21.119914995765267,2025-05-13 09:00:00,81,2.35,22.7
74,-11.280519316664774,21.119914995765267,2025-05-13 12:00:00,84,0.37,13.62
74,-11.280519316664774,21.119914995765267,2025-05-13 15:00:00,87,3.41,14.39
74,-11.280519316664774,21.119914995765267,2025-05-13 18:00:00,90,2.5,14.2
74,-11.280519316664774,21.119914995765267,2025-05-13 21:00:00,93,4.06,17.02
74,-11.280519316664774,21.119914995765267,2025-05-14 00:00:00,96,3.11,19.68
74,-11.280519316664774,21.119914995765267,2025-05-14 03:00:00,99,5.9,27.95
74,-11.280519316664774,21.119914995765267,2025-05-14 06:00:00,102,8.91,38.53
74,-11.280519316664774,21.119914995765267,2025-05-14 09:00:00,105,9.76,39.44
74,-11.280519316664774,21.119914995765267,2025-05-14 12:00:00,108,7.3,42.39
74,-11.280519316664774,21.119914995765267,2025-05-14 15:00:00,111,9.01,43.38
74,-11.280519316664774,21.119914995765267,2025-05-14 18:00:00,114,7.72,46.9
74,-11.280519316664774,21.119914995765267,2025-05-14 21:00:00,117,4.49,34.67
75,-11.69669182538481,21.305077725000015,2025-05-10 00:00:00,0,5.59,22.89
75,-11.69669182538481,21.305077725000015,2025-05-10 03:00:00,3,8.11,36.02
75,-11.69669182538481,21.305077725000015,2025-05-10 06:00:00,6,6.29,33.13
75,-11.69669182538481,21.305077725000015,2025-05-10 09:00:00,9,8.13,41.17
75,-11.69669182538481,21.305077725000015,2025-05-10 12:00:00,12,6.35,42.33
75,-11.69669182538481,21.305077725000015,2025-05-10 15:00:00,15,7.01,42.54
75,-11.69669182538481,21.305077725000015,2025-05-10 18:00:00,18,8.69,45.59
75,-11.69669182538481,21.305077725000015,2025-05-10 21:00:00,21,5.26,39.21
75,-11.69669182538481,21.305077725000015,2025-05-11 00:00:00,24,5.08,33.84
75,-11.69669182538481,21.305077725000015,2025-05-11 03:00:00,27,2.7,28.35
75,-11.69669182538481,21.305077725000015,2025-05-11 06:00:00,30,2.15,23.44
75,-11.69669182538481,21.305077725000015,2025-05-11 09:00:00,33,2.59,24.7
75,-11.69669182538481,21.305077725000015,2025-05-11 12:00:00,36,3.64,19.63
75,-11.69669182538481,21.305077725000015,2025-05-11 15:00:00,39,3.13,20.28
75,-11.69669182538481,21.305077725000015,2025-05-11 18:00:00,42,2.22,18.07
75,-11.69669182538481,21.305077725000015,2025-05-11 21:00:00,45,3.16,19.96
75,-11.69669182538481,21.305077725000015,2025-05-12 00:00:00,48,6.58,29.92
75,-11.69669182538481,21.305077725000015,2025-05-12 03:00:00,51,5.17,24.66
75,-11.69669182538481,21.305077725000015,2025-05-12 06:00:00,54,5.34,34.54
75,-11.69669182538481,21.305077725000015,2025-05-12 09:00:00,57,6.39,37.71
75,-11.69669182538481,21.305077725000015,2025-05-12 12:00:00,60,8.69,43.92
75,-11.69669182538481,21.305077725000015,2025-05-12 15:00:00,63,8.14,45.17
75,-11.69669182538481,21.305077725000015,2025-05-12 18:00:00,66,8.73,49.88
75,-11.69669182538481,21.305077725000015,2025-05-12 21:00:00,69,4.73,42.25
75,-11.69669182538481,21.305077725000015,2025-05-13 00:00:00,72,6.78,43.74
75,-11.69669182538481,21.305077725000015,2025-05-13 03:00:00,75,4.1,28.03
75,-11.69669182538481,21.305077725000015,2025-05-13 06:00:00,78,1.76,26.7
75,-11.69669182538481,21.305077725000015,2025-05-13 09:00:00,81,2.29,24.02
75,-11.69669182538481,21.305077725000015,2025-05-13 12:00:00,84,2.1,14.69
75,-11.69669182538481,21.305077725000015,2025-05-13 15:00:00,87,1.85,14.28
75,-11.69669182538481,21.305077725000015,2025-05-13 18:00:00,90,1.26,8.89
75,-11.69669182538481,21.305077725000015,2025-05-13 21:00:00,93,4.41,22.84
75,-11.69669182538481,21.305077725000015,2025-05-14 00:00:00,96,3.37,19.95
75,-11.69669182538481,21.305077725000015,2025-05-14 03:00:00,99,4.73,23.7
75,-11.69669182538481,21.305077725000015,2025-05-14 06:00:00,102,8.54,33.53
75,-11.69669182538481,21.305077725000015,2025-05-14 09:00:00,105,6.82,36.72
75,-11.69669182538481,21.305077725000015,2025-05-14 12:00:00,108,8.18,45.39
75,-11.69669182538481,21.305077725000015,2025-05-14 15:00:00,111,6.32,45.08
75,-11.69669182538481,21.305077725000015,2025-05-14 18:00:00,114,9.07,46.18
75,-11.69669182538481,21.305077725000015,2025-05-14 21:00:00,117,6.22,38.36
76,-11.672176739387288,21.52362721987072,2025-05-10 00:00:00,0,5.94,25.26
76,-11.672176739387288,21.52362721987072,2025-05-10 03:00:00,3,6.44,29.52
76,-11.672176739387288,21.52362721987072,2025-05-10 06:00:00,6,7.98,36.85
76,-11.672176739387288,21.52362721987072,2025-05-10 09:00:00,9,7.44,36.64
76,-11.672176739387288,21.52362721987072,2025-05-10 12:00:00,12,9.6,43.7
76,-11.672176739387288,21.52362721987072,2025-05-10 15:00:00,15,6.63,40.04
76,-11.672176739387288,21.52362721987072,2025-05-10 18:00:00,18,8.94,43.98
76,-11.672176739387288,21.52362721987072,2025-05-10 21:00:00,21,7.45,46.61
76,-11.672176739387288,21.52362721987072,2025-05-11 00:00:00,24,6.41,37.23
76,-11.672176739387288,21.52362721987072,2025-05-11 03:00:00,27,2.59,31.17
76,-11.672176739387288,21.52362721987072,2025-05-11 06:00:00,30,3.01,29.29
76,-11.672176739387288,21.52362721987072,2025-05-11 09:00:00,33,1.77,18.97
76,-11.672176739387288,21.52362721987072,2025-05-11 12:00:00,36,3.52,22.62
76,-11.672176739387288,21.52362721987072,2025-05-11 15:00:00,39,3.6,19.32
76,-11.672176739387288,21.52362721987072,2025-05-11 18:00:00,42,0.92,11.23
76,-11.672176739387288,21.52362721987072,2025-05-11 21:00:00,45,5.23,19.36
76,-11.672176739387288,21.52362721987072,2025-05-12 00:00:00,48,3.31,22.63
76,-11.672176739387288,21.52362721987072,2025-05-12 03:00:00,51,7.25,31.72
76,-11.672176739387288,21.52362721987072,2025-05-12 06:00:00,54,7.28,32.36
76,-11.672176739387288,21.52362721987072,2025-05-12 09:00:00,57,7.62,35.37
76,-11.672176739387288,21.52362721987072,2025-05-12 12:00:00,60,9.38,48.74
76,-11.672176739387288,21.52362721987072,2025-05-12 15:00:00,63,7.61,44.42
76,-11.672176739387288,21.52362721987072,2025-05-12 18:00:00,66,8.5,43.11
76,-11.672176739387288,21.52362721987072,2025-05-12 21:00:00,69,4.74,38.02
76,-11.672176739387288,21.52362721987072,2025-05-13 00:00:00,72,6.66,38.85
76,-11.672176739387288,21.52362721987072,2025-05-13 03:00:00,75,3.34,32.79
76,-11.672176739387288,21.52362721987072,2025-05-13 06:00:00,78,4.5,27.67
76,-11.672176739387288,21.52362721987072,2025-05-13 09:00:00,81,3.52,25.87
76,-11.672176739387288,21.52362721987072,2025-05-13 12:00:00,84,2.08,13.65
76,-11.672176739387288,21.52362721987072,2025-05-13 15:00:00,87,2.95,17.13
76,-11.672176739387288,21.52362721987072,2025-05-13 18:00:00,90,3.59,14.23
76,-11.672176739387288,21.52362721987072,2025-05-13 21:00:00,93,3.57,17.87
76,-11.672176739387288,21.52362721987072,2025-05-14 00:00:00,96,3.74,20.37
76,-11.672176739387288,21.52362721987072,2025-05-14 03:00:00,99,4.46,24.02
76,-11.672176739387288,21.52362721987072,2025-05-14 06:00:00,102,8.81,39.02
76,-11.672176739387288,21.52362721987072,2025-05-14 09:00:00,105,8.99,38.86
76,-11.672176739387288,21.52362721987072,2025-05-14 12:00:00,108,8.23,40.89
76,-11.672176739387288,21.52362721987072,2025-05-14 15:00:00,111,5.95,45.01
76,-11.672176739387288,21.52362721987072,2025-05-14 18:00:00,114,6.08,44.9
76,-11.672176739387288,21.52362721987072,2025-05-14 21:00:00,117,4.95,42.74
77,-11.535164654407769,21.586478940419113,2025-05-10 00:00:00,0,6.2,21.55
77,-11.535164654407769,21.586478940419113,2025-05-10 03:00:00,3,6.89,27.02
77,-11.535164654407769,21.586478940419113,2025-05-10 06:00:00,6,6.01,35.96
77,-11.535164654407769,21.586478940419113,2025-05-10 09:00:00,9,7.55,38.27
77,-11.535164654407769,21.586478940419113,2025-05-10 12:00:00,12,6.93,41.83
77,-11.535164654407769,21.586478940419113,2025-05-10 15:00:00,15,8.89,45.0
77,-11.535164654407769,21.586478940419113,2025-05-10 18:00:00,18,7.75,46.81
77,-11.535164654407769,21.586478940419113,2025-05-10 21:00:00,21,4.24,39.88
77,-11.535164654407769,21.586478940419113,2025-05-11 00:00:00,24,3.77,35.12
77,-11.535164654407769,21.586478940419113,2025-05-11 03:00:00,27,4.01,34.72
77,-11.535164654407769,21.586478940419113,2025-05-11 06:00:00,30,3.75,28.44
77,-11.535164654407769,21.586478940419113,2025-05-11 09:00:00,33,1.46,18.84
77,-11.535164654407769,21.586478940419113,2025-05-11 12:00:00,36,1.25,19.01
77,-11.535164654407769,21.586478940419113,2025-05-11 15:00:00,39,1.68,11.07
77,-11.535164654407769,21.586478940419113,2025-05-11 18:00:00,42,1.11,9.56
77,-11.535164654407769,21.586478940419113,2025-05-11 21:00:00,45,5.35,21.83
77,-11.535164654407769,21.586478940419113,2025-05-12 00:00:00,48,5.36,23.24
77,-11.535164654407769,21.586478940419113,2025-05-12 03:00:00,51,8.01,29.84
77,-11.535164654407769,21.586478940419113,2025-05-12 06:00:00,54,8.05,32.66
77,-11.535164654407769,21.586478940419113,2025-05-12 09:00:00,57,9.51,40.19
77,-11.535164654407769,21.586478940419113,2025-05-12 12:00:00,60,9.42,47.47
77,-11.535164654407769,21.586478940419113,2025-05-12 15:00:00,63,5.79,43.76
77,-11.535164654407769,21.586478940419113,2025-05-12 18:00:00,66,6.5,41.85
77,-11.535164654407769,21.586478940419113,2025-05-12 21:00:00,69,6.35,43.78
77,-11.535164654407769,21.586478940419113,2025-05-13 00:00:00,72,6.0,41.64
77,-11.535164654407769,21.586478940419113,2025-05-13 03:00:00,75,3.29,26.98
77,-11.535164654407769,21.586478940419113,2025-05-13 06:00:00,78,4.24,30.6
77,-11.535164654407769,21.586478940419113,2025-05-13 09:00:00,81,2.2,20.0
77,-11.535164654407769,21.586478940419113,2025-05-13 12:00:00,84,2.68,16.61
77,-11.535164654407769,21.586478940419113,2025-05-13 15:00:00,87,0.89,16.07
77,-11.535164654407769,21.586478940419113,2025-05-13 18:00:00,90,4.37,18.92
77,-11.535164654407769,21.586478940419113,2025-05-13 21:00:00,93,3.48,14.92
77,-11.535164654407769,21.586478940419113,2025-05-14 00:00:00,96,4.52,18.98
77,-11.535164654407769,21.586478940419113,2025-05-14 03:00:00,99,4.91,29.82
77,-11.535164654407769,21.586478940419113,2025-05-14 06:00:00,102,7.26,34.58
77,-11.535164654407769,21.586478940419113,2025-05-14 09:00:00,105,7.54,35.86
77,-11.535164654407769,21.586478940419113,2025-05-14 12:00:00,108,6.3,39.68
77,-11.535164654407769,21.586478940419113,2025-05-14 15:00:00,111,7.36,47.03
77,-11.535164654407769,21.586478940419113,2025-05-14 18:00:00,114,5.19,44.11
77,-11.535164654407769,21.586478940419113,2025-05-14 21:00:00,117,5.25,42.97
78,-11.806171659345546,21.687121365051432,2025-05-10 00:00:00,0,6.8,26.48
78,-11.806171659345546,21.687121365051432,2025-05-10 03:00:00,3,7.79,29.12
78,-11.806171659345546,21.687121365051432,2025-05-10 06:00:00,6,7.32,36.56
78,-11.806171659345546,21.687121365051432,2025-05-10 09:00:00,9,9.44,41.13
78,-11.806171659345546,21.687121365051432,2025-05-10 12:00:00,12,9.53,47.02
78,-11.806171659345546,21.687121365051432,2025-05-10 15:00:00,15,8.38,43.81
78,-11.806171659345546,21.687121365051432,2025-05-10 18:00:00,18,8.32,47.78
78,-11.806171659345546,21.687121365051432,2025-05-10 21:00:00,21,4.76,40.48
78,-11.806171659345546,21.687121365051432,2025-05-11 00:00:00,24,6.52,41.01
78,-11.806171659345546,21.687121365051432,2025-05-11 03:00:00,27,3.8,28.58
78,-11.806171659345546,21.687121365051432,2025-05-11 06:00:00,30,1.74,20.26
78,-11.806171659345546,21.687121365051432,2025-05-11 09:00:00,33,1.55,22.97
78,-11.806171659345546,21.687121365051432,2025-05-11 12:00:00,36,0.89,17.3
78,-11.806171659345546,21.687121365051432,2025-05-11 15:00:00,39,2.39,12.99
78,-11.806171659345546,21.687121365051432,2025-05-11 18:00:00,42,3.31,12.67
78,-11.806171659345546,21.687121365051432,2025-05-11 21:00:00,45,3.5,17.82
78,-11.806171659345546,21.687121365051432,2025-05-12 00:00:00,48,4.42,25.64
78,-11.806171659345546,21.687121365051432,2025-05-12 03:00:00,51,6.89,30.78
78,-11.806171659345546,21.687121365051432,2025-05-12 06:00:00,54,5.25,30.37
78,-11.806171659345546,21.687121365051432,2025-05-12 09:00:00,57,7.9,43.47
78,-11.806171659345546,21.687121365051432,2025-05-12 12:00:00,60,7.06,44.34
78,-11.806171659345546,21.687121365051432,2025-05-12 15:00:00,63,6.57,41.62
78,-11.806171659345546,21.687121365051432,2025-05-12 18:00:00,66,8.91,47.15
78,-11.806171659345546,21.687121365051432,2025-05-12 21:00:00,69,7.49,47.67
78,-11.806171659345546,21.687121365051432,2025-05-13 00:00:00,72,3.04,30.72
78,-11.806171659345546,21.687121365051432,2025-05-13 03:00:00,75,4.41,34.07
78,-11.806171659345546,21.687121365051432,2025-05-13 06:00:00,78,4.81,29.54
78,-11.806171659345546,21.687121365051432,2025-05-13 09:00:00,81,1.51,19.83
78,-11.806171659345546,21.687121365051432,2025-05-13 12:00:00,84,1.92,18.06
78,-11.806171659345546,21.687121365051432,2025-05-13 15:00:00,87,1.83,16.94
78,-11.806171659345546,21.687121365051432,2025-05-13 18:00:00,90,3.71,16.36
78,-11.806171659345546,21.687121365051432,2025-05-13 21:00:00,93,4.64,17.37
78,-11.806171659345546,21.687121365051432,2025-05-14 00:00:00,96,3.12,21.83
78,-11.806171659345546,21.687121365051432,2025-05-14 03:00:00,99,5.44,23.63
78,-11.806171659345546,21.687121365051432,2025-05-14 06:00:00,102,8.53,36.42
78,-11.806171659345546,21.687121365051432,2025-05-14 09:00:00,105,8.35,38.89
78,-11.806171659345546,21.687121365051432,2025-05-14 12:00:00,108,9.22,49.08
78,-11.806171659345546,21.687121365051432,2025-05-14 15:00:00,111,8.24,46.3
78,-11.806171659345546,21.687121365051432,2025-05-14 18:00:00,114,5.65,42.92
78,-11.806171659345546,21.687121365051432,2025-05-14 21:00:00,117,7.38,44.19
79,-11.351034031038663,21.108771721904503,2025-05-10 00:00:00,0,6.37,21.71
79,-11.351034031038663,21.108771721904503,2025-05-10 03:00:00,3,5.28,24.15
79,-11.351034031038663,21.108771721904503,2025-05-10 06:00:00,6,6.38,33.58
79,-11.351034031038663,21.108771721904503,2025-05-10 09:00:00,9,9.16,42.76
79,-11.351034031038663,21.108771721904503,2025-05-10 12:00:00,12,9.26,49.47
79,-11.351034031038663,21.108771721904503,2025-05-10 15:00:00,15,8.35,47.85
79,-11.351034031038663,21.108771721904503,2025-05-10 18:00:00,18,8.31,43.73
79,-11.351034031038663,21.108771721904503,2025-05-10 21:00:00,21,6.27,43.73
79,-11.351034031038663,21.108771721904503,2025-05-11 00:00:00,24,6.53,37.82
79,-11.351034031038663,21.108771721904503,2025-05-11 03:00:00,27,3.93,35.53
79,-11.351034031038663,21.108771721904503,2025-05-11 06:00:00,30,1.95,20.34
79,-11.351034031038663,21.108771721904503,2025-05-11 09:00:00,33,1.83,16.96
79,-11.351034031038663,21.108771721904503,2025-05-11 12:00:00,36,1.68,16.93
79,-11.351034031038663,21.108771721904503,2025-05-11 15:00:00,39,1.61,14.82
79,-11.351034031038663,21.108771721904503,2025-05-11 18:00:00,42,1.78,16.05
79,-11.351034031038663,21.108771721904503,2025-05-11 21:00:00,45,4.29,19.32
79,-11.351034031038663,21.108771721904503,2025-05-12 00:00:00,48,4.69,22.41
79,-11.351034031038663,21.108771721904503,2025-05-12 03:00:00,51,7.71,33.09
79,-11.351034031038663,21.108771721904503,2025-05-12 06:00:00,54,6.6,32.42
79,-11.351034031038663,21.108771721904503,2025-05-12 09:00:00,57,6.65,34.76
79,-11.351034031038663,21.108771721904503,2025-05-12 12:00:00,60,6.79,40.21
79,-11.351034031038663,21.108771721904503,2025-05-12 15:00:00,63,6.02,39.46
79,-11.351034031038663,21.108771721904503,2025-05-12 18:00:00,66,8.38,45.15
79,-11.351034031038663,21.108771721904503,2025-05-12 21:00:00,69,7.72,42.92
79,-11.351034031038663,21.108771721904503,2025-05-13 00:00:00,72,5.66,39.82
79,-11.351034031038663,21.108771721904503,2025-05-13 03:00:00,75,3.74,29.87
79,-11.351034031038663,21.108771721904503,2025-05-13 06:00:00,78,2.8,23.07
79,-11.351034031038663,21.108771721904503,2025-05-13 09:00:00,81,0.84,16.46
79,-11.351034031038663,21.108771721904503,2025-05-13 12:00:00,84,0.55,10.27
79,-11.351034031038663,21.108771721904503,2025-05-13 15:00:00,87,0.89,10.9
79,-11.351034031038663,21.108771721904503,2025-05-13 18:00:00,90,3.65,13.72
79,-11.351034031038663,21.108771721904503,2025-05-13 21:00:00,93,2.39,16.89
79,-11.351034031038663,21.108771721904503,2025-05-14 00:00:00,96,4.87,20.75
79,-11.351034031038663,21.108771721904503,2025-05-14 03:00:00,99,5.57,23.46
79,-11.351034031038663,21.108771721904503,2025-05-14 06:00:00,102,8.07,40.05
79,-11.351034031038663,21.108771721904503,2025-05-14 09:00:00,105,9.52,44.88
79,-11.351034031038663,21.108771721904503,2025-05-14 12:00:00,108,9.56,42.69
79,-11.351034031038663,21.108771721904503,2025-05-14 15:00:00,111,6.77,40.15
79,-11.351034031038663,21.108771721904503,2025-05-14 18:00:00,114,6.63,45.07
79,-11.351034031038663,21.108771721904503,2025-05-14 21:00:00,117,4.95,37.1
80,-11.60296854874773,21.55777736827097,2025-05-10 00:00:00,0,6.56,29.73
80,-11.60296854874773,21.55777736827097,2025-05-10 03:00:00,3,7.12,30.57
80,-11.60296854874773,21.55777736827097,2025-05-10 06:00:00,6,7.9,39.12
80,-11.60296854874773,21.55777736827097,2025-05-10 09:00:00,9,6.79,40.49
80,-11.60296854874773,21.55777736827097,2025-05-10 12:00:00,12,6.65,36.69
80,-11.60296854874773,21.55777736827097,2025-05-10 15:00:00,15,9.67,50.07
80,-11.60296854874773,21.55777736827097,2025-05-10 18:00:00,18,7.37,47.19
80,-11.60296854874773,21.55777736827097,2025-05-10 21:00:00,21,6.57,38.7
80,-11.60296854874773,21.55777736827097,2025-05-11 00:00:00,24,5.88,36.95
80,-11.60296854874773,21.55777736827097,2025-05-11 03:00:00,27,4.37,31.88
80,-11.60296854874773,21.55777736827097,2025-05-11 06:00:00,30,3.27,29.48
80,-11.60296854874773,21.55777736827097,2025-05-11 09:00:00,33,0.51,13.2
80,-11.60296854874773,21.55777736827097,2025-05-11 12:00:00,36,0.8,11.98
80,-11.60296854874773,21.55777736827097,2025-05-11 15:00:00,39,1.11,12.52
80,-11.60296854874773,21.55777736827097,2025-05-11 18:00:00,42,4.43,22.74
80,-11.60296854874773,21.55777736827097,2025-05-11 21:00:00,45,4.64,17.98
80,-11.60296854874773,21.55777736827097,2025-05-12 00:00:00,48,3.43,22.91
80,-11.60296854874773,21.55777736827097,2025-05-12 03:00:00,51,6.62,32.07
80,-11.60296854874773,21.55777736827097,2025-05-12 06:00:00,54,9.05,35.89
80,-11.60296854874773,21.55777736827097,2025-05-12 09:00:00,57,8.48,42.15
80,-11.60296854874773,21.55777736827097,2025-05-12 12:00:00,60,8.38,44.93
80,-11.60296854874773,21.55777736827097,2025-05-12 15:00:00,63,9.38,51.46
80,-11.60296854874773,21.55777736827097,2025-05-12 18:00:00,66,6.52,43.91
80,-11.60296854874773,21.55777736827097,2025-05-12 21:00:00,69,5.37,37.01
80,-11.60296854874773,21.55777736827097,2025-05-13 00:00:00,72,6.0,36.45
80,-11.60296854874773,21.55777736827097,2025-05-13 03:00:00,75,4.6,36.38
80,-11.60296854874773,21.55777736827097,2025-05-13 06:00:00,78,1.56,25.05
80,-11.60296854874773,21.55777736827097,2025-05-13 09:00:00,81,2.28,23.56
80,-11.60296854874773,21.55777736827097,2025-05-13 12:00:00,84,0.86,14.7
80,-11.60296854874773,21.55777736827097,2025-05-13 15:00:00,87,1.64,16.65
80,-11.60296854874773,21.55777736827097,2025-05-13 18:00:00,90,3.42,13.5
80,-11.60296854874773,21.55777736827097,2025-05-13 21:00:00,93,3.76,18.34
80,-11.60296854874773,21.55777736827097,2025-05-14 00:00:00,96,4.2,19.02
80,-11.60296854874773,21.55777736827097,2025-05-14 03:00:00,99,5.15,26.76
80,-11.60296854874773,21.55777736827097,2025-05-14 06:00:00,102,7.85,33.75
80,-11.60296854874773,21.55777736827097,2025-05-14 09:00:00,105,8.2,38.37
80,-11.60296854874773,21.55777736827097,2025-05-14 12:00:00,108,6.65,37.46
80,-11.60296854874773,21.55777736827097,2025-05-14 15:00:00,111,6.24,37.72
80,-11.60296854874773,21.55777736827097,2025-05-14 18:00:00,114,7.78,43.77
80,-11.60296854874773,21.55777736827097,2025-05-14 21:00:00,117,7.87,43.26
81,-11.83577012360302,21.076358522259532,2025-05-10 00:00:00,0,6.61,26.95
81,-11.83577012360302,21.076358522259532,2025-05-10 03:00:00,3,5.15,28.34
81,-11.83577012360302,21.076358522259532,2025-05-10 06:00:00,6,6.41,36.32
81,-11.83577012360302,21.076358522259532,2025-05-10 09:00:00,9,6.14,36.22
81,-11.83577012360302,21.076358522259532,2025-05-10 12:00:00,12,8.63,48.31
81,-11.83577012360302,21.076358522259532,2025-05-10 15:00:00,15,8.35,46.64
81,-11.83577012360302,21.076358522259532,2025-05-10 18:00:00,18,5.84,43.74
81,-11.83577012360302,21.076358522259532,2025-05-10 21:00:00,21,4.47,37.28
81,-11.83577012360302,21.076358522259532,2025-05-11 00:00:00,24,3.96,31.8
81,-11.83577012360302,21.076358522259532,2025-05-11 03:00:00,27,4.05,34.85
81,-11.83577012360302,21.076358522259532,2025-05-11 06:00:00,30,3.1,27.61
81,-11.83577012360302,21.076358522259532,2025-05-11 09:00:00,33,3.37,23.75
81,-11.83577012360302,21.076358522259532,2025-05-11 12:00:00,36,1.19,13.6
81,-11.83577012360302,21.076358522259532,2025-05-11 15:00:00,39,1.52,11.52
81,-11.83577012360302,21.076358522259532,2025-05-11 18:00:00,42,2.36,14.05
81,-11.83577012360302,21.076358522259532,2025-05-11 21:00:00,45,5.37,22.96
81,-11.83577012360302,21.076358522259532,2025-05-12 00:00:00,48,3.13,17.76
81,-11.83577012360302,21.076358522259532,2025-05-12 03:00:00,51,4.95,27.22
81,-11.83577012360302,21.076358522259532,2025-05-12 06:00:00,54,5.65,27.53
81,-11.83577012360302,21.076358522259532,2025-05-12 09:00:00,57,8.28,43.51
81,-11.83577012360302,21.076358522259532,2025-05-12 12:00:00,60,7.0,38.15
81,-11.83577012360302,21.076358522259532,2025-05-12 15:00:00,63,7.22,46.95
81,-11.83577012360302,21.076358522259532,2025-05-12 18:00:00,66,5.94,38.73
81,-11.83577012360302,21.076358522259532,2025-05-12 21:00:00,69,6.38,38.44
81,-11.83577012360302,21.076358522259532,2025-05-13 00:00:00,72,3.8,36.15
81,-11.83577012360302,21.076358522259532,2025-05-13 03:00:00,75,2.16,30.37
81,-11.83577012360302,21.076358522259532,2025-05-13 06:00:00,78,0.93,22.74
81,-11.83577012360302,21.076358522259532,2025-05-13 09:00:00,81,1.34,22.4
81,-11.83577012360302,21.076358522259532,2025-05-13 12:00:00,84,3.48,22.16
81,-11.83577012360302,21.076358522259532,2025-05-13 15:00:00,87,0.52,10.54
81,-11.83577012360302,21.076358522259532,2025-05-13 18:00:00,90,1.03,8.92
81,-11.83577012360302,21.076358522259532,2025-05-13 21:00:00,93,4.14,16.19
81,-11.83577012360302,21.076358522259532,2025-05-14 00:00:00,96,6.84,26.22
81,-11.83577012360302,21.076358522259532,2025-05-14 03:00:00,99,4.31,28.22
81,-11.83577012360302,21.076358522259532,2025-05-14 06:00:00,102,6.51,31.46
81,-11.83577012360302,21.076358522259532,2025-05-14 09:00:00,105,7.53,39.79
81,-11.83577012360302,21.076358522259532,2025-05-14 12:00:00,108,9.94,50.35
81,-11.83577012360302,21.076358522259532,2025-05-14 15:00:00,111,8.2,47.28
81,-11.83577012360302,21.076358522259532,2025-05-14 18:00:00,114,8.64,48.0
81,-11.83577012360302,21.076358522259532,2025-05-14 21:00:00,117,4.36,39.46
82,-11.395192035687513,21.58740974439247,2025-05-10 00:00:00,0,6.74,26.14
82,-11.395192035687513,21.58740974439247,2025-05-10 03:00:00,3,5.77,24.93
82,-11.395192035687513,21.58740974439247,2025-05-10 06:00:00,6,8.21,34.74
82,-11.395192035687513,21.58740974439247,2025-05-10 09:00:00,9,8.07,43.22
82,-11.395192035687513,21.58740974439247,2025-05-10 12:00:00,12,9.28,46.77
82,-11.395192035687513,21.58740974439247,2025-05-10 15:00:00,15,5.86,39.76
82,-11.395192035687513,21.58740974439247,2025-05-10 18:00:00,18,6.52,44.06
82,-11.395192035687513,21.58740974439247,2025-05-10 21:00:00,21,5.68,41.22
82,-11.395192035687513,21.58740974439247,2025-05-11 00:00:00,24,4.3,38.29
82,-11.395192035687513,21.58740974439247,2025-05-11 03:00:00,27,5.02,33.99
82,-11.395192035687513,21.58740974439247,2025-05-11 06:00:00,30,2.32,26.31
82,-11.395192035687513,21.58740974439247,2025-05-11 09:00:00,33,1.28,15.91
82,-11.395192035687513,21.58740974439247,2025-05-11 12:00:00,36,0.68,14.44
82,-11.395192035687513,21.58740974439247,2025-05-11 15:00:00,39,0.29,10.8
82,-11.395192035687513,21.58740974439247,2025-05-11 18:00:00,42,1.62,12.18
82,-11.395192035687513,21.58740974439247,2025-05-11 21:00:00,45,2.74,17.08
82,-11.395192035687513,21.58740974439247,2025-05-12 00:00:00,48,3.39,22.75
82,-11.395192035687513,21.58740974439247,2025-05-12 03:00:00,51,8.05,34.34
82,-11.395192035687513,21.58740974439247,2025-05-12 06:00:00,54,6.22,31.25
82,-11.395192035687513,21.58740974439247,2025-05-12 09:00:00,57,7.71,35.6
82,-11.395192035687513,21.58740974439247,2025-05-12 12:00:00,60,8.32,41.59
82,-11.395192035687513,21.58740974439247,2025-05-12 15:00:00,63,7.63,44.03
82,-11.395192035687513,21.58740974439247,2025-05-12 18:00:00,66,8.21,43.19
82,-11.395192035687513,21.58740974439247,2025-05-12 21:00:00,69,6.17,41.2
82,-11.395192035687513,21.58740974439247,2025-05-13 00:00:00,72,3.65,32.57
82,-11.395192035687513,21.58740974439247,2025-05-13 03:00:00,75,4.26,33.68
82,-11.395192035687513,21.58740974439247,2025-05-13 06:00:00,78,3.25,26.5
82,-11.395192035687513,21.58740974439247,2025-05-13 09:00:00,81,3.45,26.73
82,-11.395192035687513,21.58740974439247,2025-05-13 12:00:00,84,2.57,14.81
82,-11.395192035687513,21.58740974439247,2025-05-13 15:00:00,87,2.63,13.08
82,-11.395192035687513,21.58740974439247,2025-05-13 18:00:00,90,1.29,14.06
82,-11.395192035687513,21.58740974439247,2025-05-13 21:00:00,93,4.79,16.52
82,-11.395192035687513,21.58740974439247,2025-05-14 00:00:00,96,4.84,25.36
82,-11.395192035687513,21.58740974439247,2025-05-14 03:00:00,99,7.28,32.23
82,-11.395192035687513,21.58740974439247,2025-05-14 06:00:00,102,6.64,36.36
82,-11.395192035687513,21.58740974439247,2025-05-14 09:00:00,105,9.03,38.33
82,-11.395192035687513,21.58740974439247,2025-05-14 12:00:00,108,7.1,39.43
82,-11.395192035687513,21.58740974439247,2025-05-14 15:00:00,111,7.04,39.79
82,-11.395192035687513,21.58740974439247,2025-05-14 18:00:00,114,6.03,41.1
82,-11.395192035687513,21.58740974439247,2025-05-14 21:00:00,117,6.89,45.53
83,-11.291354759821678,21.199974219154353,2025-05-10 00:00:00,0,3.95,23.58
83,-11.291354759821678,21.199974219154353,2025-05-10 03:00:00,3,7.97,33.36
83,-11.291354759821678,21.199974219154353,2025-05-10 06:00:00,6,8.19,32.41
83,-11.291354759821678,21.199974219154353,2025-05-10 09:00:00,9,6.67,35.0
83,-11.291354759821678,21.199974219154353,2025-05-10 12:00:00,12,7.04,43.4
83,-11.291354759821678,21.199974219154353,2025-05-10 15:00:00,15,9.55,46.04
83,-11.291354759821678,21.199974219154353,2025-05-10 18:00:00,18,8.84,43.71
83,-11.291354759821678,21.199974219154353,2025-05-10 21:00:00,21,8.06,49.18
83,-11.291354759821678,21.199974219154353,2025-05-11 00:00:00,24,3.88,36.93
83,-11.291354759821678,21.199974219154353,2025-05-11 03:00:00,27,4.72,30.43
83,-11.291354759821678,21.199974219154353,2025-05-11 06:00:00,30,4.49,26.32
83,-11.291354759821678,21.199974219154353,2025-05-11 09:00:00,33,1.4,17.55
83,-11.291354759821678,21.199974219154353,2025-05-11 12:00:00,36,2.5,19.77
83,-11.291354759821678,21.199974219154353,2025-05-11 15:00:00,39,2.14,15.91
83,-11.291354759821678,21.199974219154353,2025-05-11 18:00:00,42,2.45,15.36
83,-11.291354759821678,21.199974219154353,2025-05-11 21:00:00,45,3.23,17.69
83,-11.291354759821678,21.199974219154353,2025-05-12 00:00:00,48,4.99,22.88
83,-11.291354759821678,21.199974219154353,2025-05-12 03:00:00,51,7.47,28.78
83,-11.291354759821678,21.199974219154353,2025-05-12 06:00:00,54,5.98,30.6
83,-11.291354759821678,21.199974219154353,2025-05-12 09:00:00,57,7.06,40.59
83,-11.291354759821678,21.199974219154353,2025-05-12 12:00:00,60,8.97,45.58
83,-11.291354759821678,21.199974219154353,2025-05-12 15:00:00,63,6.37,39.91
83,-11.291354759821678,21.199974219154353,2025-05-12 18:00:00,66,5.29,37.21
83,-11.291354759821678,21.199974219154353,2025-05-12 21:00:00,69,7.93,46.75
83,-11.291354759821678,21.199974219154353,2025-05-13 00:00:00,72,6.13,37.34
83,-11.291354759821678,21.199974219154353,2025-05-13 03:00:00,75,5.18,37.17
83,-11.291354759821678,21.199974219154353,2025-05-13 06:00:00,78,1.7,21.37
83,-11.291354759821678,21.199974219154353,2025-05-13 09:00:00,81,1.54,18.72
83,-11.291354759821678,21.199974219154353,2025-05-13 12:00:00,84,2.63,20.01
83,-11.291354759821678,21.199974219154353,2025-05-13 15:00:00,87,1.51,12.32
83,-11.291354759821678,21.199974219154353,2025-05-13 18:00:00,90,1.98,17.25
83,-11.291354759821678,21.199974219154353,2025-05-13 21:00:00,93,2.25,17.02
83,-11.291354759821678,21.199974219154353,2025-05-14 00:00:00,96,6.92,22.98
83,-11.291354759821678,21.199974219154353,2025-05-14 03:00:00,99,6.32,27.69
83,-11.291354759821678,21.199974219154353,2025-05-14 06:00:00,102,6.57,31.59
83,-11.291354759821678,21.199974219154353,2025-05-14 09:00:00,105,8.05,42.28
83,-11.291354759821678,21.199974219154353,2025-05-14 12:00:00,108,8.2,45.67
83,-11.291354759821678,21.199974219154353,2025-05-14 15:00:00,111,7.91,43.08
83,-11.291354759821678,21.199974219154353,2025-05-14 18:00:00,114,7.95,48.46
83,-11.291354759821678,21.199974219154353,2025-05-14 21:00:00,117,4.74,37.95
84,-11.377562773510265,21.638520132562288,2025-05-10 00:00:00,0,3.46,17.37
84,-11.377562773510265,21.638520132562288,2025-05-10 03:00:00,3,5.71,30.65
84,-11.377562773510265,21.638520132562288,2025-05-10 06:00:00,6,7.74,36.68
84,-11.377562773510265,21.638520132562288,2025-05-10 09:00:00,9,8.3,41.78
84,-11.377562773510265,21.638520132562288,2025-05-10 12:00:00,12,7.99,42.02
84,-11.377562773510265,21.638520132562288,2025-05-10 15:00:00,15,5.83,36.92
84,-11.377562773510265,21.638520132562288,2025-05-10 18:00:00,18,6.76,47.05
84,-11.377562773510265,21.638520132562288,2025-05-10 21:00:00,21,7.58,46.44
84,-11.377562773510265,21.638520132562288,2025-05-11 00:00:00,24,6.47,43.22
84,-11.377562773510265,21.638520132562288,2025-05-11 03:00:00,27,5.26,38.22
84,-11.377562773510265,21.638520132562288,2025-05-11 06:00:00,30,2.56,21.63
84,-11.377562773510265,21.638520132562288,2025-05-11 09:00:00,33,2.92,25.57
84,-11.377562773510265,21.638520132562288,2025-05-11 12:00:00,36,0.62,16.11
84,-11.377562773510265,21.638520132562288,2025-05-11 15:00:00,39,2.1,14.97
84,-11.377562773510265,21.638520132562288,2025-05-11 18:00:00,42,4.81,16.41
84,-11.377562773510265,21.638520132562288,2025-05-11 21:00:00,45,5.48,18.48
84,-11.377562773510265,21.638520132562288,2025-05-12 00:00:00,48,4.1,23.42
84,-11.377562773510265,21.638520132562288,2025-05-12 03:00:00,51,5.99,28.1
84,-11.377562773510265,21.638520132562288,2025-05-12 06:00:00,54,9.02,35.34
84,-11.377562773510265,21.638520132562288,2025-05-12 09:00:00,57,8.56,40.11
84,-11.377562773510265,21.638520132562288,2025-05-12 12:00:00,60,7.06,43.35
84,-11.377562773510265,21.638520132562288,2025-05-12 15:00:00,63,7.95,47.86
84,-11.377562773510265,21.638520132562288,2025-05-12 18:00:00,66,6.21,42.19
84,-11.377562773510265,21.638520132562288,2025-05-12 21:00:00,69,6.92,39.29
84,-11.377562773510265,21.638520132562288,2025-05-13 00:00:00,72,6.04,36.01
84,-11.377562773510265,21.638520132562288,2025-05-13 03:00:00,75,2.27,26.0
84,-11.377562773510265,21.638520132562288,2025-05-13 06:00:00,78,4.27,31.53
84,-11.377562773510265,21.638520132562288,2025-05-13 09:00:00,81,2.73,23.53
84,-11.377562773510265,21.638520132562288,2025-05-13 12:00:00,84,1.4,14.4
84,-11.377562773510265,21.638520132562288,2025-05-13 15:00:00,87,0.97,15.0
84,-11.377562773510265,21.638520132562288,2025-05-13 18:00:00,90,2.0,11.98
84,-11.377562773510265,21.638520132562288,2025-05-13 21:00:00,93,3.67,21.55
84,-11.377562773510265,21.638520132562288,2025-05-14 00:00:00,96,3.02,20.67
84,-11.377562773510265,21.638520132562288,2025-05-14 03:00:00,99,5.62,26.64
84,-11.377562773510265,21.638520132562288,2025-05-14 06:00:00,102,5.2,26.62
84,-11.377562773510265,21.638520132562288,2025-05-14 09:00:00,105,8.48,42.1
84,-11.377562773510265,21.638520132562288,2025-05-14 12:00:00,108,6.91,42.95
84,-11.377562773510265,21.638520132562288,2025-05-14 15:00:00,111,8.27,47.91
84,-11.377562773510265,21.638520132562288,2025-05-14 18:00:00,114,5.55,40.22
84,-11.377562773510265,21.638520132562288,2025-05-14 21:00:00,117,4.83,35.2
85,-11.955487251246712,21.545025788005134,2025-05-10 00:00:00,0,4.43,23.81
85,-11.955487251246712,21.545025788005134,2025-05-10 03:00:00,3,6.77,32.0
85,-11.955487251246712,21.545025788005134,2025-05-10 06:00:00,6,6.13,35.22
85,-11.955487251246712,21.545025788005134,2025-05-10 09:00:00,9,7.18,36.89
85,-11.955487251246712,21.545025788005134,2025-05-10 12:00:00,12,7.73,40.67
85,-11.955487251246712,21.545025788005134,2025-05-10 15:00:00,15,6.44,41.37
85,-11.955487251246712,21.545025788005134,2025-05-10 18:00:00,18,5.75,43.36
85,-11.955487251246712,21.545025788005134,2025-05-10 21:00:00,21,6.68,43.91
85,-11.955487251246712,21.545025788005134,2025-05-11 00:00:00,24,5.39,41.39
85,-11.955487251246712,21.545025788005134,2025-05-11 03:00:00,27,3.4,32.91
85,-11.955487251246712,21.545025788005134,2025-05-11 06:00:00,30,2.37,21.83
85,-11.955487251246712,21.545025788005134,2025-05-11 09:00:00,33,0.37,13.17
85,-11.955487251246712,21.545025788005134,2025-05-11 12:00:00,36,0.33,15.12
85,-11.955487251246712,21.545025788005134,2025-05-11 15:00:00,39,3.79,19.14
85,-11.955487251246712,21.545025788005134,2025-05-11 18:00:00,42,3.58,19.3
85,-11.955487251246712,21.545025788005134,2025-05-11 21:00:00,45,3.88,16.01
85,-11.955487251246712,21.545025788005134,2025-05-12 00:00:00,48,4.01,18.11
85,-11.955487251246712,21.545025788005134,2025-05-12 03:00:00,51,4.68,22.79
85,-11.955487251246712,21.545025788005134,2025-05-12 06:00:00,54,8.4,36.39
85,-11.955487251246712,21.545025788005134,2025-05-12 09:00:00,57,6.29,39.83
85,-11.955487251246712,21.545025788005134,2025-05-12 12:00:00,60,8.97,45.06
85,-11.955487251246712,21.545025788005134,2025-05-12 15:00:00,63,6.01,39.36
85,-11.955487251246712,21.545025788005134,2025-05-12 18:00:00,66,5.95,44.12
85,-11.955487251246712,21.545025788005134,2025-05-12 21:00:00,69,6.32,39.05
85,-11.955487251246712,21.545025788005134,2025-05-13 00:00:00,72,5.83,34.84
85,-11.955487251246712,21.545025788005134,2025-05-13 03:00:00,75,1.91,31.08
85,-11.955487251246712,21.545025788005134,2025-05-13 06:00:00,78,0.98,18.91
85,-11.955487251246712,21.545025788005134,2025-05-13 09:00:00,81,2.94,22.29
85,-11.955487251246712,21.545025788005134,2025-05-13 12:00:00,84,1.95,18.84
85,-11.955487251246712,21.545025788005134,2025-05-13 15:00:00,87,2.9,13.21
85,-11.955487251246712,21.545025788005134,2025-05-13 18:00:00,90,3.81,17.43
85,-11.955487251246712,21.545025788005134,2025-05-13 21:00:00,93,2.69,17.15
85,-11.955487251246712,21.545025788005134,2025-05-14 00:00:00,96,6.11,26.81
85,-11.955487251246712,21.545025788005134,2025-05-14 03:00:00,99,5.99,30.1
85,-11.955487251246712,21.545025788005134,2025-05-14 06:00:00,102,9.12,37.66
85,-11.955487251246712,21.545025788005134,2025-05-14 09:00:00,105,6.55,37.01
85,-11.955487251246712,21.545025788005134,2025-05-14 12:00:00,108,8.67,44.97
85,-11.955487251246712,21.545025788005134,2025-05-14 15:00:00,111,6.41,40.27
85,-11.955487251246712,21.545025788005134,2025-05-14 18:00:00,114,8.1,49.89
85,-11.955487251246712,21.545025788005134,2025-05-14 21:00:00,117,7.31,43.98
86,-11.421875931172472,21.309158402804695,2025-05-10 00:00:00,0,5.72,22.37
86,-11.421875931172472,21.309158402804695,2025-05-10 03:00:00,3,6.58,31.07
86,-11.421875931172472,21.309158402804695,2025-05-10 06:00:00,6,8.18,33.3
86,-11.421875931172472,21.309158402804695,2025-05-10 09:00:00,9,7.67,38.58
86,-11.421875931172472,21.309158402804695,2025-05-10 12:00:00,12,6.15,40.44
86,-11.421875931172472,21.309158402804695,2025-05-10 15:00:00,15,6.02,43.71
86,-11.421875931172472,21.309158402804695,2025-05-10 18:00:00,18,6.52,39.77
86,-11.421875931172472,21.309158402804695,2025-05-10 21:00:00,21,4.63,36.3
86,-11.421875931172472,21.309158402804695,2025-05-11 00:00:00,24,6.27,42.7
86,-11.421875931172472,21.309158402804695,2025-05-11 03:00:00,27,4.04,34.61
86,-11.421875931172472,21.309158402804695,2025-05-11 06:00:00,30,3.05,25.85
86,-11.421875931172472,21.309158402804695,2025-05-11 09:00:00,33,0.51,15.93
86,-11.421875931172472,21.309158402804695,2025-05-11 12:00:00,36,0.61,12.04
86,-11.421875931172472,21.309158402804695,2025-05-11 15:00:00,39,0.56,11.61
86,-11.421875931172472,21.309158402804695,2025-05-11 18:00:00,42,2.16,18.17
86,-11.421875931172472,21.309158402804695,2025-05-11 21:00:00,45,2.43,18.36
86,-11.421875931172472,21.309158402804695,2025-05-12 00:00:00,48,5.33,22.73
86,-11.421875931172472,21.309158402804695,2025-05-12 03:00:00,51,7.83,32.32
86,-11.421875931172472,21.309158402804695,2025-05-12 06:00:00,54,7.74,33.75
86,-11.421875931172472,21.309158402804695,2025-05-12 09:00:00,57,9.15,38.62
86,-11.421875931172472,21.309158402804695,2025-05-12 12:00:00,60,8.69,41.58
86,-11.421875931172472,21.309158402804695,2025-05-12 15:00:00,63,6.12,44.84
86,-11.421875931172472,21.309158402804695,2025-05-12 18:00:00,66,7.33,46.88
86,-11.421875931172472,21.309158402804695,2025-05-12 21:00:00,69,7.16,43.62
86,-11.421875931172472,21.309158402804695,2025-05-13 00:00:00,72,4.51,35.77
86,-11.421875931172472,21.309158402804695,2025-05-13 03:00:00,75,2.22,25.14
86,-11.421875931172472,21.309158402804695,2025-05-13 06:00:00,78,2.99,27.82
86,-11.421875931172472,21.309158402804695,2025-05-13 09:00:00,81,3.43,23.21
86,-11.421875931172472,21.309158402804695,2025-05-13 12:00:00,84,1.1,13.82
86,-11.421875931172472,21.309158402804695,2025-05-13 15:00:00,87,2.24,18.69
86,-11.421875931172472,21.309158402804695,2025-05-13 18:00:00,90,2.68,18.27
86,-11.421875931172472,21.309158402804695,2025-05-13 21:00:00,93,5.45,21.17
86,-11.421875931172472,21.309158402804695,2025-05-14 00:00:00,96,6.0,27.42
86,-11.421875931172472,21.309158402804695,2025-05-14 03:00:00,99,6.05,24.31
86,-11.421875931172472,21.309158402804695,2025-05-14 06:00:00,102,7.56,36.96
86,-11.421875931172472,21.309158402804695,2025-05-14 09:00:00,105,7.11,40.59
86,-11.421875931172472,21.309158402804695,2025-05-14 12:00:00,108,6.54,36.59
86,-11.421875931172472,21.309158402804695,2025-05-14 15:00:00,111,7.55,41.08
86,-11.421875931172472,21.309158402804695,2025-05-14 18:00:00,114,5.34,44.25
86,-11.421875931172472,21.309158402804695,2025-05-14 21:00:00,117,7.23,42.65
87,-11.486168911239316,21.09796487905187,2025-05-10 00:00:00,0,6.5,29.19
87,-11.486168911239316,21.09796487905187,2025-05-10 03:00:00,3,7.62,31.01
87,-11.486168911239316,21.09796487905187,2025-05-10 06:00:00,6,6.73,30.73
87,-11.486168911239316,21.09796487905187,2025-05-10 09:00:00,9,5.91,31.92
87,-11.486168911239316,21.09796487905187,2025-05-10 12:00:00,12,6.82,42.79
87,-11.486168911239316,21.09796487905187,2025-05-10 15:00:00,15,7.09,42.79
87,-11.486168911239316,21.09796487905187,2025-05-10 18:00:00,18,8.5,50.57
87,-11.486168911239316,21.09796487905187,2025-05-10 21:00:00,21,6.81,45.79
87,-11.486168911239316,21.09796487905187,2025-05-11 00:00:00,24,3.73,32.11
87,-11.486168911239316,21.09796487905187,2025-05-11 03:00:00,27,2.86,30.48
87,-11.486168911239316,21.09796487905187,2025-05-11 06:00:00,30,3.46,24.42
87,-11.486168911239316,21.09796487905187,2025-05-11 09:00:00,33,1.67,20.24
87,-11.486168911239316,21.09796487905187,2025-05-11 12:00:00,36,2.96,19.59
87,-11.486168911239316,21.09796487905187,2025-05-11 15:00:00,39,3.07,14.51
87,-11.486168911239316,21.09796487905187,2025-05-11 18:00:00,42,3.12,18.8
87,-11.486168911239316,21.09796487905187,2025-05-11 21:00:00,45,4.02,16.74
87,-11.486168911239316,21.09796487905187,2025-05-12 00:00:00,48,5.79,21.8
87,-11.486168911239316,21.09796487905187,2025-05-12 03:00:00,51,5.01,26.02
87,-11.486168911239316,21.09796487905187,2025-05-12 06:00:00,54,7.2,31.71
87,-11.486168911239316,21.09796487905187,2025-05-12 09:00:00,57,8.81,42.69
87,-11.486168911239316,21.09796487905187,2025-05-12 12:00:00,60,7.65,41.18
87,-11.486168911239316,21.09796487905187,2025-05-12 15:00:00,63,7.74,46.78
87,-11.486168911239316,21.09796487905187,2025-05-12 18:00:00,66,5.94,44.42
87,-11.486168911239316,21.09796487905187,2025-05-12 21:00:00,69,8.04,43.85
87,-11.486168911239316,21.09796487905187,2025-05-13 00:00:00,72,3.07,30.65
87,-11.486168911239316,21.09796487905187,2025-05-13 03:00:00,75,5.19,31.67
87,-11.486168911239316,21.09796487905187,2025-05-13 06:00:00,78,4.83,30.12
87,-11.486168911239316,21.09796487905187,2025-05-13 09:00:00,81,3.22,18.95
87,-11.486168911239316,21.09796487905187,2025-05-13 12:00:00,84,2.89,16.96
87,-11.486168911239316,21.09796487905187,2025-05-13 15:00:00,87,2.34,13.57
87,-11.486168911239316,21.09796487905187,2025-05-13 18:00:00,90,4.46,15.35
87,-11.486168911239316,21.09796487905187,2025-05-13 21:00:00,93,4.39,18.35
87,-11.486168911239316,21.09796487905187,2025-05-14 00:00:00,96,6.81,24.52
87,-11.486168911239316,21.09796487905187,2025-05-14 03:00:00,99,5.82,26.36
87,-11.486168911239316,21.09796487905187,2025-05-14 06:00:00,102,5.67,28.89
87,-11.486168911239316,21.09796487905187,2025-05-14 09:00:00,105,6.25,33.5
87,-11.486168911239316,21.09796487905187,2025-05-14 12:00:00,108,8.72,47.07
87,-11.486168911239316,21.09796487905187,2025-05-14 15:00:00,111,6.53,42.27
87,-11.486168911239316,21.09796487905187,2025-05-14 18:00:00,114,5.7,42.64
87,-11.486168911239316,21.09796487905187,2025-05-14 21:00:00,117,6.56,43.1
88,-11.831477558872875,21.186871062266963,2025-05-10 00:00:00,0,5.61,27.61
88,-11.831477558872875,21.186871062266963,2025-05-10 03:00:00,3,7.14,30.71
88,-11.831477558872875,21.186871062266963,2025-05-10 06:00:00,6,5.63,29.1
88,-11.831477558872875,21.186871062266963,2025-05-10 09:00:00,9,6.74,37.65
88,-11.831477558872875,21.186871062266963,2025-05-10 12:00:00,12,6.11,39.08
88,-11.831477558872875,21.186871062266963,2025-05-10 15:00:00,15,9.56,51.63
88,-11.831477558872875,21.186871062266963,2025-05-10 18:00:00,18,9.1,50.08
88,-11.831477558872875,21.186871062266963,2025-05-10 21:00:00,21,6.83,45.8
88,-11.831477558872875,21.186871062266963,2025-05-11 00:00:00,24,4.55,36.37
88,-11.831477558872875,21.186871062266963,2025-05-11 03:00:00,27,3.87,29.02
88,-11.831477558872875,21.186871062266963,2025-05-11 06:00:00,30,1.86,26.61
88,-11.831477558872875,21.186871062266963,2025-05-11 09:00:00,33,3.62,23.33
88,-11.831477558872875,21.186871062266963,2025-05-11 12:00:00,36,1.71,15.87
88,-11.831477558872875,21.186871062266963,2025-05-11 15:00:00,39,3.02,15.92
88,-11.831477558872875,21.186871062266963,2025-05-11 18:00:00,42,1.56,10.88
88,-11.831477558872875,21.186871062266963,2025-05-11 21:00:00,45,2.72,18.87
88,-11.831477558872875,21.186871062266963,2025-05-12 00:00:00,48,4.86,19.18
88,-11.831477558872875,21.186871062266963,2025-05-12 03:00:00,51,7.77,33.07
88,-11.831477558872875,21.186871062266963,2025-05-12 06:00:00,54,8.91,37.14
88,-11.831477558872875,21.186871062266963,2025-05-12 09:00:00,57,6.99,41.49
88,-11.831477558872875,21.186871062266963,2025-05-12 12:00:00,60,6.87,39.54
88,-11.831477558872875,21.186871062266963,2025-05-12 15:00:00,63,6.8,39.65
88,-11.831477558872875,21.186871062266963,2025-05-12 18:00:00,66,7.97,45.23
88,-11.831477558872875,21.186871062266963,2025-05-12 21:00:00,69,7.56,47.92
88,-11.831477558872875,21.186871062266963,2025-05-13 00:00:00,72,5.21,40.19
88,-11.831477558872875,21.186871062266963,2025-05-13 03:00:00,75,2.09,25.75
88,-11.831477558872875,21.186871062266963,2025-05-13 06:00:00,78,4.64,30.98
88,-11.831477558872875,21.186871062266963,2025-05-13 09:00:00,81,3.53,25.75
88,-11.831477558872875,21.186871062266963,2025-05-13 12:00:00,84,3.88,19.99
88,-11.831477558872875,21.186871062266963,2025-05-13 15:00:00,87,4.13,22.78
88,-11.831477558872875,21.186871062266963,2025-05-13 18:00:00,90,4.58,17.86
88,-11.831477558872875,21.186871062266963,2025-05-13 21:00:00,93,5.11,20.6
88,-11.831477558872875,21.186871062266963,2025-05-14 00:00:00,96,3.57,18.57
88,-11.831477558872875,21.186871062266963,2025-05-14 03:00:00,99,6.46,31.93
88,-11.831477558872875,21.186871062266963,2025-05-14 06:00:00,102,7.44,32.9
88,-11.831477558872875,21.186871062266963,2025-05-14 09:00:00,105,9.09,41.66
88,-11.831477558872875,21.186871062266963,2025-05-14 12:00:00,108,8.89,48.78
88,-11.831477558872875,21.186871062266963,2025-05-14 15:00:00,111,6.11,40.45
88,-11.831477558872875,21.186871062266963,2025-05-14 18:00:00,114,8.65,44.37
88,-11.831477558872875,21.186871062266963,2025-05-14 21:00:00,117,6.08,43.28
89,-11.804385841946413,21.579118978010804,2025-05-10 00:00:00,0,3.2,21.98
89,-11.804385841946413,21.579118978010804,2025-05-10 03:00:00,3,5.45,26.77
89,-11.804385841946413,21.579118978010804,2025-05-10 06:00:00,6,5.16,28.34
89,-11.804385841946413,21.579118978010804,2025-05-10 09:00:00,9,6.57,35.94
89,-11.804385841946413,21.579118978010804,2025-05-10 12:00:00,12,7.62,40.9
89,-11.804385841946413,21.579118978010804,2025-05-10 15:00:00,15,8.01,45.09
89,-11.804385841946413,21.579118978010804,2025-05-10 18:00:00,18,8.35,49.02
89,-11.804385841946413,21.579118978010804,2025-05-10 21:00:00,21,6.63,44.55
89,-11.804385841946413,21.579118978010804,2025-05-11 00:00:00,24,6.88,37.68
89,-11.804385841946413,21.579118978010804,2025-05-11 03:00:00,27,4.5,30.93
89,-11.804385841946413,21.579118978010804,2025-05-11 06:00:00,30,4.22,27.84
89,-11.804385841946413,21.579118978010804,2025-05-11 09:00:00,33,2.56,23.97
89,-11.804385841946413,21.579118978010804,2025-05-11 12:00:00,36,3.77,17.56
89,-11.804385841946413,21.579118978010804,2025-05-11 15:00:00,39,2.61,18.52
89,-11.804385841946413,21.579118978010804,2025-05-11 18:00:00,42,3.85,16.91
89,-11.804385841946413,21.579118978010804,2025-05-11 21:00:00,45,1.95,15.78
89,-11.804385841946413,21.579118978010804,2025-05-12 00:00:00,48,5.85,26.89
89,-11.804385841946413,21.579118978010804,2025-05-12 03:00:00,51,5.36,29.84
89,-11.804385841946413,21.579118978010804,2025-05-12 06:00:00,54,5.55,32.06
89,-11.804385841946413,21.579118978010804,2025-05-12 09:00:00,57,6.1,39.14
89,-11.804385841946413,21.579118978010804,2025-05-12 12:00:00,60,8.6,42.98
89,-11.804385841946413,21.579118978010804,2025-05-12 15:00:00,63,9.37,47.78
89,-11.804385841946413,21.579118978010804,2025-05-12 18:00:00,66,6.3,44.34
89,-11.804385841946413,21.579118978010804,2025-05-12 21:00:00,69,6.76,40.28
89,-11.804385841946413,21.579118978010804,2025-05-13 00:00:00,72,5.57,34.6
89,-11.804385841946413,21.579118978010804,2025-05-13 03:00:00,75,4.87,33.68
89,-11.804385841946413,21.579118978010804,2025-05-13 06:00:00,78,4.83,28.18
89,-11.804385841946413,21.579118978010804,2025-05-13 09:00:00,81,0.52,18.06
89,-11.804385841946413,21.579118978010804,2025-05-13 12:00:00,84,2.93,15.21
89,-11.804385841946413,21.579118978010804,2025-05-13 15:00:00,87,3.04,14.99
89,-11.804385841946413,21.579118978010804,2025-05-13 18:00:00,90,3.1,13.33
89,-11.804385841946413,21.579118978010804,2025-05-13 21:00:00,93,5.0,21.39
89,-11.804385841946413,21.579118978010804,2025-05-14 00:00:00,96,6.81,25.48
89,-11.804385841946413,21.579118978010804,2025-05-14 03:00:00,99,7.4,30.15
89,-11.804385841946413,21.579118978010804,2025-05-14 06:00:00,102,8.64,37.91
89,-11.804385841946413,21.579118978010804,2025-05-14 09:00:00,105,6.12,33.02
89,-11.804385841946413,21.579118978010804,2025-05-14 12:00:00,108,9.77,43.71
89,-11.804385841946413,21.579118978010804,2025-05-14 15:00:00,111,8.42,43.43
89,-11.804385841946413,21.579118978010804,2025-05-14 18:00:00,114,5.24,36.51
89,-11.804385841946413,21.579118978010804,2025-05-14 21:00:00,117,7.66,46.54
90,-11.88792626980848,21.72595089008677,2025-05-10 00:00:00,0,5.16,23.54
90,-11.88792626980848,21.72595089008677,2025-05-10 03:00:00,3,7.03,28.52
90,-11.88792626980848,21.72595089008677,2025-05-10 06:00:00,6,7.4,31.8
90,-11.88792626980848,21.72595089008677,2025-05-10 09:00:00,9,7.24,35.64
90,-11.88792626980848,21.72595089008677,2025-05-10 12:00:00,12,6.5,41.38
90,-11.88792626980848,21.72595089008677,2025-05-10 15:00:00,15,6.78,44.69
90,-11.88792626980848,21.72595089008677,2025-05-10 18:00:00,18,7.53,47.06
90,-11.88792626980848,21.72595089008677,2025-05-10 21:00:00,21,6.96,43.68
90,-11.88792626980848,21.72595089008677,2025-05-11 00:00:00,24,3.85,37.3
90,-11.88792626980848,21.72595089008677,2025-05-11 03:00:00,27,3.71,35.11
90,-11.88792626980848,21.72595089008677,2025-05-11 06:00:00,30,2.63,28.18
90,-11.88792626980848,21.72595089008677,2025-05-11 09:00:00,33,1.41,21.45
90,-11.88792626980848,21.72595089008677,2025-05-11 12:00:00,36,2.02,17.66
90,-11.88792626980848,21.72595089008677,2025-05-11 15:00:00,39,4.01,18.06
90,-11.88792626980848,21.72595089008677,2025-05-11 18:00:00,42,3.88,14.97
90,-11.88792626980848,21.72595089008677,2025-05-11 21:00:00,45,3.59,18.82
90,-11.88792626980848,21.72595089008677,2025-05-12 00:00:00,48,3.33,19.08
90,-11.88792626980848,21.72595089008677,2025-05-12 03:00:00,51,5.71,23.8
90,-11.88792626980848,21.72595089008677,2025-05-12 06:00:00,54,7.19,35.45
90,-11.88792626980848,21.72595089008677,2025-05-12 09:00:00,57,6.03,34.57
90,-11.88792626980848,21.72595089008677,2025-05-12 12:00:00,60,9.33,49.56
90,-11.88792626980848,21.72595089008677,2025-05-12 15:00:00,63,7.98,47.7
90,-11.88792626980848,21.72595089008677,2025-05-12 18:00:00,66,7.59,47.12
90,-11.88792626980848,21.72595089008677,2025-05-12 21:00:00,69,4.64,38.88
90,-11.88792626980848,21.72595089008677,2025-05-13 00:00:00,72,4.85,33.91
90,-11.88792626980848,21.72595089008677,2025-05-13 03:00:00,75,4.25,30.41
90,-11.88792626980848,21.72595089008677,2025-05-13 06:00:00,78,2.86,25.41
90,-11.88792626980848,21.72595089008677,2025-05-13 09:00:00,81,2.12,23.42
90,-11.88792626980848,21.72595089008677,2025-05-13 12:00:00,84,2.83,15.26
90,-11.88792626980848,21.72595089008677,2025-05-13 15:00:00,87,1.76,17.97
90,-11.88792626980848,21.72595089008677,2025-05-13 18:00:00,90,2.23,18.32
90,-11.88792626980848,21.72595089008677,2025-05-13 21:00:00,93,4.52,19.63
90,-11.88792626980848,21.72595089008677,2025-05-14 00:00:00,96,3.51,19.68
90,-11.88792626980848,21.72595089008677,2025-05-14 03:00:00,99,4.96,22.97
90,-11.88792626980848,21.72595089008677,2025-05-14 06:00:00,102,6.11,36.04
90,-11.88792626980848,21.72595089008677,2025-05-14 09:00:00,105,9.14,43.77
90,-11.88792626980848,21.72595089008677,2025-05-14 12:00:00,108,8.68,43.33
90,-11.88792626980848,21.72595089008677,2025-05-14 15:00:00,111,7.76,45.01
90,-11.88792626980848,21.72595089008677,2025-05-14 18:00:00,114,6.5,44.36
90,-11.88792626980848,21.72595089008677,2025-05-14 21:00:00,117,4.76,38.09
91,-11.74700725975401,21.293245321954117,2025-05-10 00:00:00,0,3.61,16.23
91,-11.74700725975401,21.293245321954117,2025-05-10 03:00:00,3,7.37,30.8
91,-11.74700725975401,21.293245321954117,2025-05-10 06:00:00,6,8.41,36.16
91,-11.74700725975401,21.293245321954117,2025-05-10 09:00:00,9,6.88,41.13
91,-11.74700725975401,21.293245321954117,2025-05-10 12:00:00,12,8.08,46.16
91,-11.74700725975401,21.293245321954117,2025-05-10 15:00:00,15,6.73,39.4
91,-11.74700725975401,21.293245321954117,2025-05-10 18:00:00,18,8.91,51.51
91,-11.74700725975401,21.293245321954117,2025-05-10 21:00:00,21,5.48,42.88
91,-11.74700725975401,21.293245321954117,2025-05-11 00:00:00,24,6.28,36.66
91,-11.74700725975401,21.293245321954117,2025-05-11 03:00:00,27,3.2,27.91
91,-11.74700725975401,21.293245321954117,2025-05-11 06:00:00,30,1.96,20.48
91,-11.74700725975401,21.293245321954117,2025-05-11 09:00:00,33,2.97,20.67
91,-11.74700725975401,21.293245321954117,2025-05-11 12:00:00,36,2.13,17.99
91,-11.74700725975401,21.293245321954117,2025-05-11 15:00:00,39,2.15,18.88
91,-11.74700725975401,21.293245321954117,2025-05-11 18:00:00,42,1.61,10.88
91,-11.74700725975401,21.293245321954117,2025-05-11 21:00:00,45,5.38,20.29
91,-11.74700725975401,21.293245321954117,2025-05-12 00:00:00,48,4.19,20.56
91,-11.74700725975401,21.293245321954117,2025-05-12 03:00:00,51,6.85,33.58
91,-11.74700725975401,21.293245321954117,2025-05-12 06:00:00,54,6.67,36.14
91,-11.74700725975401,21.293245321954117,2025-05-12 09:00:00,57,6.35,33.46
91,-11.74700725975401,21.293245321954117,2025-05-12 12:00:00,60,8.28,39.85
91,-11.74700725975401,21.293245321954117,2025-05-12 15:00:00,63,8.66,44.61
91,-11.74700725975401,21.293245321954117,2025-05-12 18:00:00,66,7.9,46.86
91,-11.74700725975401,21.293245321954117,2025-05-12 21:00:00,69,7.43,43.06
91,-11.74700725975401,21.293245321954117,2025-05-13 00:00:00,72,3.98,35.74
91,-11.74700725975401,21.293245321954117,2025-05-13 03:00:00,75,3.6,28.29
91,-11.74700725975401,21.293245321954117,2025-05-13 06:00:00,78,3.96,29.09
91,-11.74700725975401,21.293245321954117,2025-05-13 09:00:00,81,2.95,25.69
91,-11.74700725975401,21.293245321954117,2025-05-13 12:00:00,84,1.96,20.54
91,-11.74700725975401,21.293245321954117,2025-05-13 15:00:00,87,2.9,13.05
91,-11.74700725975401,21.293245321954117,2025-05-13 18:00:00,90,1.41,10.49
91,-11.74700725975401,21.293245321954117,2025-05-13 21:00:00,93,5.47,18.14
91,-11.74700725975401,21.293245321954117,2025-05-14 00:00:00,96,3.89,21.34
91,-11.74700725975401,21.293245321954117,2025-05-14 03:00:00,99,5.58,28.77
91,-11.74700725975401,21.293245321954117,2025-05-14 06:00:00,102,7.48,32.24
91,-11.74700725975401,21.293245321954117,2025-05-14 09:00:00,105,7.55,42.39
91,-11.74700725975401,21.293245321954117,2025-05-14 12:00:00,108,9.25,43.85
91,-11.74700725975401,21.293245321954117,2025-05-14 15:00:00,111,7.99,46.02
91,-11.74700725975401,21.293245321954117,2025-05-14 18:00:00,114,6.95,47.07
91,-11.74700725975401,21.293245321954117,2025-05-14 21:00:00,117,7.41,47.96
92,-11.701283865610392,21.7042938510026,2025-05-10 00:00:00,0,4.88,21.1
92,-11.701283865610392,21.7042938510026,2025-05-10 03:00:00,3,5.86,26.18
92,-11.701283865610392,21.7042938510026,2025-05-10 06:00:00,6,8.38,38.76
92,-11.701283865610392,21.7042938510026,2025-05-10 09:00:00,9,6.89,35.33
92,-11.701283865610392,21.7042938510026,2025-05-10 12:00:00,12,6.34,37.46
92,-11.701283865610392,21.7042938510026,2025-05-10 15:00:00,15,6.07,40.61
92,-11.701283865610392,21.7042938510026,2025-05-10 18:00:00,18,8.38,43.75
92,-11.701283865610392,21.7042938510026,2025-05-10 21:00:00,21,6.81,44.7
92,-11.701283865610392,21.7042938510026,2025-05-11 00:00:00,24,4.67,39.51
92,-11.701283865610392,21.7042938510026,2025-05-11 03:00:00,27,1.92,29.86
92,-11.701283865610392,21.7042938510026,2025-05-11 06:00:00,30,3.43,29.59
92,-11.701283865610392,21.7042938510026,2025-05-11 09:00:00,33,1.7,20.07
92,-11.701283865610392,21.7042938510026,2025-05-11 12:00:00,36,3.23,20.24
92,-11.701283865610392,21.7042938510026,2025-05-11 15:00:00,39,3.35,15.98
92,-11.701283865610392,21.7042938510026,2025-05-11 18:00:00,42,1.38,16.61
92,-11.701283865610392,21.7042938510026,2025-05-11 21:00:00,45,4.34,23.38
92,-11.701283865610392,21.7042938510026,2025-05-12 00:00:00,48,5.16,26.05
92,-11.701283865610392,21.7042938510026,2025-05-12 03:00:00,51,7.41,33.45
92,-11.701283865610392,21.7042938510026,2025-05-12 06:00:00,54,8.0,38.87
92,-11.701283865610392,21.7042938510026,2025-05-12 09:00:00,57,6.05,35.34
92,-11.701283865610392,21.7042938510026,2025-05-12 12:00:00,60,8.13,41.49
92,-11.701283865610392,21.7042938510026,2025-05-12 15:00:00,63,7.81,44.38
92,-11.701283865610392,21.7042938510026,2025-05-12 18:00:00,66,8.85,49.56
92,-11.701283865610392,21.7042938510026,2025-05-12 21:00:00,69,6.79,41.13
92,-11.701283865610392,21.7042938510026,2025-05-13 00:00:00,72,6.87,39.38
92,-11.701283865610392,21.7042938510026,2025-05-13 03:00:00,75,1.85,31.39
92,-11.701283865610392,21.7042938510026,2025-05-13 06:00:00,78,4.2,30.8
92,-11.701283865610392,21.7042938510026,2025-05-13 09:00:00,81,1.38,21.74
92,-11.701283865610392,21.7042938510026,2025-05-13 12:00:00,84,1.34,13.56
92,-11.701283865610392,21.7042938510026,2025-05-13 15:00:00,87,3.92,16.33
92,-11.701283865610392,21.7042938510026,2025-05-13 18:00:00,90,4.02,16.64
92,-11.701283865610392,21.7042938510026,2025-05-13 21:00:00,93,2.78,17.11
92,-11.701283865610392,21.7042938510026,2025-05-14 00:00:00,96,5.37,22.65
92,-11.701283865610392,21.7042938510026,2025-05-14 03:00:00,99,6.14,28.21
92,-11.701283865610392,21.7042938510026,2025-05-14 06:00:00,102,6.29,32.52
92,-11.701283865610392,21.7042938510026,2025-05-14 09:00:00,105,5.91,36.14
92,-11.701283865610392,21.7042938510026,2025-05-14 12:00:00,108,8.74,43.27
92,-11.701283865610392,21.7042938510026,2025-05-14 15:00:00,111,6.29,45.48
92,-11.701283865610392,21.7042938510026,2025-05-14 18:00:00,114,7.29,44.71
92,-11.701283865610392,21.7042938510026,2025-05-14 21:00:00,117,4.21,39.11
93,-11.649853907774443,21.37860720164251,2025-05-10 00:00:00,0,3.95,24.55
93,-11.649853907774443,21.37860720164251,2025-05-10 03:00:00,3,4.37,28.08
93,-11.649853907774443,21.37860720164251,2025-05-10 06:00:00,6,6.31,36.36
93,-11.649853907774443,21.37860720164251,2025-05-10 09:00:00,9,6.76,40.19
93,-11.649853907774443,21.37860720164251,2025-05-10 12:00:00,12,10.0,43.33
93,-11.649853907774443,21.37860720164251,2025-05-10 15:00:00,15,7.62,44.55
93,-11.649853907774443,21.37860720164251,2025-05-10 18:00:00,18,8.14,46.88
93,-11.649853907774443,21.37860720164251,2025-05-10 21:00:00,21,5.32,39.48
93,-11.649853907774443,21.37860720164251,2025-05-11 00:00:00,24,4.96,34.47
93,-11.649853907774443,21.37860720164251,2025-05-11 03:00:00,27,5.71,38.07
93,-11.649853907774443,21.37860720164251,2025-05-11 06:00:00,30,3.84,29.45
93,-11.649853907774443,21.37860720164251,2025-05-11 09:00:00,33,1.82,20.27
93,-11.649853907774443,21.37860720164251,2025-05-11 12:00:00,36,2.88,18.69
93,-11.649853907774443,21.37860720164251,2025-05-11 15:00:00,39,3.5,14.64
93,-11.649853907774443,21.37860720164251,2025-05-11 18:00:00,42,4.42,20.9
93,-11.649853907774443,21.37860720164251,2025-05-11 21:00:00,45,5.44,19.88
93,-11.649853907774443,21.37860720164251,2025-05-12 00:00:00,48,5.77,24.66
93,-11.649853907774443,21.37860720164251,2025-05-12 03:00:00,51,7.87,34.29
93,-11.649853907774443,21.37860720164251,2025-05-12 06:00:00,54,6.73,33.26
93,-11.649853907774443,21.37860720164251,2025-05-12 09:00:00,57,8.55,43.95
93,-11.649853907774443,21.37860720164251,2025-05-12 12:00:00,60,6.05,36.97
93,-11.649853907774443,21.37860720164251,2025-05-12 15:00:00,63,7.54,45.25
93,-11.649853907774443,21.37860720164251,2025-05-12 18:00:00,66,8.57,50.2
93,-11.649853907774443,21.37860720164251,2025-05-12 21:00:00,69,5.55,40.76
93,-11.649853907774443,21.37860720164251,2025-05-13 00:00:00,72,6.0,37.93
93,-11.649853907774443,21.37860720164251,2025-05-13 03:00:00,75,2.72,29.51
93,-11.649853907774443,21.37860720164251,2025-05-13 06:00:00,78,1.72,20.83
93,-11.649853907774443,21.37860720164251,2025-05-13 09:00:00,81,0.89,15.54
93,-11.649853907774443,21.37860720164251,2025-05-13 12:00:00,84,0.41,16.23
93,-11.649853907774443,21.37860720164251,2025-05-13 15:00:00,87,2.49,17.7
93,-11.649853907774443,21.37860720164251,2025-05-13 18:00:00,90,2.07,13.14
93,-11.649853907774443,21.37860720164251,2025-05-13 21:00:00,93,2.55,19.62
93,-11.649853907774443,21.37860720164251,2025-05-14 00:00:00,96,5.43,25.4
93,-11.649853907774443,21.37860720164251,2025-05-14 03:00:00,99,7.74,34.11
93,-11.649853907774443,21.37860720164251,2025-05-14 06:00:00,102,8.21,39.3
93,-11.649853907774443,21.37860720164251,2025-05-14 09:00:00,105,5.78,37.37
93,-11.649853907774443,21.37860720164251,2025-05-14 12:00:00,108,9.46,45.78
93,-11.649853907774443,21.37860720164251,2025-05-14 15:00:00,111,6.83,44.2
93,-11.649853907774443,21.37860720164251,2025-05-14 18:00:00,114,7.96,48.16
93,-11.649853907774443,21.37860720164251,2025-05-14 21:00:00,117,4.95,38.69
94,-11.719199263010887,21.69889827350414,2025-05-10 00:00:00,0,4.62,26.08
94,-11.719199263010887,21.69889827350414,2025-05-10 03:00:00,3,6.24,32.27
94,-11.719199263010887,21.69889827350414,2025-05-10 06:00:00,6,9.08,41.79
94,-11.719199263010887,21.69889827350414,2025-05-10 09:00:00,9,6.78,35.35
94,-11.719199263010887,21.69889827350414,2025-05-10 12:00:00,12,9.56,48.77
94,-11.719199263010887,21.69889827350414,2025-05-10 15:00:00,15,7.15,46.83
94,-11.719199263010887,21.69889827350414,2025-05-10 18:00:00,18,8.63,44.8
94,-11.719199263010887,21.69889827350414,2025-05-10 21:00:00,21,6.53,44.57
94,-11.719199263010887,21.69889827350414,2025-05-11 00:00:00,24,5.32,39.68
94,-11.719199263010887,21.69889827350414,2025-05-11 03:00:00,27,3.74,34.61
94,-11.719199263010887,21.69889827350414,2025-05-11 06:00:00,30,4.41,27.72
94,-11.719199263010887,21.69889827350414,2025-05-11 09:00:00,33,4.06,26.14
94,-11.719199263010887,21.69889827350414,2025-05-11 12:00:00,36,1.38,12.22
94,-11.719199263010887,21.69889827350414,2025-05-11 15:00:00,39,2.93,15.47
94,-11.719199263010887,21.69889827350414,2025-05-11 18:00:00,42,3.74,20.36
94,-11.719199263010887,21.69889827350414,2025-05-11 21:00:00,45,2.63,15.07
94,-11.719199263010887,21.69889827350414,2025-05-12 00:00:00,48,4.34,24.38
94,-11.719199263010887,21.69889827350414,2025-05-12 03:00:00,51,6.1,27.94
94,-11.719199263010887,21.69889827350414,2025-05-12 06:00:00,54,6.23,36.28
94,-11.719199263010887,21.69889827350414,2025-05-12 09:00:00,57,6.62,37.66
94,-11.719199263010887,21.69889827350414,2025-05-12 12:00:00,60,7.25,44.42
94,-11.719199263010887,21.69889827350414,2025-05-12 15:00:00,63,9.42,50.46
94,-11.719199263010887,21.69889827350414,2025-05-12 18:00:00,66,7.0,47.6
94,-11.719199263010887,21.69889827350414,2025-05-12 21:00:00,69,6.93,39.47
94,-11.719199263010887,21.69889827350414,2025-05-13 00:00:00,72,6.84,44.49
94,-11.719199263010887,21.69889827350414,2025-05-13 03:00:00,75,5.27,33.25
94,-11.719199263010887,21.69889827350414,2025-05-13 06:00:00,78,2.68,26.69
94,-11.719199263010887,21.69889827350414,2025-05-13 09:00:00,81,0.95,16.93
94,-11.719199263010887,21.69889827350414,2025-05-13 12:00:00,84,0.59,13.54
94,-11.719199263010887,21.69889827350414,2025-05-13 15:00:00,87,2.15,16.29
94,-11.719199263010887,21.69889827350414,2025-05-13 18:00:00,90,2.47,15.95
94,-11.719199263010887,21.69889827350414,2025-05-13 21:00:00,93,4.98,19.98
94,-11.719199263010887,21.69889827350414,2025-05-14 00:00:00,96,4.82,20.26
94,-11.719199263010887,21.69889827350414,2025-05-14 03:00:00,99,7.84,29.88
94,-11.719199263010887,21.69889827350414,2025-05-14 06:00:00,102,6.66,33.56
94,-11.719199263010887,21.69889827350414,2025-05-14 09:00:00,105,7.81,39.22
94,-11.719199263010887,21.69889827350414,2025-05-14 12:00:00,108,6.5,40.25
94,-11.719199263010887,21.69889827350414,2025-05-14 15:00:00,111,5.92,43.56
94,-11.719199263010887,21.69889827350414,2025-05-14 18:00:00,114,7.28,42.8
94,-11.719199263010887,21.69889827350414,2025-05-14 21:00:00,117,6.67,42.92
95,-11.725957464146026,21.237248337802278,2025-05-10 00:00:00,0,6.54,26.42
95,-11.725957464146026,21.237248337802278,2025-05-10 03:00:00,3,8.04,31.62
95,-11.725957464146026,21.237248337802278,2025-05-10 06:00:00,6,5.29,26.88
95,-11.725957464146026,21.237248337802278,2025-05-10 09:00:00,9,7.99,41.08
95,-11.725957464146026,21.237248337802278,2025-05-10 12:00:00,12,9.49,44.45
95,-11.725957464146026,21.237248337802278,2025-05-10 15:00:00,15,9.56,45.65
95,-11.725957464146026,21.237248337802278,2025-05-10 18:00:00,18,8.79,45.01
95,-11.725957464146026,21.237248337802278,2025-05-10 21:00:00,21,7.79,46.18
95,-11.725957464146026,21.237248337802278,2025-05-11 00:00:00,24,4.07,37.74
95,-11.725957464146026,21.237248337802278,2025-05-11 03:00:00,27,2.81,27.79
95,-11.725957464146026,21.237248337802278,2025-05-11 06:00:00,30,2.46,26.64
95,-11.725957464146026,21.237248337802278,2025-05-11 09:00:00,33,4.17,21.48
95,-11.725957464146026,21.237248337802278,2025-05-11 12:00:00,36,0.48,16.41
95,-11.725957464146026,21.237248337802278,2025-05-11 15:00:00,39,3.8,20.55
95,-11.725957464146026,21.237248337802278,2025-05-11 18:00:00,42,1.81,13.41
95,-11.725957464146026,21.237248337802278,2025-05-11 21:00:00,45,3.36,17.03
95,-11.725957464146026,21.237248337802278,2025-05-12 00:00:00,48,4.07,20.81
95,-11.725957464146026,21.237248337802278,2025-05-12 03:00:00,51,5.92,24.73
95,-11.725957464146026,21.237248337802278,2025-05-12 06:00:00,54,5.64,31.38
95,-11.725957464146026,21.237248337802278,2025-05-12 09:00:00,57,6.06,37.77
95,-11.725957464146026,21.237248337802278,2025-05-12 12:00:00,60,6.06,38.08
95,-11.725957464146026,21.237248337802278,2025-05-12 15:00:00,63,9.63,44.96
95,-11.725957464146026,21.237248337802278,2025-05-12 18:00:00,66,6.08,39.8
95,-11.725957464146026,21.237248337802278,2025-05-12 21:00:00,69,6.31,45.7
95,-11.725957464146026,21.237248337802278,2025-05-13 00:00:00,72,5.97,41.5
95,-11.725957464146026,21.237248337802278,2025-05-13 03:00:00,75,1.94,24.43
95,-11.725957464146026,21.237248337802278,2025-05-13 06:00:00,78,0.93,23.16
95,-11.725957464146026,21.237248337802278,2025-05-13 09:00:00,81,0.69,19.55
95,-11.725957464146026,21.237248337802278,2025-05-13 12:00:00,84,2.57,17.23
95,-11.725957464146026,21.237248337802278,2025-05-13 15:00:00,87,2.19,11.9
95,-11.725957464146026,21.237248337802278,2025-05-13 18:00:00,90,3.79,15.32
95,-11.725957464146026,21.237248337802278,2025-05-13 21:00:00,93,5.82,23.99
95,-11.725957464146026,21.237248337802278,2025-05-14 00:00:00,96,5.22,24.56
95,-11.725957464146026,21.237248337802278,2025-05-14 03:00:00,99,7.35,33.23
95,-11.725957464146026,21.237248337802278,2025-05-14 06:00:00,102,8.61,34.54
95,-11.725957464146026,21.237248337802278,2025-05-14 09:00:00,105,8.68,40.34
95,-11.725957464146026,21.237248337802278,2025-05-14 12:00:00,108,6.47,39.01
95,-11.725957464146026,21.237248337802278,2025-05-14 15:00:00,111,6.08,42.93
95,-11.725957464146026,21.237248337802278,2025-05-14 18:00:00,114,5.9,38.93
95,-11.725957464146026,21.237248337802278,2025-05-14 21:00:00,117,5.41,41.75
96,-11.942396799614274,21.06358474094569,2025-05-10 00:00:00,0,5.54,25.02
96,-11.942396799614274,21.06358474094569,2025-05-10 03:00:00,3,4.29,25.12
96,-11.942396799614274,21.06358474094569,2025-05-10 06:00:00,6,8.69,39.18
96,-11.942396799614274,21.06358474094569,2025-05-10 09:00:00,9,7.13,40.02
96,-11.942396799614274,21.06358474094569,2025-05-10 12:00:00,12,8.76,44.33
96,-11.942396799614274,21.06358474094569,2025-05-10 15:00:00,15,8.72,45.26
96,-11.942396799614274,21.06358474094569,2025-05-10 18:00:00,18,6.02,41.5
96,-11.942396799614274,21.06358474094569,2025-05-10 21:00:00,21,6.34,43.15
96,-11.942396799614274,21.06358474094569,2025-05-11 00:00:00,24,6.8,41.48
96,-11.942396799614274,21.06358474094569,2025-05-11 03:00:00,27,2.34,27.31
96,-11.942396799614274,21.06358474094569,2025-05-11 06:00:00,30,3.06,26.01
96,-11.942396799614274,21.06358474094569,2025-05-11 09:00:00,33,3.79,25.96
96,-11.942396799614274,21.06358474094569,2025-05-11 12:00:00,36,0.89,14.44
96,-11.942396799614274,21.06358474094569,2025-05-11 15:00:00,39,1.68,13.61
96,-11.942396799614274,21.06358474094569,2025-05-11 18:00:00,42,2.57,13.87
96,-11.942396799614274,21.06358474094569,2025-05-11 21:00:00,45,5.5,19.32
96,-11.942396799614274,21.06358474094569,2025-05-12 00:00:00,48,3.84,22.23
96,-11.942396799614274,21.06358474094569,2025-05-12 03:00:00,51,4.29,22.58
96,-11.942396799614274,21.06358474094569,2025-05-12 06:00:00,54,7.64,31.33
96,-11.942396799614274,21.06358474094569,2025-05-12 09:00:00,57,8.79,43.04
96,-11.942396799614274,21.06358474094569,2025-05-12 12:00:00,60,7.98,46.71
96,-11.942396799614274,21.06358474094569,2025-05-12 15:00:00,63,8.22,46.86
96,-11.942396799614274,21.06358474094569,2025-05-12 18:00:00,66,7.85,48.46
96,-11.942396799614274,21.06358474094569,2025-05-12 21:00:00,69,5.12,42.24
96,-11.942396799614274,21.06358474094569,2025-05-13 00:00:00,72,4.01,37.85
96,-11.942396799614274,21.06358474094569,2025-05-13 03:00:00,75,3.3,26.94
96,-11.942396799614274,21.06358474094569,2025-05-13 06:00:00,78,3.41,30.12
96,-11.942396799614274,21.06358474094569,2025-05-13 09:00:00,81,1.47,19.72
96,-11.942396799614274,21.06358474094569,2025-05-13 12:00:00,84,2.61,14.98
96,-11.942396799614274,21.06358474094569,2025-05-13 15:00:00,87,1.15,11.86
96,-11.942396799614274,21.06358474094569,2025-05-13 18:00:00,90,4.11,16.92
96,-11.942396799614274,21.06358474094569,2025-05-13 21:00:00,93,5.08,20.47
96,-11.942396799614274,21.06358474094569,2025-05-14 00:00:00,96,5.19,22.91
96,-11.942396799614274,21.06358474094569,2025-05-14 03:00:00,99,5.36,29.42
96,-11.942396799614274,21.06358474094569,2025-05-14 06:00:00,102,8.59,35.95
96,-11.942396799614274,21.06358474094569,2025-05-14 09:00:00,105,9.31,39.36
96,-11.942396799614274,21.06358474094569,2025-05-14 12:00:00,108,9.81,45.53
96,-11.942396799614274,21.06358474094569,2025-05-14 15:00:00,111,9.36,49.47
96,-11.942396799614274,21.06358474094569,2025-05-14 18:00:00,114,7.69,43.59
96,-11.942396799614274,21.06358474094569,2025-05-14 21:00:00,117,7.54,47.39
97,-11.896080492451519,21.009959305359686,2025-05-10 00:00:00,0,6.65,27.17
97,-11.896080492451519,21.009959305359686,2025-05-10 03:00:00,3,7.43,28.74
97,-11.896080492451519,21.009959305359686,2025-05-10 06:00:00,6,8.0,38.98
97,-11.896080492451519,21.009959305359686,2025-05-10 09:00:00,9,9.09,45.88
97,-11.896080492451519,21.009959305359686,2025-05-10 12:00:00,12,8.2,42.98
97,-11.896080492451519,21.009959305359686,2025-05-10 15:00:00,15,9.5,51.2
97,-11.896080492451519,21.009959305359686,2025-05-10 18:00:00,18,7.08,46.19
97,-11.896080492451519,21.009959305359686,2025-05-10 21:00:00,21,5.2,36.87
97,-11.896080492451519,21.009959305359686,2025-05-11 00:00:00,24,3.97,36.66
97,-11.896080492451519,21.009959305359686,2025-05-11 03:00:00,27,2.14,27.44
97,-11.896080492451519,21.009959305359686,2025-05-11 06:00:00,30,2.7,29.01
97,-11.896080492451519,21.009959305359686,2025-05-11 09:00:00,33,0.95,21.5
97,-11.896080492451519,21.009959305359686,2025-05-11 12:00:00,36,2.3,17.83
97,-11.896080492451519,21.009959305359686,2025-05-11 15:00:00,39,1.83,12.1
97,-11.896080492451519,21.009959305359686,2025-05-11 18:00:00,42,4.48,17.82
97,-11.896080492451519,21.009959305359686,2025-05-11 21:00:00,45,2.55,19.26
97,-11.896080492451519,21.009959305359686,2025-05-12 00:00:00,48,4.27,22.07
97,-11.896080492451519,21.009959305359686,2025-05-12 03:00:00,51,5.63,24.09
97,-11.896080492451519,21.009959305359686,2025-05-12 06:00:00,54,8.05,35.93
97,-11.896080492451519,21.009959305359686,2025-05-12 09:00:00,57,7.5,36.22
97,-11.896080492451519,21.009959305359686,2025-05-12 12:00:00,60,9.12,46.86
97,-11.896080492451519,21.009959305359686,2025-05-12 15:00:00,63,8.73,47.06
97,-11.896080492451519,21.009959305359686,2025-05-12 18:00:00,66,8.44,43.44
97,-11.896080492451519,21.009959305359686,2025-05-12 21:00:00,69,5.17,41.64
97,-11.896080492451519,21.009959305359686,2025-05-13 00:00:00,72,6.43,42.45
97,-11.896080492451519,21.009959305359686,2025-05-13 03:00:00,75,3.74,31.34
97,-11.896080492451519,21.009959305359686,2025-05-13 06:00:00,78,3.66,29.67
97,-11.896080492451519,21.009959305359686,2025-05-13 09:00:00,81,3.37,19.4
97,-11.896080492451519,21.009959305359686,2025-05-13 12:00:00,84,3.97,20.93
97,-11.896080492451519,21.009959305359686,2025-05-13 15:00:00,87,2.46,12.75
97,-11.896080492451519,21.009959305359686,2025-05-13 18:00:00,90,3.73,14.86
97,-11.896080492451519,21.009959305359686,2025-05-13 21:00:00,93,5.08,22.51
97,-11.896080492451519,21.009959305359686,2025-05-14 00:00:00,96,3.59,16.75
97,-11.896080492451519,21.009959305359686,2025-05-14 03:00:00,99,7.79,31.02
97,-11.896080492451519,21.009959305359686,2025-05-14 06:00:00,102,5.44,30.62
97,-11.896080492451519,21.009959305359686,2025-05-14 09:00:00,105,9.76,45.17
97,-11.896080492451519,21.009959305359686,2025-05-14 12:00:00,108,7.48,45.7
97,-11.896080492451519,21.009959305359686,2025-05-14 15:00:00,111,7.75,44.56
97,-11.896080492451519,21.009959305359686,2025-05-14 18:00:00,114,6.48,45.36
97,-11.896080492451519,21.009959305359686,2025-05-14 21:00:00,117,7.68,48.25
98,-11.599383744084657,21.683903701044773,2025-05-10 00:00:00,0,3.79,18.94
98,-11.599383744084657,21.683903701044773,2025-05-10 03:00:00,3,4.39,22.83
98,-11.599383744084657,21.683903701044773,2025-05-10 06:00:00,6,7.91,34.46
98,-11.599383744084657,21.683903701044773,2025-05-10 09:00:00,9,8.39,38.27
98,-11.599383744084657,21.683903701044773,2025-05-10 12:00:00,12,6.67,39.35
98,-11.599383744084657,21.683903701044773,2025-05-10 15:00:00,15,9.16,45.07
98,-11.599383744084657,21.683903701044773,2025-05-10 18:00:00,18,7.05,42.89
98,-11.599383744084657,21.683903701044773,2025-05-10 21:00:00,21,5.99,42.61
98,-11.599383744084657,21.683903701044773,2025-05-11 00:00:00,24,5.66,42.39
98,-11.599383744084657,21.683903701044773,2025-05-11 03:00:00,27,3.3,31.93
98,-11.599383744084657,21.683903701044773,2025-05-11 06:00:00,30,2.14,26.3
98,-11.599383744084657,21.683903701044773,2025-05-11 09:00:00,33,2.01,22.11
98,-11.599383744084657,21.683903701044773,2025-05-11 12:00:00,36,1.12,18.22
98,-11.599383744084657,21.683903701044773,2025-05-11 15:00:00,39,2.24,11.66
98,-11.599383744084657,21.683903701044773,2025-05-11 18:00:00,42,1.57,16.07
98,-11.599383744084657,21.683903701044773,2025-05-11 21:00:00,45,5.41,22.93
98,-11.599383744084657,21.683903701044773,2025-05-12 00:00:00,48,3.23,18.2
98,-11.599383744084657,21.683903701044773,2025-05-12 03:00:00,51,7.9,29.99
98,-11.599383744084657,21.683903701044773,2025-05-12 06:00:00,54,6.84,30.65
98,-11.599383744084657,21.683903701044773,2025-05-12 09:00:00,57,9.03,37.98
98,-11.599383744084657,21.683903701044773,2025-05-12 12:00:00,60,8.41,40.31
98,-11.599383744084657,21.683903701044773,2025-05-12 15:00:00,63,9.4,47.8
98,-11.599383744084657,21.683903701044773,2025-05-12 18:00:00,66,5.24,43.59
98,-11.599383744084657,21.683903701044773,2025-05-12 21:00:00,69,4.74,41.79
98,-11.599383744084657,21.683903701044773,2025-05-13 00:00:00,72,3.37,29.89
98,-11.599383744084657,21.683903701044773,2025-05-13 03:00:00,75,2.68,25.47
98,-11.599383744084657,21.683903701044773,2025-05-13 06:00:00,78,3.1,24.76
98,-11.599383744084657,21.683903701044773,2025-05-13 09:00:00,81,2.48,21.54
98,-11.599383744084657,21.683903701044773,2025-05-13 12:00:00,84,1.79,17.85
98,-11.599383744084657,21.683903701044773,2025-05-13 15:00:00,87,3.69,21.49
98,-11.599383744084657,21.683903701044773,2025-05-13 18:00:00,90,4.07,16.45
98,-11.599383744084657,21.683903701044773,2025-05-13 21:00:00,93,4.28,17.28
98,-11.599383744084657,21.683903701044773,2025-05-14 00:00:00,96,6.68,30.09
98,-11.599383744084657,21.683903701044773,2025-05-14 03:00:00,99,4.87,28.3
98,-11.599383744084657,21.683903701044773,2025-05-14 06:00:00,102,6.92,34.46
98,-11.599383744084657,21.683903701044773,2025-05-14 09:00:00,105,7.25,35.2
98,-11.599383744084657,21.683903701044773,2025-05-14 12:00:00,108,7.66,45.09
98,-11.599383744084657,21.683903701044773,2025-05-14 15:00:00,111,7.27,44.74
98,-11.599383744084657,21.683903701044773,2025-05-14 18:00:00,114,7.72,43.78
98,-11.599383744084657,21.683903701044773,2025-05-14 21:00:00,117,6.45,40.36
99,-11.38478995814746,21.000092692861454,2025-05-10 00:00:00,0,5.21,24.47
99,-11.38478995814746,21.000092692861454,2025-05-10 03:00:00,3,6.11,25.46
99,-11.38478995814746,21.000092692861454,2025-05-10 06:00:00,6,7.36,34.79
99,-11.38478995814746,21.000092692861454,2025-05-10 09:00:00,9,9.31,42.5
99,-11.38478995814746,21.000092692861454,2025-05-10 12:00:00,12,7.95,39.89
99,-11.38478995814746,21.000092692861454,2025-05-10 15:00:00,15,8.54,50.27
99,-11.38478995814746,21.000092692861454,2025-05-10 18:00:00,18,5.54,38.3
99,-11.38478995814746,21.000092692861454,2025-05-10 21:00:00,21,5.84,37.12
99,-11.38478995814746,21.000092692861454,2025-05-11 00:00:00,24,4.86,37.47
99,-11.38478995814746,21.000092692861454,2025-05-11 03:00:00,27,3.72,28.3
99,-11.38478995814746,21.000092692861454,2025-05-11 06:00:00,30,2.29,26.61
99,-11.38478995814746,21.000092692861454,2025-05-11 09:00:00,33,2.64,23.54
99,-11.38478995814746,21.000092692861454,2025-05-11 12:00:00,36,1.72,14.37
99,-11.38478995814746,21.000092692861454,2025-05-11 15:00:00,39,1.75,13.37
99,-11.38478995814746,21.000092692861454,2025-05-11 18:00:00,42,1.66,11.79
99,-11.38478995814746,21.000092692861454,2025-05-11 21:00:00,45,5.82,25.98
99,-11.38478995814746,21.000092692861454,2025-05-12 00:00:00,48,4.49,23.42
99,-11.38478995814746,21.000092692861454,2025-05-12 03:00:00,51,7.21,33.58
99,-11.38478995814746,21.000092692861454,2025-05-12 06:00:00,54,8.58,39.41
99,-11.38478995814746,21.000092692861454,2025-05-12 09:00:00,57,8.66,37.74
99,-11.38478995814746,21.000092692861454,2025-05-12 12:00:00,60,8.25,39.71
99,-11.38478995814746,21.000092692861454,2025-05-12 15:00:00,63,6.51,43.63
99,-11.38478995814746,21.000092692861454,2025-05-12 18:00:00,66,5.22,42.89
99,-11.38478995814746,21.000092692861454,2025-05-12 21:00:00,69,8.13,44.51
99,-11.38478995814746,21.000092692861454,2025-05-13 00:00:00,72,4.05,33.69
99,-11.38478995814746,21.000092692861454,2025-05-13 03:00:00,75,4.57,29.03
99,-11.38478995814746,21.000092692861454,2025-05-13 06:00:00,78,2.08,22.44
99,-11.38478995814746,21.000092692861454,2025-05-13 09:00:00,81,1.41,20.86
99,-11.38478995814746,21.000092692861454,2025-05-13 12:00:00,84,0.63,16.5
99,-11.38478995814746,21.000092692861454,2025-05-13 15:00:00,87,2.37,13.14
99,-11.38478995814746,21.000092692861454,2025-05-13 18:00:00,90,4.33,16.22
99,-11.38478995814746,21.000092692861454,2025-05-13 21:00:00,93,2.11,16.2
99,-11.38478995814746,21.000092692861454,2025-05-14 00:00:00,96,6.56,26.82
99,-11.38478995814746,21.000092692861454,2025-05-14 03:00:00,99,4.9,22.61
99,-11.38478995814746,21.000092692861454,2025-05-14 06:00:00,102,5.3,28.42
99,-11.38478995814746,21.000092692861454,2025-05-14 09:00:00,105,9.52,42.96
99,-11.38478995814746,21.000092692861454,2025-05-14 12:00:00,108,9.0,48.89
99,-11.38478995814746,21.000092692861454,2025-05-14 15:00:00,111,7.28,39.94
99,-11.38478995814746,21.000092692861454,2025-05-14 18:00:00,114,6.07,40.61
99,-11.38478995814746,21.000092692861454,2025-05-14 21:00:00,117,5.0,40.89
100,-11.85145537218117,21.616034927885966,2025-05-10 00:00:00,0,3.28,19.88
100,-11.85145537218117,21.616034927885966,2025-05-10 03:00:00,3,6.47,25.27
100,-11.85145537218117,21.616034927885966,2025-05-10 06:00:00,6,8.95,36.92
100,-11.85145537218117,21.616034927885966,2025-05-10 09:00:00,9,8.68,44.13
100,-11.85145537218117,21.616034927885966,2025-05-10 12:00:00,12,6.54,37.49
100,-11.85145537218117,21.616034927885966,2025-05-10 15:00:00,15,6.43,39.43
100,-11.85145537218117,21.616034927885966,2025-05-10 18:00:00,18,6.31,40.31
100,-11.85145537218117,21.616034927885966,2025-05-10 21:00:00,21,6.6,44.58
100,-11.85145537218117,21.616034927885966,2025-05-11 00:00:00,24,4.26,34.59
100,-11.85145537218117,21.616034927885966,2025-05-11 03:00:00,27,5.48,35.43
100,-11.85145537218117,21.616034927885966,2025-05-11 06:00:00,30,2.43,21.19
100,-11.85145537218117,21.616034927885966,2025-05-11 09:00:00,33,4.1,21.03
100,-11.85145537218117,21.616034927885966,2025-05-11 12:00:00,36,3.57,20.13
100,-11.85145537218117,21.616034927885966,2025-05-11 15:00:00,39,2.24,16.21
100,-11.85145537218117,21.616034927885966,2025-05-11 18:00:00,42,1.56,9.59
100,-11.85145537218117,21.616034927885966,2025-05-11 21:00:00,45,4.74,20.35
100,-11.85145537218117,21.616034927885966,2025-05-12 00:00:00,48,4.08,18.18
100,-11.85145537218117,21.616034927885966,2025-05-12 03:00:00,51,5.14,28.76
100,-11.85145537218117,21.616034927885966,2025-05-12 06:00:00,54,5.7,31.18
100,-11.85145537218117,21.616034927885966,2025-05-12 09:00:00,57,8.61,39.87
100,-11.85145537218117,21.616034927885966,2025-05-12 12:00:00,60,7.68,40.37
100,-11.85145537218117,21.616034927885966,2025-05-12 15:00:00,63,8.73,46.79
100,-11.85145537218117,21.616034927885966,2025-05-12 18:00:00,66,8.11,46.9
100,-11.85145537218117,21.616034927885966,2025-05-12 21:00:00,69,7.2,40.52
100,-11.85145537218117,21.616034927885966,2025-05-13 00:00:00,72,3.1,32.65
100,-11.85145537218117,21.616034927885966,2025-05-13 03:00:00,75,3.91,33.95
100,-11.85145537218117,21.616034927885966,2025-05-13 06:00:00,78,0.93,20.27
100,-11.85145537218117,21.616034927885966,2025-05-13 09:00:00,81,2.21,19.92
100,-11.85145537218117,21.616034927885966,2025-05-13 12:00:00,84,1.25,12.42
100,-11.85145537218117,21.616034927885966,2025-05-13 15:00:00,87,3.66,19.32
100,-11.85145537218117,21.616034927885966,2025-05-13 18:00:00,90,2.31,12.12
100,-11.85145537218117,21.616034927885966,2025-05-13 21:00:00,93,2.29,15.39
100,-11.85145537218117,21.616034927885966,2025-05-14 00:00:00,96,4.48,21.03
100,-11.85145537218117,21.616034927885966,2025-05-14 03:00:00,99,6.54,32.41
100,-11.85145537218117,21.616034927885966,2025-05-14 06:00:00,102,7.01,31.27
100,-11.85145537218117,21.616034927885966,2025-05-14 09:00:00,105,8.13,39.67
100,-11.85145537218117,21.616034927885966,2025-05-14 12:00:00,108,6.96,42.68
100,-11.85145537218117,21.616034927885966,2025-05-14 15:00:00,111,6.34,38.19
100,-11.85145537218117,21.616034927885966,2025-05-14 18:00:00,114,6.58,44.87
100,-11.85145537218117,21.616034927885966,2025-05-14 21:00:00,117,7.38,47.42
101,-11.978875971096885,21.204111361224015,2025-05-10 00:00:00,0,4.04,23.57
101,-11.978875971096885,21.204111361224015,2025-05-10 03:00:00,3,7.91,28.87
101,-11.978875971096885,21.204111361224015,2025-05-10 06:00:00,6,7.82,37.7
101,-11.978875971096885,21.204111361224015,2025-05-10 09:00:00,9,7.48,37.51
101,-11.978875971096885,21.204111361224015,2025-05-10 12:00:00,12,8.4,42.54
101,-11.978875971096885,21.204111361224015,2025-05-10 15:00:00,15,6.91,41.43
101,-11.978875971096885,21.204111361224015,2025-05-10 18:00:00,18,5.76,40.49
101,-11.978875971096885,21.204111361224015,2025-05-10 21:00:00,21,7.29,47.47
101,-11.978875971096885,21.204111361224015,2025-05-11 00:00:00,24,3.84,36.83
101,-11.978875971096885,21.204111361224015,2025-05-11 03:00:00,27,5.07,33.26
101,-11.978875971096885,21.204111361224015,2025-05-11 06:00:00,30,3.22,25.49
101,-11.978875971096885,21.204111361224015,2025-05-11 09:00:00,33,0.84,19.06
101,-11.978875971096885,21.204111361224015,2025-05-11 12:00:00,36,2.16,18.42
101,-11.978875971096885,21.204111361224015,2025-05-11 15:00:00,39,1.2,14.67
101,-11.978875971096885,21.204111361224015,2025-05-11 18:00:00,42,2.55,14.8
101,-11.978875971096885,21.204111361224015,2025-05-11 21:00:00,45,5.09,17.49
101,-11.978875971096885,21.204111361224015,2025-05-12 00:00:00,48,6.2,22.99
101,-11.978875971096885,21.204111361224015,2025-05-12 03:00:00,51,5.05,27.42
101,-11.978875971096885,21.204111361224015,2025-05-12 06:00:00,54,8.66,36.18
101,-11.978875971096885,21.204111361224015,2025-05-12 09:00:00,57,5.86,39.44
101,-11.978875971096885,21.204111361224015,2025-05-12 12:00:00,60,9.65,48.71
101,-11.978875971096885,21.204111361224015,2025-05-12 15:00:00,63,9.74,45.27
101,-11.978875971096885,21.204111361224015,2025-05-12 18:00:00,66,6.79,40.71
101,-11.978875971096885,21.204111361224015,2025-05-12 21:00:00,69,6.67,40.25
101,-11.978875971096885,21.204111361224015,2025-05-13 00:00:00,72,3.01,35.87
101,-11.978875971096885,21.204111361224015,2025-05-13 03:00:00,75,2.55,31.16
101,-11.978875971096885,21.204111361224015,2025-05-13 06:00:00,78,1.72,19.56
101,-11.978875971096885,21.204111361224015,2025-05-13 09:00:00,81,4.17,22.68
101,-11.978875971096885,21.204111361224015,2025-05-13 12:00:00,84,1.75,14.3
101,-11.978875971096885,21.204111361224015,2025-05-13 15:00:00,87,1.14,10.41
101,-11.978875971096885,21.204111361224015,2025-05-13 18:00:00,90,1.4,14.7
101,-11.978875971096885,21.204111361224015,2025-05-13 21:00:00,93,4.52,21.03
101,-11.978875971096885,21.204111361224015,2025-05-14 00:00:00,96,5.6,21.64
101,-11.978875971096885,21.204111361224015,2025-05-14 03:00:00,99,6.77,30.61
101,-11.978875971096885,21.204111361224015,2025-05-14 06:00:00,102,6.94,30.29
101,-11.978875971096885,21.204111361224015,2025-05-14 09:00:00,105,6.8,39.51
101,-11.978875971096885,21.204111361224015,2025-05-14 12:00:00,108,9.19,45.43
101,-11.978875971096885,21.204111361224015,2025-05-14 15:00:00,111,9.28,50.04
101,-11.978875971096885,21.204111361224015,2025-05-14 18:00:00,114,5.65,44.88
101,-11.978875971096885,21.204111361224015,2025-05-14 21:00:00,117,7.24,43.48
102,-11.338023537251434,21.406864239654617,2025-05-10 00:00:00,0,4.9,24.39
102,-11.338023537251434,21.406864239654617,2025-05-10 03:00:00,3,4.77,24.78
102,-11.338023537251434,21.406864239654617,2025-05-10 06:00:00,6,7.64,38.58
102,-11.338023537251434,21.406864239654617,2025-05-10 09:00:00,9,8.23,36.74
102,-11.338023537251434,21.406864239654617,2025-05-10 12:00:00,12,8.61,41.29
102,-11.338023537251434,21.406864239654617,2025-05-10 15:00:00,15,9.74,47.35
102,-11.338023537251434,21.406864239654617,2025-05-10 18:00:00,18,5.94,42.2
102,-11.338023537251434,21.406864239654617,2025-05-10 21:00:00,21,5.29,38.53
102,-11.338023537251434,21.406864239654617,2025-05-11 00:00:00,24,4.35,39.34
102,-11.338023537251434,21.406864239654617,2025-05-11 03:00:00,27,3.55,30.56
102,-11.338023537251434,21.406864239654617,2025-05-11 06:00:00,30,3.67,26.83
102,-11.338023537251434,21.406864239654617,2025-05-11 09:00:00,33,4.04,25.47
102,-11.338023537251434,21.406864239654617,2025-05-11 12:00:00,36,2.67,22.25
102,-11.338023537251434,21.406864239654617,2025-05-11 15:00:00,39,1.78,14.3
102,-11.338023537251434,21.406864239654617,2025-05-11 18:00:00,42,4.33,14.89
102,-11.338023537251434,21.406864239654617,2025-05-11 21:00:00,45,2.7,12.57
102,-11.338023537251434,21.406864239654617,2025-05-12 00:00:00,48,3.55,17.16
102,-11.338023537251434,21.406864239654617,2025-05-12 03:00:00,51,6.55,29.45
102,-11.338023537251434,21.406864239654617,2025-05-12 06:00:00,54,5.53,29.9
102,-11.338023537251434,21.406864239654617,2025-05-12 09:00:00,57,9.53,44.3
102,-11.338023537251434,21.406864239654617,2025-05-12 12:00:00,60,7.27,41.11
102,-11.338023537251434,21.406864239654617,2025-05-12 15:00:00,63,9.72,44.75
102,-11.338023537251434,21.406864239654617,2025-05-12 18:00:00,66,7.98,47.45
102,-11.338023537251434,21.406864239654617,2025-05-12 21:00:00,69,5.4,38.84
102,-11.338023537251434,21.406864239654617,2025-05-13 00:00:00,72,3.87,36.07
102,-11.338023537251434,21.406864239654617,2025-05-13 03:00:00,75,1.97,26.81
102,-11.338023537251434,21.406864239654617,2025-05-13 06:00:00,78,4.76,28.54
102,-11.338023537251434,21.406864239654617,2025-05-13 09:00:00,81,2.01,16.61
102,-11.338023537251434,21.406864239654617,2025-05-13 12:00:00,84,1.52,13.43
102,-11.338023537251434,21.406864239654617,2025-05-13 15:00:00,87,3.52,17.47
102,-11.338023537251434,21.406864239654617,2025-05-13 18:00:00,90,2.71,19.13
102,-11.338023537251434,21.406864239654617,2025-05-13 21:00:00,93,3.05,18.3
102,-11.338023537251434,21.406864239654617,2025-05-14 00:00:00,96,4.26,21.3
102,-11.338023537251434,21.406864239654617,2025-05-14 03:00:00,99,5.03,28.06
102,-11.338023537251434,21.406864239654617,2025-05-14 06:00:00,102,7.84,33.58
102,-11.338023537251434,21.406864239654617,2025-05-14 09:00:00,105,9.72,45.13
102,-11.338023537251434,21.406864239654617,2025-05-14 12:00:00,108,6.96,43.21
102,-11.338023537251434,21.406864239654617,2025-05-14 15:00:00,111,8.26,42.7
102,-11.338023537251434,21.406864239654617,2025-05-14 18:00:00,114,8.48,47.4
102,-11.338023537251434,21.406864239654617,2025-05-14 21:00:00,117,4.35,36.84
103,-11.898727593890392,21.67268786130529,2025-05-10 00:00:00,0,5.76,23.2
103,-11.898727593890392,21.67268786130529,2025-05-10 03:00:00,3,5.86,24.62
103,-11.898727593890392,21.67268786130529,2025-05-10 06:00:00,6,8.22,35.25
103,-11.898727593890392,21.67268786130529,2025-05-10 09:00:00,9,9.67,45.59
103,-11.898727593890392,21.67268786130529,2025-05-10 12:00:00,12,8.76,43.85
103,-11.898727593890392,21.67268786130529,2025-05-10 15:00:00,15,8.26,44.0
103,-11.898727593890392,21.67268786130529,2025-05-10 18:00:00,18,6.38,42.03
103,-11.898727593890392,21.67268786130529,2025-05-10 21:00:00,21,4.56,35.06
103,-11.898727593890392,21.67268786130529,2025-05-11 00:00:00,24,5.5,41.93
103,-11.898727593890392,21.67268786130529,2025-05-11 03:00:00,27,2.0,26.23
103,-11.898727593890392,21.67268786130529,2025-05-11 06:00:00,30,3.65,23.69
103,-11.898727593890392,21.67268786130529,2025-05-11 09:00:00,33,4.18,25.93
103,-11.898727593890392,21.67268786130529,2025-05-11 12:00:00,36,2.1,18.59
103,-11.898727593890392,21.67268786130529,2025-05-11 15:00:00,39,1.48,10.08
103,-11.898727593890392,21.67268786130529,2025-05-11 18:00:00,42,4.45,18.08
103,-11.898727593890392,21.67268786130529,2025-05-11 21:00:00,45,5.23,24.93
103,-11.898727593890392,21.67268786130529,2025-05-12 00:00:00,48,5.21,26.86
103,-11.898727593890392,21.67268786130529,2025-05-12 03:00:00,51,7.95,35.54
103,-11.898727593890392,21.67268786130529,2025-05-12 06:00:00,54,6.01,30.52
103,-11.898727593890392,21.67268786130529,2025-05-12 09:00:00,57,5.86,36.81
103,-11.898727593890392,21.67268786130529,2025-05-12 12:00:00,60,7.85,39.64
103,-11.898727593890392,21.67268786130529,2025-05-12 15:00:00,63,8.27,43.21
103,-11.898727593890392,21.67268786130529,2025-05-12 18:00:00,66,8.54,47.78
103,-11.898727593890392,21.67268786130529,2025-05-12 21:00:00,69,5.45,36.41
103,-11.898727593890392,21.67268786130529,2025-05-13 00:00:00,72,4.47,37.61
103,-11.898727593890392,21.67268786130529,2025-05-13 03:00:00,75,3.29,27.57
103,-11.898727593890392,21.67268786130529,2025-05-13 06:00:00,78,4.14,25.97
103,-11.898727593890392,21.67268786130529,2025-05-13 09:00:00,81,1.8,17.2
103,-11.898727593890392,21.67268786130529,2025-05-13 12:00:00,84,0.96,12.9
103,-11.898727593890392,21.67268786130529,2025-05-13 15:00:00,87,0.95,12.85
103,-11.898727593890392,21.67268786130529,2025-05-13 18:00:00,90,2.71,15.92
103,-11.898727593890392,21.67268786130529,2025-05-13 21:00:00,93,2.23,14.66
103,-11.898727593890392,21.67268786130529,2025-05-14 00:00:00,96,6.3,26.83
103,-11.898727593890392,21.67268786130529,2025-05-14 03:00:00,99,5.58,26.41
103,-11.898727593890392,21.67268786130529,2025-05-14 06:00:00,102,8.8,38.15
103,-11.898727593890392,21.67268786130529,2025-05-14 09:00:00,105,9.29,43.84
103,-11.898727593890392,21.67268786130529,2025-05-14 12:00:00,108,8.93,43.07
103,-11.898727593890392,21.67268786130529,2025-05-14 15:00:00,111,7.71,46.54
103,-11.898727593890392,21.67268786130529,2025-05-14 18:00:00,114,7.67,44.97
103,-11.898727593890392,21.67268786130529,2025-05-14 21:00:00,117,8.11,48.54
104,-11.904058095575271,21.006412760831967,2025-05-10 00:00:00,0,5.86,25.44
104,-11.904058095575271,21.006412760831967,2025-05-10 03:00:00,3,6.17,28.7
104,-11.904058095575271,21.006412760831967,2025-05-10 06:00:00,6,8.81,38.47
104,-11.904058095575271,21.006412760831967,2025-05-10 09:00:00,9,7.58,42.24
104,-11.904058095575271,21.006412760831967,2025-05-10 12:00:00,12,8.62,44.17
104,-11.904058095575271,21.006412760831967,2025-05-10 15:00:00,15,8.71,47.7
104,-11.904058095575271,21.006412760831967,2025-05-10 18:00:00,18,6.09,44.42
104,-11.904058095575271,21.006412760831967,2025-05-10 21:00:00,21,5.03,40.15
104,-11.904058095575271,21.006412760831967,2025-05-11 00:00:00,24,5.19,33.79
104,-11.904058095575271,21.006412760831967,2025-05-11 03:00:00,27,2.74,27.85
104,-11.904058095575271,21.006412760831967,2025-05-11 06:00:00,30,0.91,22.18
104,-11.904058095575271,21.006412760831967,2025-05-11 09:00:00,33,1.28,21.49
104,-11.904058095575271,21.006412760831967,2025-05-11 12:00:00,36,0.65,10.71
104,-11.904058095575271,21.006412760831967,2025-05-11 15:00:00,39,2.34,16.95
104,-11.904058095575271,21.006412760831967,2025-05-11 18:00:00,42,3.68,15.2
104,-11.904058095575271,21.006412760831967,2025-05-11 21:00:00,45,2.52,18.6
104,-11.904058095575271,21.006412760831967,2025-05-12 00:00:00,48,4.24,23.75
104,-11.904058095575271,21.006412760831967,2025-05-12 03:00:00,51,7.36,33.79
104,-11.904058095575271,21.006412760831967,2025-05-12 06:00:00,54,5.47,33.34
104,-11.904058095575271,21.006412760831967,2025-05-12 09:00:00,57,6.71,36.76
104,-11.904058095575271,21.006412760831967,2025-05-12 12:00:00,60,6.43,40.83
104,-11.904058095575271,21.006412760831967,2025-05-12 15:00:00,63,6.13,40.78
104,-11.904058095575271,21.006412760831967,2025-05-12 18:00:00,66,8.43,48.59
104,-11.904058095575271,21.006412760831967,2025-05-12 21:00:00,69,5.88,40.85
104,-11.904058095575271,21.006412760831967,2025-05-13 00:00:00,72,5.26,33.68
104,-11.904058095575271,21.006412760831967,2025-05-13 03:00:00,75,2.21,26.32
104,-11.904058095575271,21.006412760831967,2025-05-13 06:00:00,78,2.03,26.15
104,-11.904058095575271,21.006412760831967,2025-05-13 09:00:00,81,3.49,20.48
104,-11.904058095575271,21.006412760831967,2025-05-13 12:00:00,84,2.7,21.21
104,-11.904058095575271,21.006412760831967,2025-05-13 15:00:00,87,2.34,12.6
104,-11.904058095575271,21.006412760831967,2025-05-13 18:00:00,90,4.54,17.5
104,-11.904058095575271,21.006412760831967,2025-05-13 21:00:00,93,4.63,20.67
104,-11.904058095575271,21.006412760831967,2025-05-14 00:00:00,96,6.81,27.39
104,-11.904058095575271,21.006412760831967,2025-05-14 03:00:00,99,5.41,23.62
104,-11.904058095575271,21.006412760831967,2025-05-14 06:00:00,102,8.76,35.36
104,-11.904058095575271,21.006412760831967,2025-05-14 09:00:00,105,7.23,40.71
104,-11.904058095575271,21.006412760831967,2025-05-14 12:00:00,108,8.91,46.37
104,-11.904058095575271,21.006412760831967,2025-05-14 15:00:00,111,8.58,45.49
104,-11.904058095575271,21.006412760831967,2025-05-14 18:00:00,114,5.28,43.23
104,-11.904058095575271,21.006412760831967,2025-05-14 21:00:00,117,4.6,40.99
105,-11.932527681765611,21.470566370206473,2025-05-10 00:00:00,0,5.67,22.56
105,-11.932527681765611,21.470566370206473,2025-05-10 03:00:00,3,5.27,23.94
105,-11.932527681765611,21.470566370206473,2025-05-10 06:00:00,6,6.7,33.64
105,-11.932527681765611,21.470566370206473,2025-05-10 09:00:00,9,7.51,35.22
105,-11.932527681765611,21.470566370206473,2025-05-10 12:00:00,12,9.34,44.1
105,-11.932527681765611,21.470566370206473,2025-05-10 15:00:00,15,8.68,48.75
105,-11.932527681765611,21.470566370206473,2025-05-10 18:00:00,18,7.8,43.94
105,-11.932527681765611,21.470566370206473,2025-05-10 21:00:00,21,4.93,37.7
105,-11.932527681765611,21.470566370206473,2025-05-11 00:00:00,24,5.82,35.9
105,-11.932527681765611,21.470566370206473,2025-05-11 03:00:00,27,5.82,34.0
105,-11.932527681765611,21.470566370206473,2025-05-11 06:00:00,30,1.16,24.93
105,-11.932527681765611,21.470566370206473,2025-05-11 09:00:00,33,4.16,27.26
105,-11.932527681765611,21.470566370206473,2025-05-11 12:00:00,36,3.51,18.8
105,-11.932527681765611,21.470566370206473,2025-05-11 15:00:00,39,0.7,13.25
105,-11.932527681765611,21.470566370206473,2025-05-11 18:00:00,42,4.5,16.78
105,-11.932527681765611,21.470566370206473,2025-05-11 21:00:00,45,5.07,20.84
105,-11.932527681765611,21.470566370206473,2025-05-12 00:00:00,48,5.48,25.68
105,-11.932527681765611,21.470566370206473,2025-05-12 03:00:00,51,4.87,23.54
105,-11.932527681765611,21.470566370206473,2025-05-12 06:00:00,54,5.18,32.18
105,-11.932527681765611,21.470566370206473,2025-05-12 09:00:00,57,6.61,34.04
105,-11.932527681765611,21.470566370206473,2025-05-12 12:00:00,60,6.68,36.56
105,-11.932527681765611,21.470566370206473,2025-05-12 15:00:00,63,5.91,44.98
105,-11.932527681765611,21.470566370206473,2025-05-12 18:00:00,66,7.19,44.59
105,-11.932527681765611,21.470566370206473,2025-05-12 21:00:00,69,7.01,45.19
105,-11.932527681765611,21.470566370206473,2025-05-13 00:00:00,72,3.78,33.93
105,-11.932527681765611,21.470566370206473,2025-05-13 03:00:00,75,5.76,32.96
105,-11.932527681765611,21.470566370206473,2025-05-13 06:00:00,78,2.17,26.67
105,-11.932527681765611,21.470566370206473,2025-05-13 09:00:00,81,2.32,18.92
105,-11.932527681765611,21.470566370206473,2025-05-13 12:00:00,84,1.02,14.08
105,-11.932527681765611,21.470566370206473,2025-05-13 15:00:00,87,3.55,19.59
105,-11.932527681765611,21.470566370206473,2025-05-13 18:00:00,90,2.33,12.13
105,-11.932527681765611,21.470566370206473,2025-05-13 21:00:00,93,4.98,22.5
105,-11.932527681765611,21.470566370206473,2025-05-14 00:00:00,96,4.88,25.96
105,-11.932527681765611,21.470566370206473,2025-05-14 03:00:00,99,5.37,24.48
105,-11.932527681765611,21.470566370206473,2025-05-14 06:00:00,102,7.31,38.14
105,-11.932527681765611,21.470566370206473,2025-05-14 09:00:00,105,7.55,36.43
105,-11.932527681765611,21.470566370206473,2025-05-14 12:00:00,108,6.85,41.78
105,-11.932527681765611,21.470566370206473,2025-05-14 15:00:00,111,9.32,50.73
105,-11.932527681765611,21.470566370206473,2025-05-14 18:00:00,114,6.0,44.82
105,-11.932527681765611,21.470566370206473,2025-05-14 21:00:00,117,7.08,42.08
106,-11.759881894777571,21.52182568256342,2025-05-10 00:00:00,0,6.36,26.08
106,-11.759881894777571,21.52182568256342,2025-05-10 03:00:00,3,4.86,29.1
106,-11.759881894777571,21.52182568256342,2025-05-10 06:00:00,6,5.3,33.81
106,-11.759881894777571,21.52182568256342,2025-05-10 09:00:00,9,6.8,41.03
106,-11.759881894777571,21.52182568256342,2025-05-10 12:00:00,12,7.1,39.84
106,-11.759881894777571,21.52182568256342,2025-05-10 15:00:00,15,5.85,38.07
106,-11.759881894777571,21.52182568256342,2025-05-10 18:00:00,18,8.89,49.82
106,-11.759881894777571,21.52182568256342,2025-05-10 21:00:00,21,4.94,35.21
106,-11.759881894777571,21.52182568256342,2025-05-11 00:00:00,24,4.44,36.26
106,-11.759881894777571,21.52182568256342,2025-05-11 03:00:00,27,2.56,28.02
106,-11.759881894777571,21.52182568256342,2025-05-11 06:00:00,30,2.04,21.64
106,-11.759881894777571,21.52182568256342,2025-05-11 09:00:00,33,0.44,15.06
106,-11.759881894777571,21.52182568256342,2025-05-11 12:00:00,36,3.52,19.21
106,-11.759881894777571,21.52182568256342,2025-05-11 15:00:00,39,3.58,14.48
106,-11.759881894777571,21.52182568256342,2025-05-11 18:00:00,42,3.14,16.1
106,-11.759881894777571,21.52182568256342,2025-05-11 21:00:00,45,5.51,18.85
106,-11.759881894777571,21.52182568256342,2025-05-12 00:00:00,48,6.38,26.82
106,-11.759881894777571,21.52182568256342,2025-05-12 03:00:00,51,5.34,29.27
106,-11.759881894777571,21.52182568256342,2025-05-12 06:00:00,54,8.51,37.85
106,-11.759881894777571,21.52182568256342,2025-05-12 09:00:00,57,6.58,36.07
106,-11.759881894777571,21.52182568256342,2025-05-12 12:00:00,60,6.02,41.54
106,-11.759881894777571,21.52182568256342,2025-05-12 15:00:00,63,8.18,44.97
106,-11.759881894777571,21.52182568256342,2025-05-12 18:00:00,66,7.99,44.9
106,-11.759881894777571,21.52182568256342,2025-05-12 21:00:00,69,7.69,44.95
106,-11.759881894777571,21.52182568256342,2025-05-13 00:00:00,72,5.97,42.11
106,-11.759881894777571,21.52182568256342,2025-05-13 03:00:00,75,3.87,34.91
106,-11.759881894777571,21.52182568256342,2025-05-13 06:00:00,78,2.34,23.06
106,-11.759881894777571,21.52182568256342,2025-05-13 09:00:00,81,1.17,15.0
106,-11.759881894777571,21.52182568256342,2025-05-13 12:00:00,84,3.34,18.78
106,-11.759881894777571,21.52182568256342,2025-05-13 15:00:00,87,1.46,12.87
106,-11.759881894777571,21.52182568256342,2025-05-13 18:00:00,90,2.01,16.9
106,-11.759881894777571,21.52182568256342,2025-05-13 21:00:00,93,1.95,18.36
106,-11.759881894777571,21.52182568256342,2025-05-14 00:00:00,96,5.55,22.98
106,-11.759881894777571,21.52182568256342,2025-05-14 03:00:00,99,5.91,25.19
106,-11.759881894777571,21.52182568256342,2025-05-14 06:00:00,102,5.32,29.37
106,-11.759881894777571,21.52182568256342,2025-05-14 09:00:00,105,9.1,45.23
106,-11.759881894777571,21.52182568256342,2025-05-14 12:00:00,108,8.18,43.86
106,-11.759881894777571,21.52182568256342,2025-05-14 15:00:00,111,8.6,44.15
106,-11.759881894777571,21.52182568256342,2025-05-14 18:00:00,114,6.83,43.04
106,-11.759881894777571,21.52182568256342,2025-05-14 21:00:00,117,6.31,45.71
107,-11.443557230342499,21.522680178930425,2025-05-10 00:00:00,0,5.12,26.29
107,-11.443557230342499,21.522680178930425,2025-05-10 03:00:00,3,4.28,23.49
107,-11.443557230342499,21.522680178930425,2025-05-10 06:00:00,6,8.18,39.39
107,-11.443557230342499,21.522680178930425,2025-05-10 09:00:00,9,8.6,40.55
107,-11.443557230342499,21.522680178930425,2025-05-10 12:00:00,12,9.63,45.55
107,-11.443557230342499,21.522680178930425,2025-05-10 15:00:00,15,6.49,44.27
107,-11.443557230342499,21.522680178930425,2025-05-10 18:00:00,18,8.28,46.1
107,-11.443557230342499,21.522680178930425,2025-05-10 21:00:00,21,5.04,43.01
107,-11.443557230342499,21.522680178930425,2025-05-11 00:00:00,24,5.5,39.29
107,-11.443557230342499,21.522680178930425,2025-05-11 03:00:00,27,4.36,31.35
107,-11.443557230342499,21.522680178930425,2025-05-11 06:00:00,30,2.51,26.13
107,-11.443557230342499,21.522680178930425,2025-05-11 09:00:00,33,1.75,17.05
107,-11.443557230342499,21.522680178930425,2025-05-11 12:00:00,36,3.0,19.17
107,-11.443557230342499,21.522680178930425,2025-05-11 15:00:00,39,2.24,17.65
107,-11.443557230342499,21.522680178930425,2025-05-11 18:00:00,42,2.9,17.52
107,-11.443557230342499,21.522680178930425,2025-05-11 21:00:00,45,4.3,17.34
107,-11.443557230342499,21.522680178930425,2025-05-12 00:00:00,48,5.41,24.06
107,-11.443557230342499,21.522680178930425,2025-05-12 03:00:00,51,5.99,27.79
107,-11.443557230342499,21.522680178930425,2025-05-12 06:00:00,54,8.94,34.01
107,-11.443557230342499,21.522680178930425,2025-05-12 09:00:00,57,8.2,37.51
107,-11.443557230342499,21.522680178930425,2025-05-12 12:00:00,60,9.45,46.36
107,-11.443557230342499,21.522680178930425,2025-05-12 15:00:00,63,9.54,50.58
107,-11.443557230342499,21.522680178930425,2025-05-12 18:00:00,66,6.17,40.5
107,-11.443557230342499,21.522680178930425,2025-05-12 21:00:00,69,6.38,40.89
107,-11.443557230342499,21.522680178930425,2025-05-13 00:00:00,72,3.51,34.2
107,-11.443557230342499,21.522680178930425,2025-05-13 03:00:00,75,4.13,32.41
107,-11.443557230342499,21.522680178930425,2025-05-13 06:00:00,78,2.66,27.26
107,-11.443557230342499,21.522680178930425,2025-05-13 09:00:00,81,2.46,20.2
107,-11.443557230342499,21.522680178930425,2025-05-13 12:00:00,84,2.06,16.42
107,-11.443557230342499,21.522680178930425,2025-05-13 15:00:00,87,2.73,14.42
107,-11.443557230342499,21.522680178930425,2025-05-13 18:00:00,90,1.44,13.21
107,-11.443557230342499,21.522680178930425,2025-05-13 21:00:00,93,5.77,20.66
107,-11.443557230342499,21.522680178930425,2025-05-14 00:00:00,96,5.16,24.59
107,-11.443557230342499,21.522680178930425,2025-05-14 03:00:00,99,5.22,29.34
107,-11.443557230342499,21.522680178930425,2025-05-14 06:00:00,102,8.4,37.88
107,-11.443557230342499,21.522680178930425,2025-05-14 09:00:00,105,7.01,38.14
107,-11.443557230342499,21.522680178930425,2025-05-14 12:00:00,108,7.12,41.56
107,-11.443557230342499,21.522680178930425,2025-05-14 15:00:00,111,8.11,43.01
107,-11.443557230342499,21.522680178930425,2025-05-14 18:00:00,114,7.7,47.64
107,-11.443557230342499,21.522680178930425,2025-05-14 21:00:00,117,6.35,41.01
108,-11.576840977250466,21.425668596408894,2025-05-10 00:00:00,0,6.5,28.97
108,-11.576840977250466,21.425668596408894,2025-05-10 03:00:00,3,5.57,28.56
108,-11.576840977250466,21.425668596408894,2025-05-10 06:00:00,6,8.1,38.14
108,-11.576840977250466,21.425668596408894,2025-05-10 09:00:00,9,7.49,35.0
108,-11.576840977250466,21.425668596408894,2025-05-10 12:00:00,12,9.98,43.39
108,-11.576840977250466,21.425668596408894,2025-05-10 15:00:00,15,6.14,45.38
108,-11.576840977250466,21.425668596408894,2025-05-10 18:00:00,18,8.61,47.09
108,-11.576840977250466,21.425668596408894,2025-05-10 21:00:00,21,8.07,47.65
108,-11.576840977250466,21.425668596408894,2025-05-11 00:00:00,24,5.2,39.46
108,-11.576840977250466,21.425668596408894,2025-05-11 03:00:00,27,5.3,30.66
108,-11.576840977250466,21.425668596408894,2025-05-11 06:00:00,30,3.7,24.24
108,-11.576840977250466,21.425668596408894,2025-05-11 09:00:00,33,2.97,23.4
108,-11.576840977250466,21.425668596408894,2025-05-11 12:00:00,36,2.79,20.41
108,-11.576840977250466,21.425668596408894,2025-05-11 15:00:00,39,3.06,20.4
108,-11.576840977250466,21.425668596408894,2025-05-11 18:00:00,42,4.54,19.27
108,-11.576840977250466,21.425668596408894,2025-05-11 21:00:00,45,4.94,20.31
108,-11.576840977250466,21.425668596408894,2025-05-12 00:00:00,48,6.11,22.54
108,-11.576840977250466,21.425668596408894,2025-05-12 03:00:00,51,5.44,24.1
108,-11.576840977250466,21.425668596408894,2025-05-12 06:00:00,54,6.03,32.91
108,-11.576840977250466,21.425668596408894,2025-05-12 09:00:00,57,7.85,41.49
108,-11.576840977250466,21.425668596408894,2025-05-12 12:00:00,60,9.41,46.25
108,-11.576840977250466,21.425668596408894,2025-05-12 15:00:00,63,9.3,47.56
108,-11.576840977250466,21.425668596408894,2025-05-12 18:00:00,66,8.57,50.05
108,-11.576840977250466,21.425668596408894,2025-05-12 21:00:00,69,8.04,46.59
108,-11.576840977250466,21.425668596408894,2025-05-13 00:00:00,72,6.89,37.11
108,-11.576840977250466,21.425668596408894,2025-05-13 03:00:00,75,5.19,30.75
108,-11.576840977250466,21.425668596408894,2025-05-13 06:00:00,78,4.24,27.11
108,-11.576840977250466,21.425668596408894,2025-05-13 09:00:00,81,0.58,19.38
108,-11.576840977250466,21.425668596408894,2025-05-13 12:00:00,84,0.04,12.0
108,-11.576840977250466,21.425668596408894,2025-05-13 15:00:00,87,1.57,15.35
108,-11.576840977250466,21.425668596408894,2025-05-13 18:00:00,90,2.78,12.78
108,-11.576840977250466,21.425668596408894,2025-05-13 21:00:00,93,4.48,17.73
108,-11.576840977250466,21.425668596408894,2025-05-14 00:00:00,96,4.1,18.91
108,-11.576840977250466,21.425668596408894,2025-05-14 03:00:00,99,4.94,23.13
108,-11.576840977250466,21.425668596408894,2025-05-14 06:00:00,102,5.62,32.88
108,-11.576840977250466,21.425668596408894,2025-05-14 09:00:00,105,5.91,39.55
108,-11.576840977250466,21.425668596408894,2025-05-14 12:00:00,108,9.87,43.57
108,-11.576840977250466,21.425668596408894,2025-05-14 15:00:00,111,9.67,49.76
108,-11.576840977250466,21.425668596408894,2025-05-14 18:00:00,114,5.25,38.83
108,-11.576840977250466,21.425668596408894,2025-05-14 21:00:00,117,5.91,42.18
109,-11.767450461275832,21.585702604274072,2025-05-10 00:00:00,0,3.73,17.96
109,-11.767450461275832,21.585702604274072,2025-05-10 03:00:00,3,6.48,30.54
109,-11.767450461275832,21.585702604274072,2025-05-10 06:00:00,6,7.31,32.27
109,-11.767450461275832,21.585702604274072,2025-05-10 09:00:00,9,5.87,34.1
109,-11.767450461275832,21.585702604274072,2025-05-10 12:00:00,12,8.22,46.5
109,-11.767450461275832,21.585702604274072,2025-05-10 15:00:00,15,7.11,42.34
109,-11.767450461275832,21.585702604274072,2025-05-10 18:00:00,18,7.41,48.12
109,-11.767450461275832,21.585702604274072,2025-05-10 21:00:00,21,5.85,43.07
109,-11.767450461275832,21.585702604274072,2025-05-11 00:00:00,24,4.79,38.69
109,-11.767450461275832,21.585702604274072,2025-05-11 03:00:00,27,5.65,36.16
109,-11.767450461275832,21.585702604274072,2025-05-11 06:00:00,30,2.1,25.22
109,-11.767450461275832,21.585702604274072,2025-05-11 09:00:00,33,3.49,24.52
109,-11.767450461275832,21.585702604274072,2025-05-11 12:00:00,36,3.96,23.8
109,-11.767450461275832,21.585702604274072,2025-05-11 15:00:00,39,2.11,16.26
109,-11.767450461275832,21.585702604274072,2025-05-11 18:00:00,42,1.81,14.9
109,-11.767450461275832,21.585702604274072,2025-05-11 21:00:00,45,5.8,26.32
109,-11.767450461275832,21.585702604274072,2025-05-12 00:00:00,48,6.93,30.08
109,-11.767450461275832,21.585702604274072,2025-05-12 03:00:00,51,6.03,24.27
109,-11.767450461275832,21.585702604274072,2025-05-12 06:00:00,54,8.4,37.95
109,-11.767450461275832,21.585702604274072,2025-05-12 09:00:00,57,7.72,37.66
109,-11.767450461275832,21.585702604274072,2025-05-12 12:00:00,60,7.53,38.99
109,-11.767450461275832,21.585702604274072,2025-05-12 15:00:00,63,7.63,43.44
109,-11.767450461275832,21.585702604274072,2025-05-12 18:00:00,66,7.12,43.3
109,-11.767450461275832,21.585702604274072,2025-05-12 21:00:00,69,6.38,43.16
109,-11.767450461275832,21.585702604274072,2025-05-13 00:00:00,72,6.05,40.69
109,-11.767450461275832,21.585702604274072,2025-05-13 03:00:00,75,2.63,29.19
109,-11.767450461275832,21.585702604274072,2025-05-13 06:00:00,78,3.77,29.64
109,-11.767450461275832,21.585702604274072,2025-05-13 09:00:00,81,2.84,22.41
109,-11.767450461275832,21.585702604274072,2025-05-13 12:00:00,84,1.92,18.71
109,-11.767450461275832,21.585702604274072,2025-05-13 15:00:00,87,3.93,20.19
109,-11.767450461275832,21.585702604274072,2025-05-13 18:00:00,90,4.15,18.94
109,-11.767450461275832,21.585702604274072,2025-05-13 21:00:00,93,2.35,15.74
109,-11.767450461275832,21.585702604274072,2025-05-14 00:00:00,96,6.27,27.41
109,-11.767450461275832,21.585702604274072,2025-05-14 03:00:00,99,4.89,27.69
109,-11.767450461275832,21.585702604274072,2025-05-14 06:00:00,102,8.77,33.87
109,-11.767450461275832,21.585702604274072,2025-05-14 09:00:00,105,8.87,43.28
109,-11.767450461275832,21.585702604274072,2025-05-14 12:00:00,108,9.32,47.92
109,-11.767450461275832,21.585702604274072,2025-05-14 15:00:00,111,6.37,38.63
109,-11.767450461275832,21.585702604274072,2025-05-14 18:00:00,114,6.06,43.28
109,-11.767450461275832,21.585702604274072,2025-05-14 21:00:00,117,5.7,39.07
110,-11.5187189869894,21.42324048986989,2025-05-10 00:00:00,0,5.57,22.8
110,-11.5187189869894,21.42324048986989,2025-05-10 03:00:00,3,6.33,29.44
110,-11.5187189869894,21.42324048986989,2025-05-10 06:00:00,6,5.9,31.09
110,-11.5187189869894,21.42324048986989,2025-05-10 09:00:00,9,9.19,43.29
110,-11.5187189869894,21.42324048986989,2025-05-10 12:00:00,12,8.6,46.3
110,-11.5187189869894,21.42324048986989,2025-05-10 15:00:00,15,7.23,41.92
110,-11.5187189869894,21.42324048986989,2025-05-10 18:00:00,18,8.7,48.35
110,-11.5187189869894,21.42324048986989,2025-05-10 21:00:00,21,7.09,45.64
110,-11.5187189869894,21.42324048986989,2025-05-11 00:00:00,24,6.16,38.16
110,-11.5187189869894,21.42324048986989,2025-05-11 03:00:00,27,2.41,25.56
110,-11.5187189869894,21.42324048986989,2025-05-11 06:00:00,30,2.81,23.13
110,-11.5187189869894,21.42324048986989,2025-05-11 09:00:00,33,2.01,20.85
110,-11.5187189869894,21.42324048986989,2025-05-11 12:00:00,36,1.96,19.94
110,-11.5187189869894,21.42324048986989,2025-05-11 15:00:00,39,3.46,14.78
110,-11.5187189869894,21.42324048986989,2025-05-11 18:00:00,42,1.93,17.1
110,-11.5187189869894,21.42324048986989,2025-05-11 21:00:00,45,3.33,21.31
110,-11.5187189869894,21.42324048986989,2025-05-12 00:00:00,48,6.7,30.03
110,-11.5187189869894,21.42324048986989,2025-05-12 03:00:00,51,7.51,33.37
110,-11.5187189869894,21.42324048986989,2025-05-12 06:00:00,54,8.82,38.62
110,-11.5187189869894,21.42324048986989,2025-05-12 09:00:00,57,9.65,45.11
110,-11.5187189869894,21.42324048986989,2025-05-12 12:00:00,60,8.89,41.16
110,-11.5187189869894,21.42324048986989,2025-05-12 15:00:00,63,9.34,45.86
110,-11.5187189869894,21.42324048986989,2025-05-12 18:00:00,66,7.67,45.43
110,-11.5187189869894,21.42324048986989,2025-05-12 21:00:00,69,5.94,39.8
110,-11.5187189869894,21.42324048986989,2025-05-13 00:00:00,72,3.48,37.53
110,-11.5187189869894,21.42324048986989,2025-05-13 03:00:00,75,4.9,34.54
110,-11.5187189869894,21.42324048986989,2025-05-13 06:00:00,78,1.94,27.35
110,-11.5187189869894,21.42324048986989,2025-05-13 09:00:00,81,3.16,21.05
110,-11.5187189869894,21.42324048986989,2025-05-13 12:00:00,84,2.46,17.6
110,-11.5187189869894,21.42324048986989,2025-05-13 15:00:00,87,1.45,11.92
110,-11.5187189869894,21.42324048986989,2025-05-13 18:00:00,90,2.11,16.55
110,-11.5187189869894,21.42324048986989,2025-05-13 21:00:00,93,5.4,23.85
110,-11.5187189869894,21.42324048986989,2025-05-14 00:00:00,96,6.24,22.44
110,-11.5187189869894,21.42324048986989,2025-05-14 03:00:00,99,6.55,29.76
110,-11.5187189869894,21.42324048986989,2025-05-14 06:00:00,102,6.46,36.92
110,-11.5187189869894,21.42324048986989,2025-05-14 09:00:00,105,8.18,40.95
110,-11.5187189869894,21.42324048986989,2025-05-14 12:00:00,108,9.91,44.28
110,-11.5187189869894,21.42324048986989,2025-05-14 15:00:00,111,6.3,40.11
110,-11.5187189869894,21.42324048986989,2025-05-14 18:00:00,114,8.99,51.46
110,-11.5187189869894,21.42324048986989,2025-05-14 21:00:00,117,7.63,46.36
111,-11.292315562030415,21.749965879890688,2025-05-10 00:00:00,0,6.14,21.6
111,-11.292315562030415,21.749965879890688,2025-05-10 03:00:00,3,7.46,34.53
111,-11.292315562030415,21.749965879890688,2025-05-10 06:00:00,6,5.5,28.2
111,-11.292315562030415,21.749965879890688,2025-05-10 09:00:00,9,5.88,31.68
111,-11.292315562030415,21.749965879890688,2025-05-10 12:00:00,12,8.57,42.47
111,-11.292315562030415,21.749965879890688,2025-05-10 15:00:00,15,7.37,47.96
111,-11.292315562030415,21.749965879890688,2025-05-10 18:00:00,18,7.2,40.89
111,-11.292315562030415,21.749965879890688,2025-05-10 21:00:00,21,7.04,46.26
111,-11.292315562030415,21.749965879890688,2025-05-11 00:00:00,24,4.94,37.61
111,-11.292315562030415,21.749965879890688,2025-05-11 03:00:00,27,4.41,30.99
111,-11.292315562030415,21.749965879890688,2025-05-11 06:00:00,30,2.31,21.73
111,-11.292315562030415,21.749965879890688,2025-05-11 09:00:00,33,3.42,21.25
111,-11.292315562030415,21.749965879890688,2025-05-11 12:00:00,36,0.12,12.06
111,-11.292315562030415,21.749965879890688,2025-05-11 15:00:00,39,3.32,17.09
111,-11.292315562030415,21.749965879890688,2025-05-11 18:00:00,42,1.3,10.79
111,-11.292315562030415,21.749965879890688,2025-05-11 21:00:00,45,3.43,19.13
111,-11.292315562030415,21.749965879890688,2025-05-12 00:00:00,48,5.8,25.77
111,-11.292315562030415,21.749965879890688,2025-05-12 03:00:00,51,7.87,29.55
111,-11.292315562030415,21.749965879890688,2025-05-12 06:00:00,54,5.52,33.19
111,-11.292315562030415,21.749965879890688,2025-05-12 09:00:00,57,9.64,39.89
111,-11.292315562030415,21.749965879890688,2025-05-12 12:00:00,60,7.56,44.56
111,-11.292315562030415,21.749965879890688,2025-05-12 15:00:00,63,6.11,39.34
111,-11.292315562030415,21.749965879890688,2025-05-12 18:00:00,66,5.49,38.24
111,-11.292315562030415,21.749965879890688,2025-05-12 21:00:00,69,5.53,42.01
111,-11.292315562030415,21.749965879890688,2025-05-13 00:00:00,72,4.85,33.38
111,-11.292315562030415,21.749965879890688,2025-05-13 03:00:00,75,3.64,34.84
111,-11.292315562030415,21.749965879890688,2025-05-13 06:00:00,78,3.29,27.47
111,-11.292315562030415,21.749965879890688,2025-05-13 09:00:00,81,0.87,21.11
111,-11.292315562030415,21.749965879890688,2025-05-13 12:00:00,84,0.56,11.2
111,-11.292315562030415,21.749965879890688,2025-05-13 15:00:00,87,3.83,20.03
111,-11.292315562030415,21.749965879890688,2025-05-13 18:00:00,90,4.11,16.93
111,-11.292315562030415,21.749965879890688,2025-05-13 21:00:00,93,5.37,24.26
111,-11.292315562030415,21.749965879890688,2025-05-14 00:00:00,96,3.78,23.48
111,-11.292315562030415,21.749965879890688,2025-05-14 03:00:00,99,6.94,31.82
111,-11.292315562030415,21.749965879890688,2025-05-14 06:00:00,102,7.32,34.47
111,-11.292315562030415,21.749965879890688,2025-05-14 09:00:00,105,8.7,39.98
111,-11.292315562030415,21.749965879890688,2025-05-14 12:00:00,108,7.64,39.87
111,-11.292315562030415,21.749965879890688,2025-05-14 15:00:00,111,8.63,44.82
111,-11.292315562030415,21.749965879890688,2025-05-14 18:00:00,114,8.82,43.76
111,-11.292315562030415,21.749965879890688,2025-05-14 21:00:00,117,7.25,44.96
112,-11.781707580546502,21.005484620359262,2025-05-10 00:00:00,0,6.48,26.2
112,-11.781707580546502,21.005484620359262,2025-05-10 03:00:00,3,7.83,33.12
112,-11.781707580546502,21.005484620359262,2025-05-10 06:00:00,6,6.89,35.98
112,-11.781707580546502,21.005484620359262,2025-05-10 09:00:00,9,6.55,40.92
112,-11.781707580546502,21.005484620359262,2025-05-10 12:00:00,12,6.26,39.9
112,-11.781707580546502,21.005484620359262,2025-05-10 15:00:00,15,7.57,41.47
112,-11.781707580546502,21.005484620359262,2025-05-10 18:00:00,18,9.01,51.96
112,-11.781707580546502,21.005484620359262,2025-05-10 21:00:00,21,6.83,39.1
112,-11.781707580546502,21.005484620359262,2025-05-11 00:00:00,24,5.02,38.59
112,-11.781707580546502,21.005484620359262,2025-05-11 03:00:00,27,5.4,31.46
112,-11.781707580546502,21.005484620359262,2025-05-11 06:00:00,30,1.09,20.63
112,-11.781707580546502,21.005484620359262,2025-05-11 09:00:00,33,1.05,15.53
112,-11.781707580546502,21.005484620359262,2025-05-11 12:00:00,36,2.08,17.51
112,-11.781707580546502,21.005484620359262,2025-05-11 15:00:00,39,2.74,14.75
112,-11.781707580546502,21.005484620359262,2025-05-11 18:00:00,42,4.58,22.04
112,-11.781707580546502,21.005484620359262,2025-05-11 21:00:00,45,5.2,18.33
112,-11.781707580546502,21.005484620359262,2025-05-12 00:00:00,48,6.67,24.68
112,-11.781707580546502,21.005484620359262,2025-05-12 03:00:00,51,5.85,23.91
112,-11.781707580546502,21.005484620359262,2025-05-12 06:00:00,54,5.79,32.48
112,-11.781707580546502,21.005484620359262,2025-05-12 09:00:00,57,8.57,43.88
112,-11.781707580546502,21.005484620359262,2025-05-12 12:00:00,60,7.3,38.82
112,-11.781707580546502,21.005484620359262,2025-05-12 15:00:00,63,6.39,45.99
112,-11.781707580546502,21.005484620359262,2025-05-12 18:00:00,66,8.19,45.14
112,-11.781707580546502,21.005484620359262,2025-05-12 21:00:00,69,4.34,38.27
112,-11.781707580546502,21.005484620359262,2025-05-13 00:00:00,72,5.11,40.27
112,-11.781707580546502,21.005484620359262,2025-05-13 03:00:00,75,4.83,31.5
112,-11.781707580546502,21.005484620359262,2025-05-13 06:00:00,78,3.25,28.62
112,-11.781707580546502,21.005484620359262,2025-05-13 09:00:00,81,3.55,21.33
112,-11.781707580546502,21.005484620359262,2025-05-13 12:00:00,84,1.69,19.68
112,-11.781707580546502,21.005484620359262,2025-05-13 15:00:00,87,3.13,14.09
112,-11.781707580546502,21.005484620359262,2025-05-13 18:00:00,90,3.15,17.67
112,-11.781707580546502,21.005484620359262,2025-05-13 21:00:00,93,4.78,23.23
112,-11.781707580546502,21.005484620359262,2025-05-14 00:00:00,96,5.26,20.33
112,-11.781707580546502,21.005484620359262,2025-05-14 03:00:00,99,6.01,29.74
112,-11.781707580546502,21.005484620359262,2025-05-14 06:00:00,102,7.03,37.06
112,-11.781707580546502,21.005484620359262,2025-05-14 09:00:00,105,6.8,34.41
112,-11.781707580546502,21.005484620359262,2025-05-14 12:00:00,108,8.37,45.22
112,-11.781707580546502,21.005484620359262,2025-05-14 15:00:00,111,7.33,46.42
112,-11.781707580546502,21.005484620359262,2025-05-14 18:00:00,114,6.11,42.2
112,-11.781707580546502,21.005484620359262,2025-05-14 21:00:00,117,6.21,38.71
113,-11.868206349133285,21.24116257034011,2025-05-10 00:00:00,0,3.58,18.72
113,-11.868206349133285,21.24116257034011,2025-05-10 03:00:00,3,6.83,33.82
113,-11.868206349133285,21.24116257034011,2025-05-10 06:00:00,6,5.62,34.32
113,-11.868206349133285,21.24116257034011,2025-05-10 09:00:00,9,7.27,40.07
113,-11.868206349133285,21.24116257034011,2025-05-10 12:00:00,12,7.89,39.42
113,-11.868206349133285,21.24116257034011,2025-05-10 15:00:00,15,7.66,44.69
113,-11.868206349133285,21.24116257034011,2025-05-10 18:00:00,18,5.56,37.32
113,-11.868206349133285,21.24116257034011,2025-05-10 21:00:00,21,6.58,42.82
113,-11.868206349133285,21.24116257034011,2025-05-11 00:00:00,24,3.71,33.61
113,-11.868206349133285,21.24116257034011,2025-05-11 03:00:00,27,4.2,35.84
113,-11.868206349133285,21.24116257034011,2025-05-11 06:00:00,30,1.0,23.7
113,-11.868206349133285,21.24116257034011,2025-05-11 09:00:00,33,3.5,24.07
113,-11.868206349133285,21.24116257034011,2025-05-11 12:00:00,36,0.38,9.93
113,-11.868206349133285,21.24116257034011,2025-05-11 15:00:00,39,4.03,20.27
113,-11.868206349133285,21.24116257034011,2025-05-11 18:00:00,42,4.71,16.84
113,-11.868206349133285,21.24116257034011,2025-05-11 21:00:00,45,4.42,21.1
113,-11.868206349133285,21.24116257034011,2025-05-12 00:00:00,48,5.88,20.77
113,-11.868206349133285,21.24116257034011,2025-05-12 03:00:00,51,4.44,26.54
113,-11.868206349133285,21.24116257034011,2025-05-12 06:00:00,54,8.34,33.97
113,-11.868206349133285,21.24116257034011,2025-05-12 09:00:00,57,7.12,37.44
113,-11.868206349133285,21.24116257034011,2025-05-12 12:00:00,60,7.52,45.38
113,-11.868206349133285,21.24116257034011,2025-05-12 15:00:00,63,7.97,43.58
113,-11.868206349133285,21.24116257034011,2025-05-12 18:00:00,66,8.58,46.3
113,-11.868206349133285,21.24116257034011,2025-05-12 21:00:00,69,5.71,41.82
113,-11.868206349133285,21.24116257034011,2025-05-13 00:00:00,72,6.14,39.99
113,-11.868206349133285,21.24116257034011,2025-05-13 03:00:00,75,2.14,29.89
113,-11.868206349133285,21.24116257034011,2025-05-13 06:00:00,78,4.35,26.07
113,-11.868206349133285,21.24116257034011,2025-05-13 09:00:00,81,1.73,23.35
113,-11.868206349133285,21.24116257034011,2025-05-13 12:00:00,84,3.8,22.44
113,-11.868206349133285,21.24116257034011,2025-05-13 15:00:00,87,1.18,12.73
113,-11.868206349133285,21.24116257034011,2025-05-13 18:00:00,90,4.79,20.54
113,-11.868206349133285,21.24116257034011,2025-05-13 21:00:00,93,3.61,18.59
113,-11.868206349133285,21.24116257034011,2025-05-14 00:00:00,96,5.17,23.32
113,-11.868206349133285,21.24116257034011,2025-05-14 03:00:00,99,7.0,26.93
113,-11.868206349133285,21.24116257034011,2025-05-14 06:00:00,102,7.44,35.87
113,-11.868206349133285,21.24116257034011,2025-05-14 09:00:00,105,9.21,45.14
113,-11.868206349133285,21.24116257034011,2025-05-14 12:00:00,108,8.1,42.28
113,-11.868206349133285,21.24116257034011,2025-05-14 15:00:00,111,7.9,41.5
113,-11.868206349133285,21.24116257034011,2025-05-14 18:00:00,114,9.06,51.82
113,-11.868206349133285,21.24116257034011,2025-05-14 21:00:00,117,6.27,41.06
114,-11.740007615957548,21.680438699876152,2025-05-10 00:00:00,0,5.45,26.86
114,-11.740007615957548,21.680438699876152,2025-05-10 03:00:00,3,6.54,30.09
114,-11.740007615957548,21.680438699876152,2025-05-10 06:00:00,6,6.3,34.95
114,-11.740007615957548,21.680438699876152,2025-05-10 09:00:00,9,8.95,41.11
114,-11.740007615957548,21.680438699876152,2025-05-10 12:00:00,12,8.61,43.36
114,-11.740007615957548,21.680438699876152,2025-05-10 15:00:00,15,7.54,42.61
114,-11.740007615957548,21.680438699876152,2025-05-10 18:00:00,18,6.01,45.66
114,-11.740007615957548,21.680438699876152,2025-05-10 21:00:00,21,5.1,35.52
114,-11.740007615957548,21.680438699876152,2025-05-11 00:00:00,24,4.72,37.06
114,-11.740007615957548,21.680438699876152,2025-05-11 03:00:00,27,2.62,25.1
114,-11.740007615957548,21.680438699876152,2025-05-11 06:00:00,30,4.48,31.7
114,-11.740007615957548,21.680438699876152,2025-05-11 09:00:00,33,3.72,26.09
114,-11.740007615957548,21.680438699876152,2025-05-11 12:00:00,36,0.64,15.82
114,-11.740007615957548,21.680438699876152,2025-05-11 15:00:00,39,0.48,14.41
114,-11.740007615957548,21.680438699876152,2025-05-11 18:00:00,42,1.36,9.05
114,-11.740007615957548,21.680438699876152,2025-05-11 21:00:00,45,3.69,15.89
114,-11.740007615957548,21.680438699876152,2025-05-12 00:00:00,48,4.98,19.94
114,-11.740007615957548,21.680438699876152,2025-05-12 03:00:00,51,5.91,30.16
114,-11.740007615957548,21.680438699876152,2025-05-12 06:00:00,54,8.45,35.7
114,-11.740007615957548,21.680438699876152,2025-05-12 09:00:00,57,9.65,46.34
114,-11.740007615957548,21.680438699876152,2025-05-12 12:00:00,60,8.26,41.15
114,-11.740007615957548,21.680438699876152,2025-05-12 15:00:00,63,6.88,44.64
114,-11.740007615957548,21.680438699876152,2025-05-12 18:00:00,66,6.81,43.35
114,-11.740007615957548,21.680438699876152,2025-05-12 21:00:00,69,4.79,35.28
114,-11.740007615957548,21.680438699876152,2025-05-13 00:00:00,72,3.18,33.39
114,-11.740007615957548,21.680438699876152,2025-05-13 03:00:00,75,4.29,36.1
114,-11.740007615957548,21.680438699876152,2025-05-13 06:00:00,78,2.16,27.28
114,-11.740007615957548,21.680438699876152,2025-05-13 09:00:00,81,1.35,22.37
114,-11.740007615957548,21.680438699876152,2025-05-13 12:00:00,84,0.15,11.05
114,-11.740007615957548,21.680438699876152,2025-05-13 15:00:00,87,3.4,16.34
114,-11.740007615957548,21.680438699876152,2025-05-13 18:00:00,90,4.0,15.1
114,-11.740007615957548,21.680438699876152,2025-05-13 21:00:00,93,4.92,17.07
114,-11.740007615957548,21.680438699876152,2025-05-14 00:00:00,96,6.61,22.58
114,-11.740007615957548,21.680438699876152,2025-05-14 03:00:00,99,7.5,34.5
114,-11.740007615957548,21.680438699876152,2025-05-14 06:00:00,102,6.41,29.58
114,-11.740007615957548,21.680438699876152,2025-05-14 09:00:00,105,6.57,36.53
114,-11.740007615957548,21.680438699876152,2025-05-14 12:00:00,108,6.4,40.54
114,-11.740007615957548,21.680438699876152,2025-05-14 15:00:00,111,8.87,43.83
114,-11.740007615957548,21.680438699876152,2025-05-14 18:00:00,114,7.77,42.39
114,-11.740007615957548,21.680438699876152,2025-05-14 21:00:00,117,5.06,37.23
115,-11.366716669770721,21.312021512933768,2025-05-10 00:00:00,0,4.39,22.11
115,-11.366716669770721,21.312021512933768,2025-05-10 03:00:00,3,6.72,26.05
115,-11.366716669770721,21.312021512933768,2025-05-10 06:00:00,6,6.9,34.28
115,-11.366716669770721,21.312021512933768,2025-05-10 09:00:00,9,8.07,41.05
115,-11.366716669770721,21.312021512933768,2025-05-10 12:00:00,12,8.24,44.77
115,-11.366716669770721,21.312021512933768,2025-05-10 15:00:00,15,8.8,47.84
115,-11.366716669770721,21.312021512933768,2025-05-10 18:00:00,18,5.93,39.11
115,-11.366716669770721,21.312021512933768,2025-05-10 21:00:00,21,4.82,35.93
115,-11.366716669770721,21.312021512933768,2025-05-11 00:00:00,24,4.19,36.35
115,-11.366716669770721,21.312021512933768,2025-05-11 03:00:00,27,5.41,32.95
115,-11.366716669770721,21.312021512933768,2025-05-11 06:00:00,30,3.63,23.97
115,-11.366716669770721,21.312021512933768,2025-05-11 09:00:00,33,1.33,22.06
115,-11.366716669770721,21.312021512933768,2025-05-11 12:00:00,36,2.75,15.23
115,-11.366716669770721,21.312021512933768,2025-05-11 15:00:00,39,2.68,14.07
115,-11.366716669770721,21.312021512933768,2025-05-11 18:00:00,42,3.45,13.66
115,-11.366716669770721,21.312021512933768,2025-05-11 21:00:00,45,3.73,18.84
115,-11.366716669770721,21.312021512933768,2025-05-12 00:00:00,48,3.28,20.27
115,-11.366716669770721,21.312021512933768,2025-05-12 03:00:00,51,4.78,29.22
115,-11.366716669770721,21.312021512933768,2025-05-12 06:00:00,54,6.16,34.85
115,-11.366716669770721,21.312021512933768,2025-05-12 09:00:00,57,7.8,37.6
115,-11.366716669770721,21.312021512933768,2025-05-12 12:00:00,60,9.67,50.32
115,-11.366716669770721,21.312021512933768,2025-05-12 15:00:00,63,6.27,38.49
115,-11.366716669770721,21.312021512933768,2025-05-12 18:00:00,66,7.87,43.61
115,-11.366716669770721,21.312021512933768,2025-05-12 21:00:00,69,4.26,35.34
115,-11.366716669770721,21.312021512933768,2025-05-13 00:00:00,72,4.64,40.21
115,-11.366716669770721,21.312021512933768,2025-05-13 03:00:00,75,5.42,30.94
115,-11.366716669770721,21.312021512933768,2025-05-13 06:00:00,78,2.93,29.52
115,-11.366716669770721,21.312021512933768,2025-05-13 09:00:00,81,3.13,23.25
115,-11.366716669770721,21.312021512933768,2025-05-13 12:00:00,84,3.31,17.29
115,-11.366716669770721,21.312021512933768,2025-05-13 15:00:00,87,1.93,13.31
115,-11.366716669770721,21.312021512933768,2025-05-13 18:00:00,90,2.0,14.79
115,-11.366716669770721,21.312021512933768,2025-05-13 21:00:00,93,3.88,22.46
115,-11.366716669770721,21.312021512933768,2025-05-14 00:00:00,96,3.66,22.59
115,-11.366716669770721,21.312021512933768,2025-05-14 03:00:00,99,7.56,35.19
115,-11.366716669770721,21.312021512933768,2025-05-14 06:00:00,102,6.78,33.16
115,-11.366716669770721,21.312021512933768,2025-05-14 09:00:00,105,7.92,42.65
115,-11.366716669770721,21.312021512933768,2025-05-14 12:00:00,108,6.58,39.99
115,-11.366716669770721,21.312021512933768,2025-05-14 15:00:00,111,7.33,44.27
115,-11.366716669770721,21.312021512933768,2025-05-14 18:00:00,114,8.64,43.63
115,-11.366716669770721,21.312021512933768,2025-05-14 21:00:00,117,5.23,35.91
116,-11.846950375749293,21.463037952320168,2025-05-10 00:00:00,0,5.62,22.45
116,-11.846950375749293,21.463037952320168,2025-05-10 03:00:00,3,4.79,22.34
116,-11.846950375749293,21.463037952320168,2025-05-10 06:00:00,6,5.57,32.89
116,-11.846950375749293,21.463037952320168,2025-05-10 09:00:00,9,6.11,39.8
116,-11.846950375749293,21.463037952320168,2025-05-10 12:00:00,12,6.78,40.61
116,-11.846950375749293,21.463037952320168,2025-05-10 15:00:00,15,8.08,46.5
116,-11.846950375749293,21.463037952320168,2025-05-10 18:00:00,18,7.47,42.37
116,-11.846950375749293,21.463037952320168,2025-05-10 21:00:00,21,7.59,42.24
116,-11.846950375749293,21.463037952320168,2025-05-11 00:00:00,24,3.38,33.98
116,-11.846950375749293,21.463037952320168,2025-05-11 03:00:00,27,5.84,37.46
116,-11.846950375749293,21.463037952320168,2025-05-11 06:00:00,30,2.01,23.3
116,-11.846950375749293,21.463037952320168,2025-05-11 09:00:00,33,0.4,14.36
116,-11.846950375749293,21.463037952320168,2025-05-11 12:00:00,36,0.64,10.37
116,-11.846950375749293,21.463037952320168,2025-05-11 15:00:00,39,3.01,15.52
116,-11.846950375749293,21.463037952320168,2025-05-11 18:00:00,42,4.58,20.42
116,-11.846950375749293,21.463037952320168,2025-05-11 21:00:00,45,4.52,18.44
116,-11.846950375749293,21.463037952320168,2025-05-12 00:00:00,48,5.57,24.58
116,-11.846950375749293,21.463037952320168,2025-05-12 03:00:00,51,7.83,31.55
116,-11.846950375749293,21.463037952320168,2025-05-12 06:00:00,54,8.05,35.87
116,-11.846950375749293,21.463037952320168,2025-05-12 09:00:00,57,7.47,40.96
116,-11.846950375749293,21.463037952320168,2025-05-12 12:00:00,60,6.74,40.35
116,-11.846950375749293,21.463037952320168,2025-05-12 15:00:00,63,8.13,49.03
116,-11.846950375749293,21.463037952320168,2025-05-12 18:00:00,66,8.42,50.83
116,-11.846950375749293,21.463037952320168,2025-05-12 21:00:00,69,6.76,43.97
116,-11.846950375749293,21.463037952320168,2025-05-13 00:00:00,72,6.06,37.98
116,-11.846950375749293,21.463037952320168,2025-05-13 03:00:00,75,5.36,35.82
116,-11.846950375749293,21.463037952320168,2025-05-13 06:00:00,78,1.17,26.14
116,-11.846950375749293,21.463037952320168,2025-05-13 09:00:00,81,2.99,22.83
116,-11.846950375749293,21.463037952320168,2025-05-13 12:00:00,84,0.55,12.88
116,-11.846950375749293,21.463037952320168,2025-05-13 15:00:00,87,0.74,15.77
116,-11.846950375749293,21.463037952320168,2025-05-13 18:00:00,90,2.18,17.44
116,-11.846950375749293,21.463037952320168,2025-05-13 21:00:00,93,4.54,17.59
116,-11.846950375749293,21.463037952320168,2025-05-14 00:00:00,96,4.66,18.26
116,-11.846950375749293,21.463037952320168,2025-05-14 03:00:00,99,5.44,24.45
116,-11.846950375749293,21.463037952320168,2025-05-14 06:00:00,102,6.82,30.88
116,-11.846950375749293,21.463037952320168,2025-05-14 09:00:00,105,7.62,40.15
116,-11.846950375749293,21.463037952320168,2025-05-14 12:00:00,108,6.41,40.18
116,-11.846950375749293,21.463037952320168,2025-05-14 15:00:00,111,8.88,48.24
116,-11.846950375749293,21.463037952320168,2025-05-14 18:00:00,114,5.78,41.39
116,-11.846950375749293,21.463037952320168,2025-05-14 21:00:00,117,4.53,41.44
117,-11.473188718852397,21.6340340786058,2025-05-10 00:00:00,0,5.03,20.88
117,-11.473188718852397,21.6340340786058,2025-05-10 03:00:00,3,7.37,30.03
117,-11.473188718852397,21.6340340786058,2025-05-10 06:00:00,6,8.51,33.95
117,-11.473188718852397,21.6340340786058,2025-05-10 09:00:00,9,6.46,38.23
117,-11.473188718852397,21.6340340786058,2025-05-10 12:00:00,12,8.29,42.52
117,-11.473188718852397,21.6340340786058,2025-05-10 15:00:00,15,6.75,46.09
117,-11.473188718852397,21.6340340786058,2025-05-10 18:00:00,18,8.44,48.63
117,-11.473188718852397,21.6340340786058,2025-05-10 21:00:00,21,6.1,39.21
117,-11.473188718852397,21.6340340786058,2025-05-11 00:00:00,24,6.33,37.22
117,-11.473188718852397,21.6340340786058,2025-05-11 03:00:00,27,5.4,34.77
117,-11.473188718852397,21.6340340786058,2025-05-11 06:00:00,30,3.75,26.68
117,-11.473188718852397,21.6340340786058,2025-05-11 09:00:00,33,3.59,20.76
117,-11.473188718852397,21.6340340786058,2025-05-11 12:00:00,36,2.95,18.3
117,-11.473188718852397,21.6340340786058,2025-05-11 15:00:00,39,0.86,9.76
117,-11.473188718852397,21.6340340786058,2025-05-11 18:00:00,42,2.66,12.51
117,-11.473188718852397,21.6340340786058,2025-05-11 21:00:00,45,2.53,19.55
117,-11.473188718852397,21.6340340786058,2025-05-12 00:00:00,48,6.28,21.64
117,-11.473188718852397,21.6340340786058,2025-05-12 03:00:00,51,7.85,30.53
117,-11.473188718852397,21.6340340786058,2025-05-12 06:00:00,54,6.04,30.83
117,-11.473188718852397,21.6340340786058,2025-05-12 09:00:00,57,6.36,36.78
117,-11.473188718852397,21.6340340786058,2025-05-12 12:00:00,60,9.41,48.39
117,-11.473188718852397,21.6340340786058,2025-05-12 15:00:00,63,6.1,40.79
117,-11.473188718852397,21.6340340786058,2025-05-12 18:00:00,66,8.53,50.48
117,-11.473188718852397,21.6340340786058,2025-05-12 21:00:00,69,5.53,42.94
117,-11.473188718852397,21.6340340786058,2025-05-13 00:00:00,72,3.09,32.61
117,-11.473188718852397,21.6340340786058,2025-05-13 03:00:00,75,3.12,32.28
117,-11.473188718852397,21.6340340786058,2025-05-13 06:00:00,78,3.71,25.12
117,-11.473188718852397,21.6340340786058,2025-05-13 09:00:00,81,2.09,17.41
117,-11.473188718852397,21.6340340786058,2025-05-13 12:00:00,84,0.85,14.17
117,-11.473188718852397,21.6340340786058,2025-05-13 15:00:00,87,2.47,12.5
117,-11.473188718852397,21.6340340786058,2025-05-13 18:00:00,90,4.87,19.13
117,-11.473188718852397,21.6340340786058,2025-05-13 21:00:00,93,2.47,16.34
117,-11.473188718852397,21.6340340786058,2025-05-14 00:00:00,96,3.98,24.86
117,-11.473188718852397,21.6340340786058,2025-05-14 03:00:00,99,5.5,26.82
117,-11.473188718852397,21.6340340786058,2025-05-14 06:00:00,102,6.71,36.92
117,-11.473188718852397,21.6340340786058,2025-05-14 09:00:00,105,7.92,37.97
117,-11.473188718852397,21.6340340786058,2025-05-14 12:00:00,108,6.77,44.57
117,-11.473188718852397,21.6340340786058,2025-05-14 15:00:00,111,7.83,43.53
117,-11.473188718852397,21.6340340786058,2025-05-14 18:00:00,114,6.01,41.58
117,-11.473188718852397,21.6340340786058,2025-05-14 21:00:00,117,6.49,45.49
118,-11.772603609013924,21.182026372889904,2025-05-10 00:00:00,0,6.87,25.67
118,-11.772603609013924,21.182026372889904,2025-05-10 03:00:00,3,7.66,33.51
118,-11.772603609013924,21.182026372889904,2025-05-10 06:00:00,6,9.01,39.49
118,-11.772603609013924,21.182026372889904,2025-05-10 09:00:00,9,7.72,40.03
118,-11.772603609013924,21.182026372889904,2025-05-10 12:00:00,12,9.18,44.11
118,-11.772603609013924,21.182026372889904,2025-05-10 15:00:00,15,8.95,47.48
118,-11.772603609013924,21.182026372889904,2025-05-10 18:00:00,18,7.92,41.85
118,-11.772603609013924,21.182026372889904,2025-05-10 21:00:00,21,4.92,41.44
118,-11.772603609013924,21.182026372889904,2025-05-11 00:00:00,24,4.04,33.44
118,-11.772603609013924,21.182026372889904,2025-05-11 03:00:00,27,3.03,28.89
118,-11.772603609013924,21.182026372889904,2025-05-11 06:00:00,30,0.9,21.35
118,-11.772603609013924,21.182026372889904,2025-05-11 09:00:00,33,1.2,20.65
118,-11.772603609013924,21.182026372889904,2025-05-11 12:00:00,36,0.93,11.43
118,-11.772603609013924,21.182026372889904,2025-05-11 15:00:00,39,1.68,18.03
118,-11.772603609013924,21.182026372889904,2025-05-11 18:00:00,42,4.08,18.33
118,-11.772603609013924,21.182026372889904,2025-05-11 21:00:00,45,2.34,18.53
118,-11.772603609013924,21.182026372889904,2025-05-12 00:00:00,48,3.48,20.95
118,-11.772603609013924,21.182026372889904,2025-05-12 03:00:00,51,5.71,25.37
118,-11.772603609013924,21.182026372889904,2025-05-12 06:00:00,54,6.77,33.5
118,-11.772603609013924,21.182026372889904,2025-05-12 09:00:00,57,8.51,42.51
118,-11.772603609013924,21.182026372889904,2025-05-12 12:00:00,60,6.22,37.21
118,-11.772603609013924,21.182026372889904,2025-05-12 15:00:00,63,7.36,46.21
118,-11.772603609013924,21.182026372889904,2025-05-12 18:00:00,66,7.65,42.64
118,-11.772603609013924,21.182026372889904,2025-05-12 21:00:00,69,6.17,38.33
118,-11.772603609013924,21.182026372889904,2025-05-13 00:00:00,72,5.45,36.84
118,-11.772603609013924,21.182026372889904,2025-05-13 03:00:00,75,5.26,34.85
118,-11.772603609013924,21.182026372889904,2025-05-13 06:00:00,78,2.73,27.78
118,-11.772603609013924,21.182026372889904,2025-05-13 09:00:00,81,3.07,19.68
118,-11.772603609013924,21.182026372889904,2025-05-13 12:00:00,84,2.7,19.82
118,-11.772603609013924,21.182026372889904,2025-05-13 15:00:00,87,3.06,15.54
118,-11.772603609013924,21.182026372889904,2025-05-13 18:00:00,90,1.35,11.79
118,-11.772603609013924,21.182026372889904,2025-05-13 21:00:00,93,2.61,12.76
118,-11.772603609013924,21.182026372889904,2025-05-14 00:00:00,96,6.7,26.89
118,-11.772603609013924,21.182026372889904,2025-05-14 03:00:00,99,6.49,32.72
118,-11.772603609013924,21.182026372889904,2025-05-14 06:00:00,102,5.73,28.73
118,-11.772603609013924,21.182026372889904,2025-05-14 09:00:00,105,5.78,35.88
118,-11.772603609013924,21.182026372889904,2025-05-14 12:00:00,108,6.59,39.29
118,-11.772603609013924,21.182026372889904,2025-05-14 15:00:00,111,7.82,41.09
118,-11.772603609013924,21.182026372889904,2025-05-14 18:00:00,114,7.19,47.82
118,-11.772603609013924,21.182026372889904,2025-05-14 21:00:00,117,5.63,40.87
119,-11.936822725310448,21.532257613737276,2025-05-10 00:00:00,0,6.56,27.44
119,-11.936822725310448,21.532257613737276,2025-05-10 03:00:00,3,7.46,31.61
119,-11.936822725310448,21.532257613737276,2025-05-10 06:00:00,6,6.82,30.02
119,-11.936822725310448,21.532257613737276,2025-05-10 09:00:00,9,6.44,35.19
119,-11.936822725310448,21.532257613737276,2025-05-10 12:00:00,12,9.32,47.74
119,-11.936822725310448,21.532257613737276,2025-05-10 15:00:00,15,9.75,51.62
119,-11.936822725310448,21.532257613737276,2025-05-10 18:00:00,18,6.16,45.09
119,-11.936822725310448,21.532257613737276,2025-05-10 21:00:00,21,6.79,41.85
119,-11.936822725310448,21.532257613737276,2025-05-11 00:00:00,24,6.25,38.33
119,-11.936822725310448,21.532257613737276,2025-05-11 03:00:00,27,2.88,32.84
119,-11.936822725310448,21.532257613737276,2025-05-11 06:00:00,30,1.24,25.28
119,-11.936822725310448,21.532257613737276,2025-05-11 09:00:00,33,2.2,19.28
119,-11.936822725310448,21.532257613737276,2025-05-11 12:00:00,36,0.05,15.64
119,-11.936822725310448,21.532257613737276,2025-05-11 15:00:00,39,3.5,18.36
119,-11.936822725310448,21.532257613737276,2025-05-11 18:00:00,42,4.83,19.29
119,-11.936822725310448,21.532257613737276,2025-05-11 21:00:00,45,3.37,19.54
119,-11.936822725310448,21.532257613737276,2025-05-12 00:00:00,48,3.87,19.96
119,-11.936822725310448,21.532257613737276,2025-05-12 03:00:00,51,4.29,22.71
119,-11.936822725310448,21.532257613737276,2025-05-12 06:00:00,54,8.06,37.45
119,-11.936822725310448,21.532257613737276,2025-05-12 09:00:00,57,5.87,36.6
119,-11.936822725310448,21.532257613737276,2025-05-12 12:00:00,60,7.59,44.68
119,-11.936822725310448,21.532257613737276,2025-05-12 15:00:00,63,6.73,39.67
119,-11.936822725310448,21.532257613737276,2025-05-12 18:00:00,66,8.73,49.5
119,-11.936822725310448,21.532257613737276,2025-05-12 21:00:00,69,8.11,44.52
119,-11.936822725310448,21.532257613737276,2025-05-13 00:00:00,72,4.06,33.48
119,-11.936822725310448,21.532257613737276,2025-05-13 03:00:00,75,2.47,31.87
119,-11.936822725310448,21.532257613737276,2025-05-13 06:00:00,78,2.27,26.48
119,-11.936822725310448,21.532257613737276,2025-05-13 09:00:00,81,2.73,24.12
119,-11.936822725310448,21.532257613737276,2025-05-13 12:00:00,84,2.69,20.76
119,-11.936822725310448,21.532257613737276,2025-05-13 15:00:00,87,0.69,9.41
119,-11.936822725310448,21.532257613737276,2025-05-13 18:00:00,90,1.51,9.22
119,-11.936822725310448,21.532257613737276,2025-05-13 21:00:00,93,3.63,21.5
119,-11.936822725310448,21.532257613737276,2025-05-14 00:00:00,96,4.72,23.54
119,-11.936822725310448,21.532257613737276,2025-05-14 03:00:00,99,6.76,33.19
119,-11.936822725310448,21.532257613737276,2025-05-14 06:00:00,102,6.57,35.95
119,-11.936822725310448,21.532257613737276,2025-05-14 09:00:00,105,8.57,43.68
119,-11.936822725310448,21.532257613737276,2025-05-14 12:00:00,108,6.46,43.57
119,-11.936822725310448,21.532257613737276,2025-05-14 15:00:00,111,8.5,46.01
119,-11.936822725310448,21.532257613737276,2025-05-14 18:00:00,114,6.36,41.25
119,-11.936822725310448,21.532257613737276,2025-05-14 21:00:00,117,6.92,40.57
120,-11.95480151103973,21.288935286049316,2025-05-10 00:00:00,0,3.05,16.05
120,-11.95480151103973,21.288935286049316,2025-05-10 03:00:00,3,7.48,32.13
120,-11.95480151103973,21.288935286049316,2025-05-10 06:00:00,6,6.52,30.39
120,-11.95480151103973,21.288935286049316,2025-05-10 09:00:00,9,6.32,32.77
120,-11.95480151103973,21.288935286049316,2025-05-10 12:00:00,12,6.36,41.94
120,-11.95480151103973,21.288935286049316,2025-05-10 15:00:00,15,9.41,51.94
120,-11.95480151103973,21.288935286049316,2025-05-10 18:00:00,18,7.19,40.48
120,-11.95480151103973,21.288935286049316,2025-05-10 21:00:00,21,5.09,43.4
120,-11.95480151103973,21.288935286049316,2025-05-11 00:00:00,24,5.4,39.47
120,-11.95480151103973,21.288935286049316,2025-05-11 03:00:00,27,5.02,35.91
120,-11.95480151103973,21.288935286049316,2025-05-11 06:00:00,30,3.12,28.11
120,-11.95480151103973,21.288935286049316,2025-05-11 09:00:00,33,2.89,18.81
120,-11.95480151103973,21.288935286049316,2025-05-11 12:00:00,36,2.31,17.4
120,-11.95480151103973,21.288935286049316,2025-05-11 15:00:00,39,2.31,17.26
120,-11.95480151103973,21.288935286049316,2025-05-11 18:00:00,42,4.14,21.57
120,-11.95480151103973,21.288935286049316,2025-05-11 21:00:00,45,4.71,16.23
120,-11.95480151103973,21.288935286049316,2025-05-12 00:00:00,48,5.63,27.77
120,-11.95480151103973,21.288935286049316,2025-05-12 03:00:00,51,5.43,28.96
120,-11.95480151103973,21.288935286049316,2025-05-12 06:00:00,54,7.62,37.97
120,-11.95480151103973,21.288935286049316,2025-05-12 09:00:00,57,9.08,41.67
120,-11.95480151103973,21.288935286049316,2025-05-12 12:00:00,60,9.04,47.04
120,-11.95480151103973,21.288935286049316,2025-05-12 15:00:00,63,7.94,43.28
120,-11.95480151103973,21.288935286049316,2025-05-12 18:00:00,66,7.69,44.03
120,-11.95480151103973,21.288935286049316,2025-05-12 21:00:00,69,6.46,45.14
120,-11.95480151103973,21.288935286049316,2025-05-13 00:00:00,72,3.35,30.34
120,-11.95480151103973,21.288935286049316,2025-05-13 03:00:00,75,3.49,27.51
120,-11.95480151103973,21.288935286049316,2025-05-13 06:00:00,78,2.68,29.35
120,-11.95480151103973,21.288935286049316,2025-05-13 09:00:00,81,1.63,22.72
120,-11.95480151103973,21.288935286049316,2025-05-13 12:00:00,84,1.86,13.4
120,-11.95480151103973,21.288935286049316,2025-05-13 15:00:00,87,3.11,14.98
120,-11.95480151103973,21.288935286049316,2025-05-13 18:00:00,90,3.37,12.77
120,-11.95480151103973,21.288935286049316,2025-05-13 21:00:00,93,5.39,19.16
120,-11.95480151103973,21.288935286049316,2025-05-14 00:00:00,96,3.53,16.3
120,-11.95480151103973,21.288935286049316,2025-05-14 03:00:00,99,7.54,30.01
120,-11.95480151103973,21.288935286049316,2025-05-14 06:00:00,102,5.17,30.29
120,-11.95480151103973,21.288935286049316,2025-05-14 09:00:00,105,6.97,37.66
120,-11.95480151103973,21.288935286049316,2025-05-14 12:00:00,108,6.81,41.2
120,-11.95480151103973,21.288935286049316,2025-05-14 15:00:00,111,8.21,46.6
120,-11.95480151103973,21.288935286049316,2025-05-14 18:00:00,114,5.67,39.21
120,-11.95480151103973,21.288935286049316,2025-05-14 21:00:00,117,6.22,43.33
121,-11.85659084042609,21.745436232138562,2025-05-10 00:00:00,0,6.41,29.61
121,-11.85659084042609,21.745436232138562,2025-05-10 03:00:00,3,5.45,26.43
121,-11.85659084042609,21.745436232138562,2025-05-10 06:00:00,6,6.88,35.63
121,-11.85659084042609,21.745436232138562,2025-05-10 09:00:00,9,7.27,35.71
121,-11.85659084042609,21.745436232138562,2025-05-10 12:00:00,12,8.82,47.62
121,-11.85659084042609,21.745436232138562,2025-05-10 15:00:00,15,7.41,47.48
121,-11.85659084042609,21.745436232138562,2025-05-10 18:00:00,18,7.46,41.56
121,-11.85659084042609,21.745436232138562,2025-05-10 21:00:00,21,5.82,44.35
121,-11.85659084042609,21.745436232138562,2025-05-11 00:00:00,24,3.29,29.67
121,-11.85659084042609,21.745436232138562,2025-05-11 03:00:00,27,3.2,33.22
121,-11.85659084042609,21.745436232138562,2025-05-11 06:00:00,30,1.14,19.99
121,-11.85659084042609,21.745436232138562,2025-05-11 09:00:00,33,3.51,22.17
121,-11.85659084042609,21.745436232138562,2025-05-11 12:00:00,36,2.12,16.65
121,-11.85659084042609,21.745436232138562,2025-05-11 15:00:00,39,2.57,16.61
121,-11.85659084042609,21.745436232138562,2025-05-11 18:00:00,42,1.1,10.42
121,-11.85659084042609,21.745436232138562,2025-05-11 21:00:00,45,5.05,22.38
121,-11.85659084042609,21.745436232138562,2025-05-12 00:00:00,48,5.69,26.36
121,-11.85659084042609,21.745436232138562,2025-05-12 03:00:00,51,7.31,29.65
121,-11.85659084042609,21.745436232138562,2025-05-12 06:00:00,54,5.75,30.65
121,-11.85659084042609,21.745436232138562,2025-05-12 09:00:00,57,7.93,41.9
121,-11.85659084042609,21.745436232138562,2025-05-12 12:00:00,60,6.07,37.83
121,-11.85659084042609,21.745436232138562,2025-05-12 15:00:00,63,7.47,40.44
121,-11.85659084042609,21.745436232138562,2025-05-12 18:00:00,66,6.42,46.19
121,-11.85659084042609,21.745436232138562,2025-05-12 21:00:00,69,4.2,41.1
121,-11.85659084042609,21.745436232138562,2025-05-13 00:00:00,72,4.77,40.43
121,-11.85659084042609,21.745436232138562,2025-05-13 03:00:00,75,2.43,27.41
121,-11.85659084042609,21.745436232138562,2025-05-13 06:00:00,78,4.46,28.1
121,-11.85659084042609,21.745436232138562,2025-05-13 09:00:00,81,3.92,21.82
121,-11.85659084042609,21.745436232138562,2025-05-13 12:00:00,84,1.74,14.89
121,-11.85659084042609,21.745436232138562,2025-05-13 15:00:00,87,3.2,16.43
121,-11.85659084042609,21.745436232138562,2025-05-13 18:00:00,90,2.81,13.51
121,-11.85659084042609,21.745436232138562,2025-05-13 21:00:00,93,5.42,25.34
121,-11.85659084042609,21.745436232138562,2025-05-14 00:00:00,96,5.78,22.33
121,-11.85659084042609,21.745436232138562,2025-05-14 03:00:00,99,5.95,30.31
121,-11.85659084042609,21.745436232138562,2025-05-14 06:00:00,102,6.65,36.81
121,-11.85659084042609,21.745436232138562,2025-05-14 09:00:00,105,6.09,38.04
121,-11.85659084042609,21.745436232138562,2025-05-14 12:00:00,108,9.02,47.67
121,-11.85659084042609,21.745436232138562,2025-05-14 15:00:00,111,6.49,40.21
121,-11.85659084042609,21.745436232138562,2025-05-14 18:00:00,114,8.28,46.71
121,-11.85659084042609,21.745436232138562,2025-05-14 21:00:00,117,5.93,41.91
122,-11.3252094747656,21.32377714411961,2025-05-10 00:00:00,0,3.58,18.58
122,-11.3252094747656,21.32377714411961,2025-05-10 03:00:00,3,4.38,23.25
122,-11.3252094747656,21.32377714411961,2025-05-10 06:00:00,6,7.77,37.65
122,-11.3252094747656,21.32377714411961,2025-05-10 09:00:00,9,6.45,39.45
122,-11.3252094747656,21.32377714411961,2025-05-10 12:00:00,12,7.83,39.45
122,-11.3252094747656,21.32377714411961,2025-05-10 15:00:00,15,8.56,43.44
122,-11.3252094747656,21.32377714411961,2025-05-10 18:00:00,18,6.64,42.93
122,-11.3252094747656,21.32377714411961,2025-05-10 21:00:00,21,5.36,39.9
122,-11.3252094747656,21.32377714411961,2025-05-11 00:00:00,24,4.07,34.38
122,-11.3252094747656,21.32377714411961,2025-05-11 03:00:00,27,1.91,24.11
122,-11.3252094747656,21.32377714411961,2025-05-11 06:00:00,30,1.11,25.24
122,-11.3252094747656,21.32377714411961,2025-05-11 09:00:00,33,2.38,17.87
122,-11.3252094747656,21.32377714411961,2025-05-11 12:00:00,36,0.18,16.53
122,-11.3252094747656,21.32377714411961,2025-05-11 15:00:00,39,1.34,10.25
122,-11.3252094747656,21.32377714411961,2025-05-11 18:00:00,42,1.62,14.32
122,-11.3252094747656,21.32377714411961,2025-05-11 21:00:00,45,4.66,18.16
122,-11.3252094747656,21.32377714411961,2025-05-12 00:00:00,48,3.44,22.39
122,-11.3252094747656,21.32377714411961,2025-05-12 03:00:00,51,5.93,30.53
122,-11.3252094747656,21.32377714411961,2025-05-12 06:00:00,54,8.86,36.41
122,-11.3252094747656,21.32377714411961,2025-05-12 09:00:00,57,6.64,36.96
122,-11.3252094747656,21.32377714411961,2025-05-12 12:00:00,60,6.02,38.89
122,-11.3252094747656,21.32377714411961,2025-05-12 15:00:00,63,6.23,39.67
122,-11.3252094747656,21.32377714411961,2025-05-12 18:00:00,66,8.5,45.22
122,-11.3252094747656,21.32377714411961,2025-05-12 21:00:00,69,4.59,37.89
122,-11.3252094747656,21.32377714411961,2025-05-13 00:00:00,72,5.53,34.97
122,-11.3252094747656,21.32377714411961,2025-05-13 03:00:00,75,3.68,30.28
122,-11.3252094747656,21.32377714411961,2025-05-13 06:00:00,78,4.46,26.6
122,-11.3252094747656,21.32377714411961,2025-05-13 09:00:00,81,1.77,19.3
122,-11.3252094747656,21.32377714411961,2025-05-13 12:00:00,84,2.43,14.99
122,-11.3252094747656,21.32377714411961,2025-05-13 15:00:00,87,0.29,11.97
122,-11.3252094747656,21.32377714411961,2025-05-13 18:00:00,90,3.62,19.7
122,-11.3252094747656,21.32377714411961,2025-05-13 21:00:00,93,1.89,15.4
122,-11.3252094747656,21.32377714411961,2025-05-14 00:00:00,96,6.17,25.36
122,-11.3252094747656,21.32377714411961,2025-05-14 03:00:00,99,5.33,29.82
122,-11.3252094747656,21.32377714411961,2025-05-14 06:00:00,102,9.0,36.04
122,-11.3252094747656,21.32377714411961,2025-05-14 09:00:00,105,8.92,43.08
122,-11.3252094747656,21.32377714411961,2025-05-14 12:00:00,108,8.86,43.48
122,-11.3252094747656,21.32377714411961,2025-05-14 15:00:00,111,7.06,45.63
122,-11.3252094747656,21.32377714411961,2025-05-14 18:00:00,114,8.87,46.82
122,-11.3252094747656,21.32377714411961,2025-05-14 21:00:00,117,6.4,44.35
123,-11.542204397746739,21.085219347188954,2025-05-10 00:00:00,0,5.69,22.46
123,-11.542204397746739,21.085219347188954,2025-05-10 03:00:00,3,4.84,22.67
123,-11.542204397746739,21.085219347188954,2025-05-10 06:00:00,6,5.3,26.95
123,-11.542204397746739,21.085219347188954,2025-05-10 09:00:00,9,7.21,39.79
123,-11.542204397746739,21.085219347188954,2025-05-10 12:00:00,12,9.51,43.08
123,-11.542204397746739,21.085219347188954,2025-05-10 15:00:00,15,7.72,48.12
123,-11.542204397746739,21.085219347188954,2025-05-10 18:00:00,18,8.32,42.7
123,-11.542204397746739,21.085219347188954,2025-05-10 21:00:00,21,4.84,40.92
123,-11.542204397746739,21.085219347188954,2025-05-11 00:00:00,24,4.39,33.66
123,-11.542204397746739,21.085219347188954,2025-05-11 03:00:00,27,5.31,35.71
123,-11.542204397746739,21.085219347188954,2025-05-11 06:00:00,30,2.34,20.91
123,-11.542204397746739,21.085219347188954,2025-05-11 09:00:00,33,4.02,20.57
123,-11.542204397746739,21.085219347188954,2025-05-11 12:00:00,36,0.35,11.94
123,-11.542204397746739,21.085219347188954,2025-05-11 15:00:00,39,2.79,17.08
123,-11.542204397746739,21.085219347188954,2025-05-11 18:00:00,42,1.39,13.78
123,-11.542204397746739,21.085219347188954,2025-05-11 21:00:00,45,5.61,20.9
123,-11.542204397746739,21.085219347188954,2025-05-12 00:00:00,48,3.66,16.61
123,-11.542204397746739,21.085219347188954,2025-05-12 03:00:00,51,8.01,33.3
123,-11.542204397746739,21.085219347188954,2025-05-12 06:00:00,54,5.26,26.95
123,-11.542204397746739,21.085219347188954,2025-05-12 09:00:00,57,7.65,40.12
123,-11.542204397746739,21.085219347188954,2025-05-12 12:00:00,60,9.24,44.87
123,-11.542204397746739,21.085219347188954,2025-05-12 15:00:00,63,5.98,40.75
123,-11.542204397746739,21.085219347188954,2025-05-12 18:00:00,66,8.85,47.75
123,-11.542204397746739,21.085219347188954,2025-05-12 21:00:00,69,5.05,39.19
123,-11.542204397746739,21.085219347188954,2025-05-13 00:00:00,72,6.88,37.94
123,-11.542204397746739,21.085219347188954,2025-05-13 03:00:00,75,5.36,31.01
123,-11.542204397746739,21.085219347188954,2025-05-13 06:00:00,78,1.64,26.73
123,-11.542204397746739,21.085219347188954,2025-05-13 09:00:00,81,2.34,21.29
123,-11.542204397746739,21.085219347188954,2025-05-13 12:00:00,84,1.46,14.59
123,-11.542204397746739,21.085219347188954,2025-05-13 15:00:00,87,4.12,15.17
123,-11.542204397746739,21.085219347188954,2025-05-13 18:00:00,90,3.23,14.33
123,-11.542204397746739,21.085219347188954,2025-05-13 21:00:00,93,5.21,21.58
123,-11.542204397746739,21.085219347188954,2025-05-14 00:00:00,96,3.57,23.99
123,-11.542204397746739,21.085219347188954,2025-05-14 03:00:00,99,4.46,22.56
123,-11.542204397746739,21.085219347188954,2025-05-14 06:00:00,102,5.21,28.66
123,-11.542204397746739,21.085219347188954,2025-05-14 09:00:00,105,7.04,37.8
123,-11.542204397746739,21.085219347188954,2025-05-14 12:00:00,108,9.61,48.15
123,-11.542204397746739,21.085219347188954,2025-05-14 15:00:00,111,8.33,49.28
123,-11.542204397746739,21.085219347188954,2025-05-14 18:00:00,114,7.44,48.45
123,-11.542204397746739,21.085219347188954,2025-05-14 21:00:00,117,4.93,37.05
124,-11.303824474600166,21.46414827820938,2025-05-10 00:00:00,0,3.14,15.37
124,-11.303824474600166,21.46414827820938,2025-05-10 03:00:00,3,6.91,28.26
124,-11.303824474600166,21.46414827820938,2025-05-10 06:00:00,6,8.33,40.47
124,-11.303824474600166,21.46414827820938,2025-05-10 09:00:00,9,6.64,34.98
124,-11.303824474600166,21.46414827820938,2025-05-10 12:00:00,12,8.15,43.02
124,-11.303824474600166,21.46414827820938,2025-05-10 15:00:00,15,8.04,46.05
124,-11.303824474600166,21.46414827820938,2025-05-10 18:00:00,18,6.1,38.46
124,-11.303824474600166,21.46414827820938,2025-05-10 21:00:00,21,6.09,43.97
124,-11.303824474600166,21.46414827820938,2025-05-11 00:00:00,24,5.89,39.76
124,-11.303824474600166,21.46414827820938,2025-05-11 03:00:00,27,5.42,35.28
124,-11.303824474600166,21.46414827820938,2025-05-11 06:00:00,30,4.83,29.64
124,-11.303824474600166,21.46414827820938,2025-05-11 09:00:00,33,2.96,19.66
124,-11.303824474600166,21.46414827820938,2025-05-11 12:00:00,36,1.25,17.7
124,-11.303824474600166,21.46414827820938,2025-05-11 15:00:00,39,0.67,14.72
124,-11.303824474600166,21.46414827820938,2025-05-11 18:00:00,42,3.65,18.04
124,-11.303824474600166,21.46414827820938,2025-05-11 21:00:00,45,3.03,19.13
124,-11.303824474600166,21.46414827820938,2025-05-12 00:00:00,48,5.6,25.43
124,-11.303824474600166,21.46414827820938,2025-05-12 03:00:00,51,5.88,30.86
124,-11.303824474600166,21.46414827820938,2025-05-12 06:00:00,54,8.85,41.41
124,-11.303824474600166,21.46414827820938,2025-05-12 09:00:00,57,8.49,40.1
124,-11.303824474600166,21.46414827820938,2025-05-12 12:00:00,60,9.67,45.62
124,-11.303824474600166,21.46414827820938,2025-05-12 15:00:00,63,7.33,43.36
124,-11.303824474600166,21.46414827820938,2025-05-12 18:00:00,66,7.63,45.14
124,-11.303824474600166,21.46414827820938,2025-05-12 21:00:00,69,5.78,44.6
124,-11.303824474600166,21.46414827820938,2025-05-13 00:00:00,72,3.01,31.27
124,-11.303824474600166,21.46414827820938,2025-05-13 03:00:00,75,5.62,31.54
124,-11.303824474600166,21.46414827820938,2025-05-13 06:00:00,78,1.27,26.54
124,-11.303824474600166,21.46414827820938,2025-05-13 09:00:00,81,1.02,20.29
124,-11.303824474600166,21.46414827820938,2025-05-13 12:00:00,84,2.67,15.9
124,-11.303824474600166,21.46414827820938,2025-05-13 15:00:00,87,0.65,9.41
124,-11.303824474600166,21.46414827820938,2025-05-13 18:00:00,90,2.69,12.7
124,-11.303824474600166,21.46414827820938,2025-05-13 21:00:00,93,4.24,18.51
124,-11.303824474600166,21.46414827820938,2025-05-14 00:00:00,96,6.45,22.49
124,-11.303824474600166,21.46414827820938,2025-05-14 03:00:00,99,4.35,27.54
124,-11.303824474600166,21.46414827820938,2025-05-14 06:00:00,102,8.2,35.06
124,-11.303824474600166,21.46414827820938,2025-05-14 09:00:00,105,7.84,37.0
124,-11.303824474600166,21.46414827820938,2025-05-14 12:00:00,108,7.45,43.71
124,-11.303824474600166,21.46414827820938,2025-05-14 15:00:00,111,8.46,46.14
124,-11.303824474600166,21.46414827820938,2025-05-14 18:00:00,114,6.76,44.24
124,-11.303824474600166,21.46414827820938,2025-05-14 21:00:00,117,7.66,47.19
125,-11.291914539105475,21.583101965788636,2025-05-10 00:00:00,0,4.57,20.63
125,-11.291914539105475,21.583101965788636,2025-05-10 03:00:00,3,4.83,29.34
125,-11.291914539105475,21.583101965788636,2025-05-10 06:00:00,6,6.41,31.12
125,-11.291914539105475,21.583101965788636,2025-05-10 09:00:00,9,7.41,39.71
125,-11.291914539105475,21.583101965788636,2025-05-10 12:00:00,12,8.72,41.16
125,-11.291914539105475,21.583101965788636,2025-05-10 15:00:00,15,6.54,45.26
125,-11.291914539105475,21.583101965788636,2025-05-10 18:00:00,18,7.71,41.82
125,-11.291914539105475,21.583101965788636,2025-05-10 21:00:00,21,5.56,42.55
125,-11.291914539105475,21.583101965788636,2025-05-11 00:00:00,24,4.33,34.99
125,-11.291914539105475,21.583101965788636,2025-05-11 03:00:00,27,2.75,26.95
125,-11.291914539105475,21.583101965788636,2025-05-11 06:00:00,30,1.73,23.64
125,-11.291914539105475,21.583101965788636,2025-05-11 09:00:00,33,2.07,20.83
125,-11.291914539105475,21.583101965788636,2025-05-11 12:00:00,36,0.85,15.12
125,-11.291914539105475,21.583101965788636,2025-05-11 15:00:00,39,2.65,18.12
125,-11.291914539105475,21.583101965788636,2025-05-11 18:00:00,42,3.56,18.61
125,-11.291914539105475,21.583101965788636,2025-05-11 21:00:00,45,2.84,19.15
125,-11.291914539105475,21.583101965788636,2025-05-12 00:00:00,48,3.04,22.59
125,-11.291914539105475,21.583101965788636,2025-05-12 03:00:00,51,5.96,26.77
125,-11.291914539105475,21.583101965788636,2025-05-12 06:00:00,54,8.63,40.87
125,-11.291914539105475,21.583101965788636,2025-05-12 09:00:00,57,9.17,41.84
125,-11.291914539105475,21.583101965788636,2025-05-12 12:00:00,60,9.06,41.21
125,-11.291914539105475,21.583101965788636,2025-05-12 15:00:00,63,7.02,42.69
125,-11.291914539105475,21.583101965788636,2025-05-12 18:00:00,66,6.95,43.35
125,-11.291914539105475,21.583101965788636,2025-05-12 21:00:00,69,4.47,36.12
125,-11.291914539105475,21.583101965788636,2025-05-13 00:00:00,72,4.79,32.73
125,-11.291914539105475,21.583101965788636,2025-05-13 03:00:00,75,4.24,34.97
125,-11.291914539105475,21.583101965788636,2025-05-13 06:00:00,78,3.19,24.53
125,-11.291914539105475,21.583101965788636,2025-05-13 09:00:00,81,1.21,16.85
125,-11.291914539105475,21.583101965788636,2025-05-13 12:00:00,84,3.55,23.3
125,-11.291914539105475,21.583101965788636,2025-05-13 15:00:00,87,1.08,12.9
125,-11.291914539105475,21.583101965788636,2025-05-13 18:00:00,90,3.22,13.94
125,-11.291914539105475,21.583101965788636,2025-05-13 21:00:00,93,3.92,18.5
125,-11.291914539105475,21.583101965788636,2025-05-14 00:00:00,96,6.33,26.49
125,-11.291914539105475,21.583101965788636,2025-05-14 03:00:00,99,5.69,24.67
125,-11.291914539105475,21.583101965788636,2025-05-14 06:00:00,102,6.33,28.9
125,-11.291914539105475,21.583101965788636,2025-05-14 09:00:00,105,8.56,38.64
125,-11.291914539105475,21.583101965788636,2025-05-14 12:00:00,108,8.38,41.34
125,-11.291914539105475,21.583101965788636,2025-05-14 15:00:00,111,8.13,48.64
125,-11.291914539105475,21.583101965788636,2025-05-14 18:00:00,114,5.7,43.0
125,-11.291914539105475,21.583101965788636,2025-05-14 21:00:00,117,5.49,39.99
126,-11.55369323600207,21.014100616394757,2025-05-10 00:00:00,0,5.83,27.35
126,-11.55369323600207,21.014100616394757,2025-05-10 03:00:00,3,7.21,29.19
126,-11.55369323600207,21.014100616394757,2025-05-10 06:00:00,6,6.83,32.49
126,-11.55369323600207,21.014100616394757,2025-05-10 09:00:00,9,6.68,37.79
126,-11.55369323600207,21.014100616394757,2025-05-10 12:00:00,12,9.25,44.93
126,-11.55369323600207,21.014100616394757,2025-05-10 15:00:00,15,5.8,43.7
126,-11.55369323600207,21.014100616394757,2025-05-10 18:00:00,18,8.86,44.42
126,-11.55369323600207,21.014100616394757,2025-05-10 21:00:00,21,5.2,41.36
126,-11.55369323600207,21.014100616394757,2025-05-11 00:00:00,24,4.72,39.78
126,-11.55369323600207,21.014100616394757,2025-05-11 03:00:00,27,3.52,30.09
126,-11.55369323600207,21.014100616394757,2025-05-11 06:00:00,30,4.1,26.67
126,-11.55369323600207,21.014100616394757,2025-05-11 09:00:00,33,2.43,22.13
126,-11.55369323600207,21.014100616394757,2025-05-11 12:00:00,36,0.78,13.07
126,-11.55369323600207,21.014100616394757,2025-05-11 15:00:00,39,0.62,8.24
126,-11.55369323600207,21.014100616394757,2025-05-11 18:00:00,42,3.35,19.54
126,-11.55369323600207,21.014100616394757,2025-05-11 21:00:00,45,2.26,12.05
126,-11.55369323600207,21.014100616394757,2025-05-12 00:00:00,48,6.42,26.44
126,-11.55369323600207,21.014100616394757,2025-05-12 03:00:00,51,6.96,31.89
126,-11.55369323600207,21.014100616394757,2025-05-12 06:00:00,54,6.75,31.29
126,-11.55369323600207,21.014100616394757,2025-05-12 09:00:00,57,8.66,40.0
126,-11.55369323600207,21.014100616394757,2025-05-12 12:00:00,60,9.51,47.03
126,-11.55369323600207,21.014100616394757,2025-05-12 15:00:00,63,8.17,43.78
126,-11.55369323600207,21.014100616394757,2025-05-12 18:00:00,66,6.94,45.47
126,-11.55369323600207,21.014100616394757,2025-05-12 21:00:00,69,7.41,44.87
126,-11.55369323600207,21.014100616394757,2025-05-13 00:00:00,72,3.46,32.44
126,-11.55369323600207,21.014100616394757,2025-05-13 03:00:00,75,2.28,29.49
126,-11.55369323600207,21.014100616394757,2025-05-13 06:00:00,78,4.37,28.18
126,-11.55369323600207,21.014100616394757,2025-05-13 09:00:00,81,3.51,25.28
126,-11.55369323600207,21.014100616394757,2025-05-13 12:00:00,84,0.85,17.93
126,-11.55369323600207,21.014100616394757,2025-05-13 15:00:00,87,2.15,17.52
126,-11.55369323600207,21.014100616394757,2025-05-13 18:00:00,90,1.33,12.92
126,-11.55369323600207,21.014100616394757,2025-05-13 21:00:00,93,2.23,15.88
126,-11.55369323600207,21.014100616394757,2025-05-14 00:00:00,96,5.04,22.17
126,-11.55369323600207,21.014100616394757,2025-05-14 03:00:00,99,6.83,25.86
126,-11.55369323600207,21.014100616394757,2025-05-14 06:00:00,102,9.05,38.08
126,-11.55369323600207,21.014100616394757,2025-05-14 09:00:00,105,7.53,39.06
126,-11.55369323600207,21.014100616394757,2025-05-14 12:00:00,108,8.04,39.74
126,-11.55369323600207,21.014100616394757,2025-05-14 15:00:00,111,9.27,47.62
126,-11.55369323600207,21.014100616394757,2025-05-14 18:00:00,114,8.98,49.72
126,-11.55369323600207,21.014100616394757,2025-05-14 21:00:00,117,5.74,43.98
127,-11.868561553179394,21.585376159382985,2025-05-10 00:00:00,0,4.03,20.0
127,-11.868561553179394,21.585376159382985,2025-05-10 03:00:00,3,6.79,30.89
127,-11.868561553179394,21.585376159382985,2025-05-10 06:00:00,6,8.44,36.33
127,-11.868561553179394,21.585376159382985,2025-05-10 09:00:00,9,7.25,37.0
127,-11.868561553179394,21.585376159382985,2025-05-10 12:00:00,12,8.38,43.85
127,-11.868561553179394,21.585376159382985,2025-05-10 15:00:00,15,6.52,43.53
127,-11.868561553179394,21.585376159382985,2025-05-10 18:00:00,18,8.62,43.65
127,-11.868561553179394,21.585376159382985,2025-05-10 21:00:00,21,7.55,46.74
127,-11.868561553179394,21.585376159382985,2025-05-11 00:00:00,24,4.52,34.53
127,-11.868561553179394,21.585376159382985,2025-05-11 03:00:00,27,3.22,29.02
127,-11.868561553179394,21.585376159382985,2025-05-11 06:00:00,30,1.12,23.14
127,-11.868561553179394,21.585376159382985,2025-05-11 09:00:00,33,4.11,26.69
127,-11.868561553179394,21.585376159382985,2025-05-11 12:00:00,36,0.42,16.18
127,-11.868561553179394,21.585376159382985,2025-05-11 15:00:00,39,2.66,17.84
127,-11.868561553179394,21.585376159382985,2025-05-11 18:00:00,42,1.57,16.43
127,-11.868561553179394,21.585376159382985,2025-05-11 21:00:00,45,2.62,16.55
127,-11.868561553179394,21.585376159382985,2025-05-12 00:00:00,48,4.53,22.83
127,-11.868561553179394,21.585376159382985,2025-05-12 03:00:00,51,6.47,29.57
127,-11.868561553179394,21.585376159382985,2025-05-12 06:00:00,54,6.2,28.42
127,-11.868561553179394,21.585376159382985,2025-05-12 09:00:00,57,7.78,36.58
127,-11.868561553179394,21.585376159382985,2025-05-12 12:00:00,60,7.12,40.94
127,-11.868561553179394,21.585376159382985,2025-05-12 15:00:00,63,9.53,47.71
127,-11.868561553179394,21.585376159382985,2025-05-12 18:00:00,66,8.45,50.33
127,-11.868561553179394,21.585376159382985,2025-05-12 21:00:00,69,8.07,47.73
127,-11.868561553179394,21.585376159382985,2025-05-13 00:00:00,72,6.58,42.27
127,-11.868561553179394,21.585376159382985,2025-05-13 03:00:00,75,3.69,30.21
127,-11.868561553179394,21.585376159382985,2025-05-13 06:00:00,78,1.79,20.42
127,-11.868561553179394,21.585376159382985,2025-05-13 09:00:00,81,0.39,17.13
127,-11.868561553179394,21.585376159382985,2025-05-13 12:00:00,84,1.53,19.87
127,-11.868561553179394,21.585376159382985,2025-05-13 15:00:00,87,3.48,16.03
127,-11.868561553179394,21.585376159382985,2025-05-13 18:00:00,90,1.48,16.43
127,-11.868561553179394,21.585376159382985,2025-05-13 21:00:00,93,2.49,16.04
127,-11.868561553179394,21.585376159382985,2025-05-14 00:00:00,96,6.85,25.74
127,-11.868561553179394,21.585376159382985,2025-05-14 03:00:00,99,6.75,31.24
127,-11.868561553179394,21.585376159382985,2025-05-14 06:00:00,102,7.87,35.05
127,-11.868561553179394,21.585376159382985,2025-05-14 09:00:00,105,9.65,41.16
127,-11.868561553179394,21.585376159382985,2025-05-14 12:00:00,108,8.5,42.76
127,-11.868561553179394,21.585376159382985,2025-05-14 15:00:00,111,6.93,42.63
127,-11.868561553179394,21.585376159382985,2025-05-14 18:00:00,114,6.63,45.26
127,-11.868561553179394,21.585376159382985,2025-05-14 21:00:00,117,5.54,40.83
128,-11.657008722782132,21.574167645539664,2025-05-10 00:00:00,0,6.12,25.51
128,-11.657008722782132,21.574167645539664,2025-05-10 03:00:00,3,6.28,31.79
128,-11.657008722782132,21.574167645539664,2025-05-10 06:00:00,6,6.32,33.93
128,-11.657008722782132,21.574167645539664,2025-05-10 09:00:00,9,7.79,37.12
128,-11.657008722782132,21.574167645539664,2025-05-10 12:00:00,12,7.52,40.24
128,-11.657008722782132,21.574167645539664,2025-05-10 15:00:00,15,7.68,45.43
128,-11.657008722782132,21.574167645539664,2025-05-10 18:00:00,18,5.9,43.74
128,-11.657008722782132,21.574167645539664,2025-05-10 21:00:00,21,4.52,40.33
128,-11.657008722782132,21.574167645539664,2025-05-11 00:00:00,24,6.64,40.54
128,-11.657008722782132,21.574167645539664,2025-05-11 03:00:00,27,2.21,32.07
128,-11.657008722782132,21.574167645539664,2025-05-11 06:00:00,30,2.88,27.85
128,-11.657008722782132,21.574167645539664,2025-05-11 09:00:00,33,0.94,14.31
128,-11.657008722782132,21.574167645539664,2025-05-11 12:00:00,36,0.25,11.24
128,-11.657008722782132,21.574167645539664,2025-05-11 15:00:00,39,3.07,14.83
128,-11.657008722782132,21.574167645539664,2025-05-11 18:00:00,42,4.06,17.03
128,-11.657008722782132,21.574167645539664,2025-05-11 21:00:00,45,3.2,13.94
128,-11.657008722782132,21.574167645539664,2025-05-12 00:00:00,48,5.17,20.33
128,-11.657008722782132,21.574167645539664,2025-05-12 03:00:00,51,5.37,24.91
128,-11.657008722782132,21.574167645539664,2025-05-12 06:00:00,54,8.26,36.39
128,-11.657008722782132,21.574167645539664,2025-05-12 09:00:00,57,9.24,43.91
128,-11.657008722782132,21.574167645539664,2025-05-12 12:00:00,60,8.24,43.71
128,-11.657008722782132,21.574167645539664,2025-05-12 15:00:00,63,6.88,42.4
128,-11.657008722782132,21.574167645539664,2025-05-12 18:00:00,66,6.11,43.28
128,-11.657008722782132,21.574167645539664,2025-05-12 21:00:00,69,6.04,39.46
128,-11.657008722782132,21.574167645539664,2025-05-13 00:00:00,72,6.79,41.46
128,-11.657008722782132,21.574167645539664,2025-05-13 03:00:00,75,4.4,29.22
128,-11.657008722782132,21.574167645539664,2025-05-13 06:00:00,78,3.48,30.87
128,-11.657008722782132,21.574167645539664,2025-05-13 09:00:00,81,0.62,14.44
128,-11.657008722782132,21.574167645539664,2025-05-13 12:00:00,84,1.28,13.93
128,-11.657008722782132,21.574167645539664,2025-05-13 15:00:00,87,1.82,14.22
128,-11.657008722782132,21.574167645539664,2025-05-13 18:00:00,90,4.3,15.28
128,-11.657008722782132,21.574167645539664,2025-05-13 21:00:00,93,5.7,23.02
128,-11.657008722782132,21.574167645539664,2025-05-14 00:00:00,96,3.47,22.13
128,-11.657008722782132,21.574167645539664,2025-05-14 03:00:00,99,5.38,23.89
128,-11.657008722782132,21.574167645539664,2025-05-14 06:00:00,102,8.45,38.24
128,-11.657008722782132,21.574167645539664,2025-05-14 09:00:00,105,6.08,33.04
128,-11.657008722782132,21.574167645539664,2025-05-14 12:00:00,108,6.81,43.11
128,-11.657008722782132,21.574167645539664,2025-05-14 15:00:00,111,7.93,46.95
128,-11.657008722782132,21.574167645539664,2025-05-14 18:00:00,114,7.54,43.82
128,-11.657008722782132,21.574167645539664,2025-05-14 21:00:00,117,5.26,42.36
129,-11.63658428014537,21.106485460318936,2025-05-10 00:00:00,0,5.82,26.28
129,-11.63658428014537,21.106485460318936,2025-05-10 03:00:00,3,4.94,25.76
129,-11.63658428014537,21.106485460318936,2025-05-10 06:00:00,6,8.23,34.47
129,-11.63658428014537,21.106485460318936,2025-05-10 09:00:00,9,7.34,42.49
129,-11.63658428014537,21.106485460318936,2025-05-10 12:00:00,12,6.64,40.2
129,-11.63658428014537,21.106485460318936,2025-05-10 15:00:00,15,8.07,41.74
129,-11.63658428014537,21.106485460318936,2025-05-10 18:00:00,18,7.52,44.7
129,-11.63658428014537,21.106485460318936,2025-05-10 21:00:00,21,5.36,37.48
129,-11.63658428014537,21.106485460318936,2025-05-11 00:00:00,24,6.17,42.54
129,-11.63658428014537,21.106485460318936,2025-05-11 03:00:00,27,5.33,35.26
129,-11.63658428014537,21.106485460318936,2025-05-11 06:00:00,30,1.41,25.5
129,-11.63658428014537,21.106485460318936,2025-05-11 09:00:00,33,0.94,15.2
129,-11.63658428014537,21.106485460318936,2025-05-11 12:00:00,36,2.51,16.85
129,-11.63658428014537,21.106485460318936,2025-05-11 15:00:00,39,1.78,17.04
129,-11.63658428014537,21.106485460318936,2025-05-11 18:00:00,42,3.89,20.93
129,-11.63658428014537,21.106485460318936,2025-05-11 21:00:00,45,4.24,20.87
129,-11.63658428014537,21.106485460318936,2025-05-12 00:00:00,48,4.54,18.66
129,-11.63658428014537,21.106485460318936,2025-05-12 03:00:00,51,5.18,25.43
129,-11.63658428014537,21.106485460318936,2025-05-12 06:00:00,54,7.39,34.78
129,-11.63658428014537,21.106485460318936,2025-05-12 09:00:00,57,5.87,33.43
129,-11.63658428014537,21.106485460318936,2025-05-12 12:00:00,60,6.25,39.25
129,-11.63658428014537,21.106485460318936,2025-05-12 15:00:00,63,5.94,38.54
129,-11.63658428014537,21.106485460318936,2025-05-12 18:00:00,66,8.24,45.85
129,-11.63658428014537,21.106485460318936,2025-05-12 21:00:00,69,5.82,39.56
129,-11.63658428014537,21.106485460318936,2025-05-13 00:00:00,72,3.02,33.76
129,-11.63658428014537,21.106485460318936,2025-05-13 03:00:00,75,2.82,27.87
129,-11.63658428014537,21.106485460318936,2025-05-13 06:00:00,78,3.42,23.36
129,-11.63658428014537,21.106485460318936,2025-05-13 09:00:00,81,3.56,21.87
129,-11.63658428014537,21.106485460318936,2025-05-13 12:00:00,84,2.48,16.88
129,-11.63658428014537,21.106485460318936,2025-05-13 15:00:00,87,2.63,15.62
129,-11.63658428014537,21.106485460318936,2025-05-13 18:00:00,90,3.0,19.94
129,-11.63658428014537,21.106485460318936,2025-05-13 21:00:00,93,4.68,17.88
129,-11.63658428014537,21.106485460318936,2025-05-14 00:00:00,96,4.76,24.24
129,-11.63658428014537,21.106485460318936,2025-05-14 03:00:00,99,6.08,30.65
129,-11.63658428014537,21.106485460318936,2025-05-14 06:00:00,102,7.14,35.86
129,-11.63658428014537,21.106485460318936,2025-05-14 09:00:00,105,5.86,32.13
129,-11.63658428014537,21.106485460318936,2025-05-14 12:00:00,108,8.04,44.63
129,-11.63658428014537,21.106485460318936,2025-05-14 15:00:00,111,6.61,41.73
129,-11.63658428014537,21.106485460318936,2025-05-14 18:00:00,114,6.55,42.79
129,-11.63658428014537,21.106485460318936,2025-05-14 21:00:00,117,5.9,41.18
130,-11.636294755584284,21.599354130331143,2025-05-10 00:00:00,0,6.92,25.99
130,-11.636294755584284,21.599354130331143,2025-05-10 03:00:00,3,4.37,28.48
130,-11.636294755584284,21.599354130331143,2025-05-10 06:00:00,6,8.86,37.08
130,-11.636294755584284,21.599354130331143,2025-05-10 09:00:00,9,7.5,40.22
130,-11.636294755584284,21.599354130331143,2025-05-10 12:00:00,12,9.3,43.59
130,-11.636294755584284,21.599354130331143,2025-05-10 15:00:00,15,9.67,45.51
130,-11.636294755584284,21.599354130331143,2025-05-10 18:00:00,18,8.53,50.33
130,-11.636294755584284,21.599354130331143,2025-05-10 21:00:00,21,6.31,39.67
130,-11.636294755584284,21.599354130331143,2025-05-11 00:00:00,24,6.18,41.54
130,-11.636294755584284,21.599354130331143,2025-05-11 03:00:00,27,2.31,26.43
130,-11.636294755584284,21.599354130331143,2025-05-11 06:00:00,30,1.84,21.53
130,-11.636294755584284,21.599354130331143,2025-05-11 09:00:00,33,1.21,19.46
130,-11.636294755584284,21.599354130331143,2025-05-11 12:00:00,36,2.3,16.5
130,-11.636294755584284,21.599354130331143,2025-05-11 15:00:00,39,1.31,14.51
130,-11.636294755584284,21.599354130331143,2025-05-11 18:00:00,42,4.75,19.47
130,-11.636294755584284,21.599354130331143,2025-05-11 21:00:00,45,2.29,13.07
130,-11.636294755584284,21.599354130331143,2025-05-12 00:00:00,48,5.84,21.67
130,-11.636294755584284,21.599354130331143,2025-05-12 03:00:00,51,4.66,29.28
130,-11.636294755584284,21.599354130331143,2025-05-12 06:00:00,54,7.13,37.87
130,-11.636294755584284,21.599354130331143,2025-05-12 09:00:00,57,7.71,42.69
130,-11.636294755584284,21.599354130331143,2025-05-12 12:00:00,60,6.86,39.22
130,-11.636294755584284,21.599354130331143,2025-05-12 15:00:00,63,8.83,49.84
130,-11.636294755584284,21.599354130331143,2025-05-12 18:00:00,66,8.27,43.56
130,-11.636294755584284,21.599354130331143,2025-05-12 21:00:00,69,5.22,35.8
130,-11.636294755584284,21.599354130331143,2025-05-13 00:00:00,72,3.54,33.55
130,-11.636294755584284,21.599354130331143,2025-05-13 03:00:00,75,4.95,36.98
130,-11.636294755584284,21.599354130331143,2025-05-13 06:00:00,78,2.11,21.1
130,-11.636294755584284,21.599354130331143,2025-05-13 09:00:00,81,4.17,26.08
130,-11.636294755584284,21.599354130331143,2025-05-13 12:00:00,84,3.11,19.4
130,-11.636294755584284,21.599354130331143,2025-05-13 15:00:00,87,2.75,18.37
130,-11.636294755584284,21.599354130331143,2025-05-13 18:00:00,90,1.97,13.55
130,-11.636294755584284,21.599354130331143,2025-05-13 21:00:00,93,3.38,15.21
130,-11.636294755584284,21.599354130331143,2025-05-14 00:00:00,96,5.5,27.76
130,-11.636294755584284,21.599354130331143,2025-05-14 03:00:00,99,6.79,33.59
130,-11.636294755584284,21.599354130331143,2025-05-14 06:00:00,102,6.53,33.93
130,-11.636294755584284,21.599354130331143,2025-05-14 09:00:00,105,8.4,43.56
130,-11.636294755584284,21.599354130331143,2025-05-14 12:00:00,108,6.24,41.97
130,-11.636294755584284,21.599354130331143,2025-05-14 15:00:00,111,7.63,46.22
130,-11.636294755584284,21.599354130331143,2025-05-14 18:00:00,114,9.1,52.09
130,-11.636294755584284,21.599354130331143,2025-05-14 21:00:00,117,7.82,47.91
131,-11.774062604835436,21.687719533991583,2025-05-10 00:00:00,0,6.72,30.08
131,-11.774062604835436,21.687719533991583,2025-05-10 03:00:00,3,7.96,32.59
131,-11.774062604835436,21.687719533991583,2025-05-10 06:00:00,6,6.49,29.7
131,-11.774062604835436,21.687719533991583,2025-05-10 09:00:00,9,6.28,38.92
131,-11.774062604835436,21.687719533991583,2025-05-10 12:00:00,12,9.46,42.5
131,-11.774062604835436,21.687719533991583,2025-05-10 15:00:00,15,9.37,49.9
131,-11.774062604835436,21.687719533991583,2025-05-10 18:00:00,18,7.19,46.78
131,-11.774062604835436,21.687719533991583,2025-05-10 21:00:00,21,5.5,38.2
131,-11.774062604835436,21.687719533991583,2025-05-11 00:00:00,24,4.94,39.01
131,-11.774062604835436,21.687719533991583,2025-05-11 03:00:00,27,3.18,32.42
131,-11.774062604835436,21.687719533991583,2025-05-11 06:00:00,30,2.0,24.94
131,-11.774062604835436,21.687719533991583,2025-05-11 09:00:00,33,0.8,18.48
131,-11.774062604835436,21.687719533991583,2025-05-11 12:00:00,36,1.04,11.9
131,-11.774062604835436,21.687719533991583,2025-05-11 15:00:00,39,3.54,21.29
131,-11.774062604835436,21.687719533991583,2025-05-11 18:00:00,42,2.08,14.35
131,-11.774062604835436,21.687719533991583,2025-05-11 21:00:00,45,3.91,20.13
131,-11.774062604835436,21.687719533991583,2025-05-12 00:00:00,48,5.77,26.57
131,-11.774062604835436,21.687719533991583,2025-05-12 03:00:00,51,5.53,30.31
131,-11.774062604835436,21.687719533991583,2025-05-12 06:00:00,54,5.92,35.05
131,-11.774062604835436,21.687719533991583,2025-05-12 09:00:00,57,8.03,43.45
131,-11.774062604835436,21.687719533991583,2025-05-12 12:00:00,60,9.17,43.0
131,-11.774062604835436,21.687719533991583,2025-05-12 15:00:00,63,6.68,40.14
131,-11.774062604835436,21.687719533991583,2025-05-12 18:00:00,66,5.85,45.14
131,-11.774062604835436,21.687719533991583,2025-05-12 21:00:00,69,5.15,35.63
131,-11.774062604835436,21.687719533991583,2025-05-13 00:00:00,72,5.73,41.29
131,-11.774062604835436,21.687719533991583,2025-05-13 03:00:00,75,5.12,33.6
131,-11.774062604835436,21.687719533991583,2025-05-13 06:00:00,78,3.82,27.88
131,-11.774062604835436,21.687719533991583,2025-05-13 09:00:00,81,0.6,19.84
131,-11.774062604835436,21.687719533991583,2025-05-13 12:00:00,84,1.03,12.75
131,-11.774062604835436,21.687719533991583,2025-05-13 15:00:00,87,3.56,14.99
131,-11.774062604835436,21.687719533991583,2025-05-13 18:00:00,90,1.13,11.97
131,-11.774062604835436,21.687719533991583,2025-05-13 21:00:00,93,4.2,22.46
131,-11.774062604835436,21.687719533991583,2025-05-14 00:00:00,96,4.29,20.11
131,-11.774062604835436,21.687719533991583,2025-05-14 03:00:00,99,5.22,23.73
131,-11.774062604835436,21.687719533991583,2025-05-14 06:00:00,102,5.27,26.6
131,-11.774062604835436,21.687719533991583,2025-05-14 09:00:00,105,5.99,34.67
131,-11.774062604835436,21.687719533991583,2025-05-14 12:00:00,108,7.37,40.95
131,-11.774062604835436,21.687719533991583,2025-05-14 15:00:00,111,8.89,48.59
131,-11.774062604835436,21.687719533991583,2025-05-14 18:00:00,114,5.68,39.28
131,-11.774062604835436,21.687719533991583,2025-05-14 21:00:00,117,6.82,40.96
132,-11.899221775785204,21.60695648642791,2025-05-10 00:00:00,0,4.88,25.13
132,-11.899221775785204,21.60695648642791,2025-05-10 03:00:00,3,6.13,32.35
132,-11.899221775785204,21.60695648642791,2025-05-10 06:00:00,6,5.52,27.83
132,-11.899221775785204,21.60695648642791,2025-05-10 09:00:00,9,9.39,42.58
132,-11.899221775785204,21.60695648642791,2025-05-10 12:00:00,12,9.25,44.88
132,-11.899221775785204,21.60695648642791,2025-05-10 15:00:00,15,9.37,48.31
132,-11.899221775785204,21.60695648642791,2025-05-10 18:00:00,18,6.47,41.85
132,-11.899221775785204,21.60695648642791,2025-05-10 21:00:00,21,6.3,42.87
132,-11.899221775785204,21.60695648642791,2025-05-11 00:00:00,24,4.44,32.97
132,-11.899221775785204,21.60695648642791,2025-05-11 03:00:00,27,2.14,24.38
132,-11.899221775785204,21.60695648642791,2025-05-11 06:00:00,30,1.25,20.73
132,-11.899221775785204,21.60695648642791,2025-05-11 09:00:00,33,0.42,17.53
132,-11.899221775785204,21.60695648642791,2025-05-11 12:00:00,36,0.17,17.1
132,-11.899221775785204,21.60695648642791,2025-05-11 15:00:00,39,1.7,12.31
132,-11.899221775785204,21.60695648642791,2025-05-11 18:00:00,42,1.25,11.32
132,-11.899221775785204,21.60695648642791,2025-05-11 21:00:00,45,3.07,20.27
132,-11.899221775785204,21.60695648642791,2025-05-12 00:00:00,48,5.51,27.69
132,-11.899221775785204,21.60695648642791,2025-05-12 03:00:00,51,7.75,35.16
132,-11.899221775785204,21.60695648642791,2025-05-12 06:00:00,54,7.99,36.36
132,-11.899221775785204,21.60695648642791,2025-05-12 09:00:00,57,6.25,34.76
132,-11.899221775785204,21.60695648642791,2025-05-12 12:00:00,60,8.11,43.64
132,-11.899221775785204,21.60695648642791,2025-05-12 15:00:00,63,9.0,47.54
132,-11.899221775785204,21.60695648642791,2025-05-12 18:00:00,66,9.0,44.98
132,-11.899221775785204,21.60695648642791,2025-05-12 21:00:00,69,6.2,44.43
132,-11.899221775785204,21.60695648642791,2025-05-13 00:00:00,72,6.47,38.8
132,-11.899221775785204,21.60695648642791,2025-05-13 03:00:00,75,2.81,30.38
132,-11.899221775785204,21.60695648642791,2025-05-13 06:00:00,78,1.24,18.76
132,-11.899221775785204,21.60695648642791,2025-05-13 09:00:00,81,0.63,17.97
132,-11.899221775785204,21.60695648642791,2025-05-13 12:00:00,84,2.66,22.04
132,-11.899221775785204,21.60695648642791,2025-05-13 15:00:00,87,4.19,19.55
132,-11.899221775785204,21.60695648642791,2025-05-13 18:00:00,90,1.45,15.63
132,-11.899221775785204,21.60695648642791,2025-05-13 21:00:00,93,3.14,19.04
132,-11.899221775785204,21.60695648642791,2025-05-14 00:00:00,96,5.81,27.81
132,-11.899221775785204,21.60695648642791,2025-05-14 03:00:00,99,7.69,33.5
132,-11.899221775785204,21.60695648642791,2025-05-14 06:00:00,102,7.62,34.8
132,-11.899221775785204,21.60695648642791,2025-05-14 09:00:00,105,8.02,38.65
132,-11.899221775785204,21.60695648642791,2025-05-14 12:00:00,108,6.48,39.18
132,-11.899221775785204,21.60695648642791,2025-05-14 15:00:00,111,9.69,50.13
132,-11.899221775785204,21.60695648642791,2025-05-14 18:00:00,114,5.53,41.89
132,-11.899221775785204,21.60695648642791,2025-05-14 21:00:00,117,6.44,38.46
133,-11.74714143588122,21.744248024411096,2025-05-10 00:00:00,0,6.02,24.81
133,-11.74714143588122,21.744248024411096,2025-05-10 03:00:00,3,6.79,26.3
133,-11.74714143588122,21.744248024411096,2025-05-10 06:00:00,6,5.13,30.62
133,-11.74714143588122,21.744248024411096,2025-05-10 09:00:00,9,6.99,41.44
133,-11.74714143588122,21.744248024411096,2025-05-10 12:00:00,12,6.3,42.39
133,-11.74714143588122,21.744248024411096,2025-05-10 15:00:00,15,6.89,46.4
133,-11.74714143588122,21.744248024411096,2025-05-10 18:00:00,18,5.4,40.97
133,-11.74714143588122,21.744248024411096,2025-05-10 21:00:00,21,5.56,37.68
133,-11.74714143588122,21.744248024411096,2025-05-11 00:00:00,24,3.78,35.27
133,-11.74714143588122,21.744248024411096,2025-05-11 03:00:00,27,3.99,28.31
133,-11.74714143588122,21.744248024411096,2025-05-11 06:00:00,30,3.46,29.18
133,-11.74714143588122,21.744248024411096,2025-05-11 09:00:00,33,2.5,22.18
133,-11.74714143588122,21.744248024411096,2025-05-11 12:00:00,36,2.39,15.25
133,-11.74714143588122,21.744248024411096,2025-05-11 15:00:00,39,0.96,8.77
133,-11.74714143588122,21.744248024411096,2025-05-11 18:00:00,42,2.67,16.93
133,-11.74714143588122,21.744248024411096,2025-05-11 21:00:00,45,4.7,20.35
133,-11.74714143588122,21.744248024411096,2025-05-12 00:00:00,48,6.08,26.99
133,-11.74714143588122,21.744248024411096,2025-05-12 03:00:00,51,6.46,31.57
133,-11.74714143588122,21.744248024411096,2025-05-12 06:00:00,54,7.05,31.02
133,-11.74714143588122,21.744248024411096,2025-05-12 09:00:00,57,6.68,37.18
133,-11.74714143588122,21.744248024411096,2025-05-12 12:00:00,60,6.52,36.97
133,-11.74714143588122,21.744248024411096,2025-05-12 15:00:00,63,6.45,44.67
133,-11.74714143588122,21.744248024411096,2025-05-12 18:00:00,66,7.98,47.7
133,-11.74714143588122,21.744248024411096,2025-05-12 21:00:00,69,7.85,45.12
133,-11.74714143588122,21.744248024411096,2025-05-13 00:00:00,72,5.65,41.66
133,-11.74714143588122,21.744248024411096,2025-05-13 03:00:00,75,3.34,27.43
133,-11.74714143588122,21.744248024411096,2025-05-13 06:00:00,78,2.24,28.47
133,-11.74714143588122,21.744248024411096,2025-05-13 09:00:00,81,2.84,25.62
133,-11.74714143588122,21.744248024411096,2025-05-13 12:00:00,84,1.29,14.71
133,-11.74714143588122,21.744248024411096,2025-05-13 15:00:00,87,3.81,20.2
133,-11.74714143588122,21.744248024411096,2025-05-13 18:00:00,90,2.65,13.42
133,-11.74714143588122,21.744248024411096,2025-05-13 21:00:00,93,4.97,16.86
133,-11.74714143588122,21.744248024411096,2025-05-14 00:00:00,96,5.33,21.22
133,-11.74714143588122,21.744248024411096,2025-05-14 03:00:00,99,5.21,26.39
133,-11.74714143588122,21.744248024411096,2025-05-14 06:00:00,102,5.25,30.67
133,-11.74714143588122,21.744248024411096,2025-05-14 09:00:00,105,6.61,40.23
133,-11.74714143588122,21.744248024411096,2025-05-14 12:00:00,108,6.2,37.49
133,-11.74714143588122,21.744248024411096,2025-05-14 15:00:00,111,7.0,40.65
133,-11.74714143588122,21.744248024411096,2025-05-14 18:00:00,114,6.66,43.83
133,-11.74714143588122,21.744248024411096,2025-05-14 21:00:00,117,4.94,38.62
134,-11.264565681749108,21.22972093663409,2025-05-10 00:00:00,0,4.34,20.93
134,-11.264565681749108,21.22972093663409,2025-05-10 03:00:00,3,5.31,24.38
134,-11.264565681749108,21.22972093663409,2025-05-10 06:00:00,6,9.07,35.73
134,-11.264565681749108,21.22972093663409,2025-05-10 09:00:00,9,7.49,34.91
134,-11.264565681749108,21.22972093663409,2025-05-10 12:00:00,12,7.1,44.32
134,-11.264565681749108,21.22972093663409,2025-05-10 15:00:00,15,7.99,45.98
134,-11.264565681749108,21.22972093663409,2025-05-10 18:00:00,18,7.45,42.41
134,-11.264565681749108,21.22972093663409,2025-05-10 21:00:00,21,5.31,43.44
134,-11.264565681749108,21.22972093663409,2025-05-11 00:00:00,24,6.49,38.34
134,-11.264565681749108,21.22972093663409,2025-05-11 03:00:00,27,2.18,27.57
134,-11.264565681749108,21.22972093663409,2025-05-11 06:00:00,30,3.24,29.56
134,-11.264565681749108,21.22972093663409,2025-05-11 09:00:00,33,1.11,16.3
134,-11.264565681749108,21.22972093663409,2025-05-11 12:00:00,36,1.07,13.45
134,-11.264565681749108,21.22972093663409,2025-05-11 15:00:00,39,2.22,12.47
134,-11.264565681749108,21.22972093663409,2025-05-11 18:00:00,42,3.53,17.37
134,-11.264565681749108,21.22972093663409,2025-05-11 21:00:00,45,2.21,13.36
134,-11.264565681749108,21.22972093663409,2025-05-12 00:00:00,48,6.27,28.48
134,-11.264565681749108,21.22972093663409,2025-05-12 03:00:00,51,4.48,27.47
134,-11.264565681749108,21.22972093663409,2025-05-12 06:00:00,54,6.37,34.53
134,-11.264565681749108,21.22972093663409,2025-05-12 09:00:00,57,8.79,42.16
134,-11.264565681749108,21.22972093663409,2025-05-12 12:00:00,60,8.66,43.98
134,-11.264565681749108,21.22972093663409,2025-05-12 15:00:00,63,5.83,43.81
134,-11.264565681749108,21.22972093663409,2025-05-12 18:00:00,66,8.12,48.4
134,-11.264565681749108,21.22972093663409,2025-05-12 21:00:00,69,5.67,37.76
134,-11.264565681749108,21.22972093663409,2025-05-13 00:00:00,72,6.12,41.71
134,-11.264565681749108,21.22972093663409,2025-05-13 03:00:00,75,5.32,36.35
134,-11.264565681749108,21.22972093663409,2025-05-13 06:00:00,78,3.84,26.53
134,-11.264565681749108,21.22972093663409,2025-05-13 09:00:00,81,2.2,23.23
134,-11.264565681749108,21.22972093663409,2025-05-13 12:00:00,84,3.46,17.42
134,-11.264565681749108,21.22972093663409,2025-05-13 15:00:00,87,2.29,12.95
134,-11.264565681749108,21.22972093663409,2025-05-13 18:00:00,90,3.87,21.44
134,-11.264565681749108,21.22972093663409,2025-05-13 21:00:00,93,4.75,20.75
134,-11.264565681749108,21.22972093663409,2025-05-14 00:00:00,96,4.74,20.6
134,-11.264565681749108,21.22972093663409,2025-05-14 03:00:00,99,6.42,27.82
134,-11.264565681749108,21.22972093663409,2025-05-14 06:00:00,102,5.53,32.42
134,-11.264565681749108,21.22972093663409,2025-05-14 09:00:00,105,8.93,39.41
134,-11.264565681749108,21.22972093663409,2025-05-14 12:00:00,108,8.22,47.08
134,-11.264565681749108,21.22972093663409,2025-05-14 15:00:00,111,9.77,47.22
134,-11.264565681749108,21.22972093663409,2025-05-14 18:00:00,114,6.14,43.09
134,-11.264565681749108,21.22972093663409,2025-05-14 21:00:00,117,6.03,37.68
135,-11.47659403556971,21.080403281261127,2025-05-10 00:00:00,0,3.1,19.74
135,-11.47659403556971,21.080403281261127,2025-05-10 03:00:00,3,5.03,29.11
135,-11.47659403556971,21.080403281261127,2025-05-10 06:00:00,6,6.23,33.74
135,-11.47659403556971,21.080403281261127,2025-05-10 09:00:00,9,9.63,46.87
135,-11.47659403556971,21.080403281261127,2025-05-10 12:00:00,12,7.2,40.94
135,-11.47659403556971,21.080403281261127,2025-05-10 15:00:00,15,6.12,43.53
135,-11.47659403556971,21.080403281261127,2025-05-10 18:00:00,18,6.51,40.67
135,-11.47659403556971,21.080403281261127,2025-05-10 21:00:00,21,5.43,40.79
135,-11.47659403556971,21.080403281261127,2025-05-11 00:00:00,24,4.28,34.92
135,-11.47659403556971,21.080403281261127,2025-05-11 03:00:00,27,2.34,27.8
135,-11.47659403556971,21.080403281261127,2025-05-11 06:00:00,30,2.71,27.31
135,-11.47659403556971,21.080403281261127,2025-05-11 09:00:00,33,0.54,15.93
135,-11.47659403556971,21.080403281261127,2025-05-11 12:00:00,36,1.11,18.43
135,-11.47659403556971,21.080403281261127,2025-05-11 15:00:00,39,0.41,10.09
135,-11.47659403556971,21.080403281261127,2025-05-11 18:00:00,42,3.91,16.63
135,-11.47659403556971,21.080403281261127,2025-05-11 21:00:00,45,4.2,15.82
135,-11.47659403556971,21.080403281261127,2025-05-12 00:00:00,48,5.03,25.52
135,-11.47659403556971,21.080403281261127,2025-05-12 03:00:00,51,5.73,30.78
135,-11.47659403556971,21.080403281261127,2025-05-12 06:00:00,54,5.65,33.64
135,-11.47659403556971,21.080403281261127,2025-05-12 09:00:00,57,9.63,42.83
135,-11.47659403556971,21.080403281261127,2025-05-12 12:00:00,60,7.12,43.07
135,-11.47659403556971,21.080403281261127,2025-05-12 15:00:00,63,7.77,45.48
135,-11.47659403556971,21.080403281261127,2025-05-12 18:00:00,66,8.82,49.1
135,-11.47659403556971,21.080403281261127,2025-05-12 21:00:00,69,6.07,44.2
135,-11.47659403556971,21.080403281261127,2025-05-13 00:00:00,72,4.31,37.05
135,-11.47659403556971,21.080403281261127,2025-05-13 03:00:00,75,2.93,29.38
135,-11.47659403556971,21.080403281261127,2025-05-13 06:00:00,78,1.06,19.79
135,-11.47659403556971,21.080403281261127,2025-05-13 09:00:00,81,1.33,20.68
135,-11.47659403556971,21.080403281261127,2025-05-13 12:00:00,84,3.53,21.61
135,-11.47659403556971,21.080403281261127,2025-05-13 15:00:00,87,1.43,10.52
135,-11.47659403556971,21.080403281261127,2025-05-13 18:00:00,90,2.78,18.71
135,-11.47659403556971,21.080403281261127,2025-05-13 21:00:00,93,4.95,16.99
135,-11.47659403556971,21.080403281261127,2025-05-14 00:00:00,96,5.01,24.91
135,-11.47659403556971,21.080403281261127,2025-05-14 03:00:00,99,4.24,27.1
135,-11.47659403556971,21.080403281261127,2025-05-14 06:00:00,102,5.28,33.68
135,-11.47659403556971,21.080403281261127,2025-05-14 09:00:00,105,6.58,34.55
135,-11.47659403556971,21.080403281261127,2025-05-14 12:00:00,108,7.12,41.79
135,-11.47659403556971,21.080403281261127,2025-05-14 15:00:00,111,9.7,45.07
135,-11.47659403556971,21.080403281261127,2025-05-14 18:00:00,114,8.91,45.9
135,-11.47659403556971,21.080403281261127,2025-05-14 21:00:00,117,7.26,46.07
136,-11.698045619278082,21.666354392849442,2025-05-10 00:00:00,0,6.11,26.85
136,-11.698045619278082,21.666354392849442,2025-05-10 03:00:00,3,4.95,27.77
136,-11.698045619278082,21.666354392849442,2025-05-10 06:00:00,6,5.6,31.91
136,-11.698045619278082,21.666354392849442,2025-05-10 09:00:00,9,8.46,44.29
136,-11.698045619278082,21.666354392849442,2025-05-10 12:00:00,12,6.51,38.78
136,-11.698045619278082,21.666354392849442,2025-05-10 15:00:00,15,7.8,43.52
136,-11.698045619278082,21.666354392849442,2025-05-10 18:00:00,18,6.47,40.72
136,-11.698045619278082,21.666354392849442,2025-05-10 21:00:00,21,6.9,44.73
136,-11.698045619278082,21.666354392849442,2025-05-11 00:00:00,24,6.11,41.53
136,-11.698045619278082,21.666354392849442,2025-05-11 03:00:00,27,3.01,29.3
136,-11.698045619278082,21.666354392849442,2025-05-11 06:00:00,30,2.49,22.54
136,-11.698045619278082,21.666354392849442,2025-05-11 09:00:00,33,1.68,20.2
136,-11.698045619278082,21.666354392849442,2025-05-11 12:00:00,36,0.39,10.29
136,-11.698045619278082,21.666354392849442,2025-05-11 15:00:00,39,3.0,16.17
136,-11.698045619278082,21.666354392849442,2025-05-11 18:00:00,42,4.33,21.19
136,-11.698045619278082,21.666354392849442,2025-05-11 21:00:00,45,2.7,18.88
136,-11.698045619278082,21.666354392849442,2025-05-12 00:00:00,48,5.36,24.08
136,-11.698045619278082,21.666354392849442,2025-05-12 03:00:00,51,5.88,31.57
136,-11.698045619278082,21.666354392849442,2025-05-12 06:00:00,54,7.79,32.21
136,-11.698045619278082,21.666354392849442,2025-05-12 09:00:00,57,7.94,40.48
136,-11.698045619278082,21.666354392849442,2025-05-12 12:00:00,60,6.47,41.79
136,-11.698045619278082,21.666354392849442,2025-05-12 15:00:00,63,6.17,43.54
136,-11.698045619278082,21.666354392849442,2025-05-12 18:00:00,66,8.37,48.31
136,-11.698045619278082,21.666354392849442,2025-05-12 21:00:00,69,5.77,42.98
136,-11.698045619278082,21.666354392849442,2025-05-13 00:00:00,72,3.98,34.83
136,-11.698045619278082,21.666354392849442,2025-05-13 03:00:00,75,2.5,27.38
136,-11.698045619278082,21.666354392849442,2025-05-13 06:00:00,78,1.99,26.27
136,-11.698045619278082,21.666354392849442,2025-05-13 09:00:00,81,1.17,20.9
136,-11.698045619278082,21.666354392849442,2025-05-13 12:00:00,84,2.64,20.45
136,-11.698045619278082,21.666354392849442,2025-05-13 15:00:00,87,2.68,19.42
136,-11.698045619278082,21.666354392849442,2025-05-13 18:00:00,90,3.23,14.35
136,-11.698045619278082,21.666354392849442,2025-05-13 21:00:00,93,3.13,16.95
136,-11.698045619278082,21.666354392849442,2025-05-14 00:00:00,96,6.52,26.58
136,-11.698045619278082,21.666354392849442,2025-05-14 03:00:00,99,6.67,27.76
136,-11.698045619278082,21.666354392849442,2025-05-14 06:00:00,102,8.37,36.43
136,-11.698045619278082,21.666354392849442,2025-05-14 09:00:00,105,6.4,36.78
136,-11.698045619278082,21.666354392849442,2025-05-14 12:00:00,108,6.04,35.51
136,-11.698045619278082,21.666354392849442,2025-05-14 15:00:00,111,6.07,45.28
136,-11.698045619278082,21.666354392849442,2025-05-14 18:00:00,114,8.07,43.91
136,-11.698045619278082,21.666354392849442,2025-05-14 21:00:00,117,5.79,40.99
137,-11.341568976339074,21.736119867411826,2025-05-10 00:00:00,0,6.35,23.81
137,-11.341568976339074,21.736119867411826,2025-05-10 03:00:00,3,6.83,33.6
137,-11.341568976339074,21.736119867411826,2025-05-10 06:00:00,6,5.75,35.43
137,-11.341568976339074,21.736119867411826,2025-05-10 09:00:00,9,7.19,38.98
137,-11.341568976339074,21.736119867411826,2025-05-10 12:00:00,12,8.93,42.42
137,-11.341568976339074,21.736119867411826,2025-05-10 15:00:00,15,8.51,49.0
137,-11.341568976339074,21.736119867411826,2025-05-10 18:00:00,18,5.93,40.25
137,-11.341568976339074,21.736119867411826,2025-05-10 21:00:00,21,7.1,40.42
137,-11.341568976339074,21.736119867411826,2025-05-11 00:00:00,24,4.2,36.44
137,-11.341568976339074,21.736119867411826,2025-05-11 03:00:00,27,5.25,38.02
137,-11.341568976339074,21.736119867411826,2025-05-11 06:00:00,30,2.13,27.1
137,-11.341568976339074,21.736119867411826,2025-05-11 09:00:00,33,0.65,17.67
137,-11.341568976339074,21.736119867411826,2025-05-11 12:00:00,36,3.75,16.63
137,-11.341568976339074,21.736119867411826,2025-05-11 15:00:00,39,0.44,8.58
137,-11.341568976339074,21.736119867411826,2025-05-11 18:00:00,42,2.96,14.75
137,-11.341568976339074,21.736119867411826,2025-05-11 21:00:00,45,3.35,17.26
137,-11.341568976339074,21.736119867411826,2025-05-12 00:00:00,48,4.99,22.91
137,-11.341568976339074,21.736119867411826,2025-05-12 03:00:00,51,4.47,25.6
137,-11.341568976339074,21.736119867411826,2025-05-12 06:00:00,54,7.88,35.54
137,-11.341568976339074,21.736119867411826,2025-05-12 09:00:00,57,6.78,39.56
137,-11.341568976339074,21.736119867411826,2025-05-12 12:00:00,60,9.66,48.09
137,-11.341568976339074,21.736119867411826,2025-05-12 15:00:00,63,6.28,42.07
137,-11.341568976339074,21.736119867411826,2025-05-12 18:00:00,66,6.39,44.88
137,-11.341568976339074,21.736119867411826,2025-05-12 21:00:00,69,5.59,37.6
137,-11.341568976339074,21.736119867411826,2025-05-13 00:00:00,72,3.98,37.47
137,-11.341568976339074,21.736119867411826,2025-05-13 03:00:00,75,3.12,33.47
137,-11.341568976339074,21.736119867411826,2025-05-13 06:00:00,78,3.02,24.7
137,-11.341568976339074,21.736119867411826,2025-05-13 09:00:00,81,1.33,20.88
137,-11.341568976339074,21.736119867411826,2025-05-13 12:00:00,84,0.43,12.95
137,-11.341568976339074,21.736119867411826,2025-05-13 15:00:00,87,1.51,11.8
137,-11.341568976339074,21.736119867411826,2025-05-13 18:00:00,90,3.03,14.47
137,-11.341568976339074,21.736119867411826,2025-05-13 21:00:00,93,2.21,16.31
137,-11.341568976339074,21.736119867411826,2025-05-14 00:00:00,96,4.77,23.02
137,-11.341568976339074,21.736119867411826,2025-05-14 03:00:00,99,6.1,28.37
137,-11.341568976339074,21.736119867411826,2025-05-14 06:00:00,102,7.95,32.77
137,-11.341568976339074,21.736119867411826,2025-05-14 09:00:00,105,8.14,43.16
137,-11.341568976339074,21.736119867411826,2025-05-14 12:00:00,108,6.34,38.05
137,-11.341568976339074,21.736119867411826,2025-05-14 15:00:00,111,8.36,45.05
137,-11.341568976339074,21.736119867411826,2025-05-14 18:00:00,114,8.32,44.53
137,-11.341568976339074,21.736119867411826,2025-05-14 21:00:00,117,4.62,41.52
138,-11.908534672876806,21.36380964069403,2025-05-10 00:00:00,0,4.24,20.53
138,-11.908534672876806,21.36380964069403,2025-05-10 03:00:00,3,6.1,31.02
138,-11.908534672876806,21.36380964069403,2025-05-10 06:00:00,6,6.04,34.08
138,-11.908534672876806,21.36380964069403,2025-05-10 09:00:00,9,9.63,40.54
138,-11.908534672876806,21.36380964069403,2025-05-10 12:00:00,12,8.14,39.5
138,-11.908534672876806,21.36380964069403,2025-05-10 15:00:00,15,7.38,42.63
138,-11.908534672876806,21.36380964069403,2025-05-10 18:00:00,18,7.63,46.58
138,-11.908534672876806,21.36380964069403,2025-05-10 21:00:00,21,4.27,39.86
138,-11.908534672876806,21.36380964069403,2025-05-11 00:00:00,24,5.63,41.77
138,-11.908534672876806,21.36380964069403,2025-05-11 03:00:00,27,4.08,29.51
138,-11.908534672876806,21.36380964069403,2025-05-11 06:00:00,30,2.35,28.65
138,-11.908534672876806,21.36380964069403,2025-05-11 09:00:00,33,2.45,21.68
138,-11.908534672876806,21.36380964069403,2025-05-11 12:00:00,36,1.68,13.28
138,-11.908534672876806,21.36380964069403,2025-05-11 15:00:00,39,3.87,17.81
138,-11.908534672876806,21.36380964069403,2025-05-11 18:00:00,42,3.57,18.9
138,-11.908534672876806,21.36380964069403,2025-05-11 21:00:00,45,4.87,24.42
138,-11.908534672876806,21.36380964069403,2025-05-12 00:00:00,48,5.12,24.3
138,-11.908534672876806,21.36380964069403,2025-05-12 03:00:00,51,6.64,31.75
138,-11.908534672876806,21.36380964069403,2025-05-12 06:00:00,54,9.06,36.05
138,-11.908534672876806,21.36380964069403,2025-05-12 09:00:00,57,9.71,39.51
138,-11.908534672876806,21.36380964069403,2025-05-12 12:00:00,60,7.35,44.05
138,-11.908534672876806,21.36380964069403,2025-05-12 15:00:00,63,7.09,40.77
138,-11.908534672876806,21.36380964069403,2025-05-12 18:00:00,66,5.7,38.42
138,-11.908534672876806,21.36380964069403,2025-05-12 21:00:00,69,5.8,38.97
138,-11.908534672876806,21.36380964069403,2025-05-13 00:00:00,72,6.14,40.42
138,-11.908534672876806,21.36380964069403,2025-05-13 03:00:00,75,3.57,31.42
138,-11.908534672876806,21.36380964069403,2025-05-13 06:00:00,78,1.06,21.87
138,-11.908534672876806,21.36380964069403,2025-05-13 09:00:00,81,0.75,18.56
138,-11.908534672876806,21.36380964069403,2025-05-13 12:00:00,84,2.29,17.46
138,-11.908534672876806,21.36380964069403,2025-05-13 15:00:00,87,3.11,16.85
138,-11.908534672876806,21.36380964069403,2025-05-13 18:00:00,90,1.87,15.57
138,-11.908534672876806,21.36380964069403,2025-05-13 21:00:00,93,4.33,22.07
138,-11.908534672876806,21.36380964069403,2025-05-14 00:00:00,96,4.15,18.92
138,-11.908534672876806,21.36380964069403,2025-05-14 03:00:00,99,7.29,30.32
138,-11.908534672876806,21.36380964069403,2025-05-14 06:00:00,102,5.17,31.78
138,-11.908534672876806,21.36380964069403,2025-05-14 09:00:00,105,8.51,37.85
138,-11.908534672876806,21.36380964069403,2025-05-14 12:00:00,108,9.87,48.45
138,-11.908534672876806,21.36380964069403,2025-05-14 15:00:00,111,8.94,50.94
138,-11.908534672876806,21.36380964069403,2025-05-14 18:00:00,114,5.51,38.62
138,-11.908534672876806,21.36380964069403,2025-05-14 21:00:00,117,7.74,44.32
139,-11.364520955177047,21.141640799026696,2025-05-10 00:00:00,0,3.84,21.04
139,-11.364520955177047,21.141640799026696,2025-05-10 03:00:00,3,4.95,22.38
139,-11.364520955177047,21.141640799026696,2025-05-10 06:00:00,6,5.89,31.28
139,-11.364520955177047,21.141640799026696,2025-05-10 09:00:00,9,7.43,40.58
139,-11.364520955177047,21.141640799026696,2025-05-10 12:00:00,12,7.83,41.43
139,-11.364520955177047,21.141640799026696,2025-05-10 15:00:00,15,7.98,45.7
139,-11.364520955177047,21.141640799026696,2025-05-10 18:00:00,18,8.39,45.36
139,-11.364520955177047,21.141640799026696,2025-05-10 21:00:00,21,4.64,37.23
139,-11.364520955177047,21.141640799026696,2025-05-11 00:00:00,24,5.71,35.43
139,-11.364520955177047,21.141640799026696,2025-05-11 03:00:00,27,3.07,33.66
139,-11.364520955177047,21.141640799026696,2025-05-11 06:00:00,30,2.41,21.01
139,-11.364520955177047,21.141640799026696,2025-05-11 09:00:00,33,4.13,23.0
139,-11.364520955177047,21.141640799026696,2025-05-11 12:00:00,36,0.53,15.19
139,-11.364520955177047,21.141640799026696,2025-05-11 15:00:00,39,2.58,12.5
139,-11.364520955177047,21.141640799026696,2025-05-11 18:00:00,42,1.7,9.73
139,-11.364520955177047,21.141640799026696,2025-05-11 21:00:00,45,5.08,17.13
139,-11.364520955177047,21.141640799026696,2025-05-12 00:00:00,48,6.4,28.51
139,-11.364520955177047,21.141640799026696,2025-05-12 03:00:00,51,4.85,22.24
139,-11.364520955177047,21.141640799026696,2025-05-12 06:00:00,54,5.3,33.17
139,-11.364520955177047,21.141640799026696,2025-05-12 09:00:00,57,7.51,38.95
139,-11.364520955177047,21.141640799026696,2025-05-12 12:00:00,60,6.04,42.1
139,-11.364520955177047,21.141640799026696,2025-05-12 15:00:00,63,8.84,48.16
139,-11.364520955177047,21.141640799026696,2025-05-12 18:00:00,66,7.48,47.42
139,-11.364520955177047,21.141640799026696,2025-05-12 21:00:00,69,6.92,41.71
139,-11.364520955177047,21.141640799026696,2025-05-13 00:00:00,72,4.56,38.7
139,-11.364520955177047,21.141640799026696,2025-05-13 03:00:00,75,5.52,31.26
139,-11.364520955177047,21.141640799026696,2025-05-13 06:00:00,78,4.55,32.32
139,-11.364520955177047,21.141640799026696,2025-05-13 09:00:00,81,3.69,26.59
139,-11.364520955177047,21.141640799026696,2025-05-13 12:00:00,84,1.25,17.79
139,-11.364520955177047,21.141640799026696,2025-05-13 15:00:00,87,1.28,14.45
139,-11.364520955177047,21.141640799026696,2025-05-13 18:00:00,90,2.18,13.75
139,-11.364520955177047,21.141640799026696,2025-05-13 21:00:00,93,4.16,20.09
139,-11.364520955177047,21.141640799026696,2025-05-14 00:00:00,96,4.06,22.72
139,-11.364520955177047,21.141640799026696,2025-05-14 03:00:00,99,4.86,28.83
139,-11.364520955177047,21.141640799026696,2025-05-14 06:00:00,102,5.48,29.03
139,-11.364520955177047,21.141640799026696,2025-05-14 09:00:00,105,7.09,41.16
139,-11.364520955177047,21.141640799026696,2025-05-14 12:00:00,108,9.14,41.71
139,-11.364520955177047,21.141640799026696,2025-05-14 15:00:00,111,5.94,40.2
139,-11.364520955177047,21.141640799026696,2025-05-14 18:00:00,114,7.61,44.33
139,-11.364520955177047,21.141640799026696,2025-05-14 21:00:00,117,5.11,39.11
140,-11.281397126547981,21.335151517350713,2025-05-10 00:00:00,0,6.73,29.02
140,-11.281397126547981,21.335151517350713,2025-05-10 03:00:00,3,6.89,26.97
140,-11.281397126547981,21.335151517350713,2025-05-10 06:00:00,6,8.17,32.78
140,-11.281397126547981,21.335151517350713,2025-05-10 09:00:00,9,7.02,38.6
140,-11.281397126547981,21.335151517350713,2025-05-10 12:00:00,12,6.55,43.3
140,-11.281397126547981,21.335151517350713,2025-05-10 15:00:00,15,6.2,41.84
140,-11.281397126547981,21.335151517350713,2025-05-10 18:00:00,18,8.69,48.63
140,-11.281397126547981,21.335151517350713,2025-05-10 21:00:00,21,6.76,42.96
140,-11.281397126547981,21.335151517350713,2025-05-11 00:00:00,24,5.05,34.81
140,-11.281397126547981,21.335151517350713,2025-05-11 03:00:00,27,4.02,34.4
140,-11.281397126547981,21.335151517350713,2025-05-11 06:00:00,30,3.14,25.45
140,-11.281397126547981,21.335151517350713,2025-05-11 09:00:00,33,1.94,17.29
140,-11.281397126547981,21.335151517350713,2025-05-11 12:00:00,36,2.99,20.95
140,-11.281397126547981,21.335151517350713,2025-05-11 15:00:00,39,0.36,12.29
140,-11.281397126547981,21.335151517350713,2025-05-11 18:00:00,42,2.82,11.82
140,-11.281397126547981,21.335151517350713,2025-05-11 21:00:00,45,4.18,17.23
140,-11.281397126547981,21.335151517350713,2025-05-12 00:00:00,48,6.46,22.18
140,-11.281397126547981,21.335151517350713,2025-05-12 03:00:00,51,7.83,35.07
140,-11.281397126547981,21.335151517350713,2025-05-12 06:00:00,54,8.67,36.29
140,-11.281397126547981,21.335151517350713,2025-05-12 09:00:00,57,5.92,34.9
140,-11.281397126547981,21.335151517350713,2025-05-12 12:00:00,60,8.54,46.42
140,-11.281397126547981,21.335151517350713,2025-05-12 15:00:00,63,8.13,44.85
140,-11.281397126547981,21.335151517350713,2025-05-12 18:00:00,66,5.38,41.43
140,-11.281397126547981,21.335151517350713,2025-05-12 21:00:00,69,4.41,40.4
140,-11.281397126547981,21.335151517350713,2025-05-13 00:00:00,72,6.82,37.05
140,-11.281397126547981,21.335151517350713,2025-05-13 03:00:00,75,3.4,32.71
140,-11.281397126547981,21.335151517350713,2025-05-13 06:00:00,78,2.89,25.45
140,-11.281397126547981,21.335151517350713,2025-05-13 09:00:00,81,2.53,23.6
140,-11.281397126547981,21.335151517350713,2025-05-13 12:00:00,84,2.35,19.46
140,-11.281397126547981,21.335151517350713,2025-05-13 15:00:00,87,1.24,12.81
140,-11.281397126547981,21.335151517350713,2025-05-13 18:00:00,90,1.58,16.36
140,-11.281397126547981,21.335151517350713,2025-05-13 21:00:00,93,4.34,22.57
140,-11.281397126547981,21.335151517350713,2025-05-14 00:00:00,96,6.5,29.01
140,-11.281397126547981,21.335151517350713,2025-05-14 03:00:00,99,7.51,29.28
140,-11.281397126547981,21.335151517350713,2025-05-14 06:00:00,102,7.5,34.55
140,-11.281397126547981,21.335151517350713,2025-05-14 09:00:00,105,7.91,38.75
140,-11.281397126547981,21.335151517350713,2025-05-14 12:00:00,108,8.4,42.08
140,-11.281397126547981,21.335151517350713,2025-05-14 15:00:00,111,9.67,47.44
140,-11.281397126547981,21.335151517350713,2025-05-14 18:00:00,114,7.4,48.32
140,-11.281397126547981,21.335151517350713,2025-05-14 21:00:00,117,6.97,39.77
141,-11.877311052268885,21.421161182304907,2025-05-10 00:00:00,0,6.11,21.23
141,-11.877311052268885,21.421161182304907,2025-05-10 03:00:00,3,7.53,27.63
141,-11.877311052268885,21.421161182304907,2025-05-10 06:00:00,6,6.04,35.82
141,-11.877311052268885,21.421161182304907,2025-05-10 09:00:00,9,8.33,43.97
141,-11.877311052268885,21.421161182304907,2025-05-10 12:00:00,12,6.33,39.14
141,-11.877311052268885,21.421161182304907,2025-05-10 15:00:00,15,7.19,40.79
141,-11.877311052268885,21.421161182304907,2025-05-10 18:00:00,18,7.89,44.29
141,-11.877311052268885,21.421161182304907,2025-05-10 21:00:00,21,6.98,43.36
141,-11.877311052268885,21.421161182304907,2025-05-11 00:00:00,24,3.82,31.88
141,-11.877311052268885,21.421161182304907,2025-05-11 03:00:00,27,4.87,34.57
141,-11.877311052268885,21.421161182304907,2025-05-11 06:00:00,30,3.2,26.2
141,-11.877311052268885,21.421161182304907,2025-05-11 09:00:00,33,0.32,19.51
141,-11.877311052268885,21.421161182304907,2025-05-11 12:00:00,36,1.48,13.01
141,-11.877311052268885,21.421161182304907,2025-05-11 15:00:00,39,3.44,14.69
141,-11.877311052268885,21.421161182304907,2025-05-11 18:00:00,42,3.74,18.32
141,-11.877311052268885,21.421161182304907,2025-05-11 21:00:00,45,4.07,22.3
141,-11.877311052268885,21.421161182304907,2025-05-12 00:00:00,48,3.64,24.11
141,-11.877311052268885,21.421161182304907,2025-05-12 03:00:00,51,8.02,28.85
141,-11.877311052268885,21.421161182304907,2025-05-12 06:00:00,54,7.82,35.41
141,-11.877311052268885,21.421161182304907,2025-05-12 09:00:00,57,9.32,39.19
141,-11.877311052268885,21.421161182304907,2025-05-12 12:00:00,60,6.9,40.68
141,-11.877311052268885,21.421161182304907,2025-05-12 15:00:00,63,6.19,37.74
141,-11.877311052268885,21.421161182304907,2025-05-12 18:00:00,66,5.38,39.69
141,-11.877311052268885,21.421161182304907,2025-05-12 21:00:00,69,7.27,46.57
141,-11.877311052268885,21.421161182304907,2025-05-13 00:00:00,72,3.45,37.77
141,-11.877311052268885,21.421161182304907,2025-05-13 03:00:00,75,2.68,28.89
141,-11.877311052268885,21.421161182304907,2025-05-13 06:00:00,78,4.45,28.37
141,-11.877311052268885,21.421161182304907,2025-05-13 09:00:00,81,0.97,16.44
141,-11.877311052268885,21.421161182304907,2025-05-13 12:00:00,84,2.24,14.53
141,-11.877311052268885,21.421161182304907,2025-05-13 15:00:00,87,3.5,19.47
141,-11.877311052268885,21.421161182304907,2025-05-13 18:00:00,90,0.9,8.57
141,-11.877311052268885,21.421161182304907,2025-05-13 21:00:00,93,3.76,16.35
141,-11.877311052268885,21.421161182304907,2025-05-14 00:00:00,96,4.12,17.65
141,-11.877311052268885,21.421161182304907,2025-05-14 03:00:00,99,7.44,27.7
141,-11.877311052268885,21.421161182304907,2025-05-14 06:00:00,102,7.27,36.94
141,-11.877311052268885,21.421161182304907,2025-05-14 09:00:00,105,6.02,38.44
141,-11.877311052268885,21.421161182304907,2025-05-14 12:00:00,108,9.91,43.22
141,-11.877311052268885,21.421161182304907,2025-05-14 15:00:00,111,6.91,40.38
141,-11.877311052268885,21.421161182304907,2025-05-14 18:00:00,114,6.47,43.66
141,-11.877311052268885,21.421161182304907,2025-05-14 21:00:00,117,7.35,43.99
142,-11.923006720475085,21.413807887721333,2025-05-10 00:00:00,0,4.0,19.03
142,-11.923006720475085,21.413807887721333,2025-05-10 03:00:00,3,6.38,32.12
142,-11.923006720475085,21.413807887721333,2025-05-10 06:00:00,6,5.89,29.04
142,-11.923006720475085,21.413807887721333,2025-05-10 09:00:00,9,6.95,35.18
142,-11.923006720475085,21.413807887721333,2025-05-10 12:00:00,12,9.76,43.32
142,-11.923006720475085,21.413807887721333,2025-05-10 15:00:00,15,9.49,51.48
142,-11.923006720475085,21.413807887721333,2025-05-10 18:00:00,18,7.95,45.28
142,-11.923006720475085,21.413807887721333,2025-05-10 21:00:00,21,7.75,42.71
142,-11.923006720475085,21.413807887721333,2025-05-11 00:00:00,24,6.47,39.72
142,-11.923006720475085,21.413807887721333,2025-05-11 03:00:00,27,5.4,34.24
142,-11.923006720475085,21.413807887721333,2025-05-11 06:00:00,30,1.67,26.35
142,-11.923006720475085,21.413807887721333,2025-05-11 09:00:00,33,0.45,17.5
142,-11.923006720475085,21.413807887721333,2025-05-11 12:00:00,36,1.24,14.08
142,-11.923006720475085,21.413807887721333,2025-05-11 15:00:00,39,3.17,20.48
142,-11.923006720475085,21.413807887721333,2025-05-11 18:00:00,42,1.01,12.51
142,-11.923006720475085,21.413807887721333,2025-05-11 21:00:00,45,2.28,15.99
142,-11.923006720475085,21.413807887721333,2025-05-12 00:00:00,48,5.72,20.5
142,-11.923006720475085,21.413807887721333,2025-05-12 03:00:00,51,5.41,28.06
142,-11.923006720475085,21.413807887721333,2025-05-12 06:00:00,54,5.71,30.22
142,-11.923006720475085,21.413807887721333,2025-05-12 09:00:00,57,6.2,35.81
142,-11.923006720475085,21.413807887721333,2025-05-12 12:00:00,60,6.62,39.74
142,-11.923006720475085,21.413807887721333,2025-05-12 15:00:00,63,6.06,39.01
142,-11.923006720475085,21.413807887721333,2025-05-12 18:00:00,66,7.69,44.84
142,-11.923006720475085,21.413807887721333,2025-05-12 21:00:00,69,6.22,38.31
142,-11.923006720475085,21.413807887721333,2025-05-13 00:00:00,72,4.42,32.04
142,-11.923006720475085,21.413807887721333,2025-05-13 03:00:00,75,5.48,32.22
142,-11.923006720475085,21.413807887721333,2025-05-13 06:00:00,78,4.38,25.64
142,-11.923006720475085,21.413807887721333,2025-05-13 09:00:00,81,2.54,21.56
142,-11.923006720475085,21.413807887721333,2025-05-13 12:00:00,84,2.83,19.67
142,-11.923006720475085,21.413807887721333,2025-05-13 15:00:00,87,3.21,13.39
142,-11.923006720475085,21.413807887721333,2025-05-13 18:00:00,90,2.23,11.79
142,-11.923006720475085,21.413807887721333,2025-05-13 21:00:00,93,5.36,23.72
142,-11.923006720475085,21.413807887721333,2025-05-14 00:00:00,96,3.18,16.6
142,-11.923006720475085,21.413807887721333,2025-05-14 03:00:00,99,5.54,30.55
142,-11.923006720475085,21.413807887721333,2025-05-14 06:00:00,102,7.27,37.63
142,-11.923006720475085,21.413807887721333,2025-05-14 09:00:00,105,7.67,38.57
142,-11.923006720475085,21.413807887721333,2025-05-14 12:00:00,108,9.29,47.66
142,-11.923006720475085,21.413807887721333,2025-05-14 15:00:00,111,8.8,48.83
142,-11.923006720475085,21.413807887721333,2025-05-14 18:00:00,114,5.6,41.33
142,-11.923006720475085,21.413807887721333,2025-05-14 21:00:00,117,7.44,40.58
143,-11.68669414117972,21.500719829046805,2025-05-10 00:00:00,0,4.5,20.35
143,-11.68669414117972,21.500719829046805,2025-05-10 03:00:00,3,7.57,33.06
143,-11.68669414117972,21.500719829046805,2025-05-10 06:00:00,6,6.91,37.61
143,-11.68669414117972,21.500719829046805,2025-05-10 09:00:00,9,9.73,40.3
143,-11.68669414117972,21.500719829046805,2025-05-10 12:00:00,12,6.19,39.06
143,-11.68669414117972,21.500719829046805,2025-05-10 15:00:00,15,9.44,44.27
143,-11.68669414117972,21.500719829046805,2025-05-10 18:00:00,18,7.19,46.46
143,-11.68669414117972,21.500719829046805,2025-05-10 21:00:00,21,5.75,44.62
143,-11.68669414117972,21.500719829046805,2025-05-11 00:00:00,24,3.21,32.58
143,-11.68669414117972,21.500719829046805,2025-05-11 03:00:00,27,4.67,32.91
143,-11.68669414117972,21.500719829046805,2025-05-11 06:00:00,30,3.78,25.5
143,-11.68669414117972,21.500719829046805,2025-05-11 09:00:00,33,2.98,22.33
143,-11.68669414117972,21.500719829046805,2025-05-11 12:00:00,36,0.79,15.48
143,-11.68669414117972,21.500719829046805,2025-05-11 15:00:00,39,3.57,20.55
143,-11.68669414117972,21.500719829046805,2025-05-11 18:00:00,42,3.79,14.35
143,-11.68669414117972,21.500719829046805,2025-05-11 21:00:00,45,1.86,13.03
143,-11.68669414117972,21.500719829046805,2025-05-12 00:00:00,48,4.3,20.25
143,-11.68669414117972,21.500719829046805,2025-05-12 03:00:00,51,5.42,26.84
143,-11.68669414117972,21.500719829046805,2025-05-12 06:00:00,54,9.05,36.33
143,-11.68669414117972,21.500719829046805,2025-05-12 09:00:00,57,8.45,39.05
143,-11.68669414117972,21.500719829046805,2025-05-12 12:00:00,60,8.46,45.49
143,-11.68669414117972,21.500719829046805,2025-05-12 15:00:00,63,6.44,38.12
143,-11.68669414117972,21.500719829046805,2025-05-12 18:00:00,66,5.47,42.16
143,-11.68669414117972,21.500719829046805,2025-05-12 21:00:00,69,6.34,40.06
143,-11.68669414117972,21.500719829046805,2025-05-13 00:00:00,72,6.15,39.56
143,-11.68669414117972,21.500719829046805,2025-05-13 03:00:00,75,4.07,34.85
143,-11.68669414117972,21.500719829046805,2025-05-13 06:00:00,78,1.42,26.39
143,-11.68669414117972,21.500719829046805,2025-05-13 09:00:00,81,1.33,20.65
143,-11.68669414117972,21.500719829046805,2025-05-13 12:00:00,84,1.59,18.83
143,-11.68669414117972,21.500719829046805,2025-05-13 15:00:00,87,2.05,17.92
143,-11.68669414117972,21.500719829046805,2025-05-13 18:00:00,90,3.39,15.9
143,-11.68669414117972,21.500719829046805,2025-05-13 21:00:00,93,3.41,20.4
143,-11.68669414117972,21.500719829046805,2025-05-14 00:00:00,96,6.17,24.31
143,-11.68669414117972,21.500719829046805,2025-05-14 03:00:00,99,6.25,25.8
143,-11.68669414117972,21.500719829046805,2025-05-14 06:00:00,102,8.18,38.11
143,-11.68669414117972,21.500719829046805,2025-05-14 09:00:00,105,9.61,39.75
143,-11.68669414117972,21.500719829046805,2025-05-14 12:00:00,108,8.65,48.34
143,-11.68669414117972,21.500719829046805,2025-05-14 15:00:00,111,8.19,47.85
143,-11.68669414117972,21.500719829046805,2025-05-14 18:00:00,114,7.14,42.34
143,-11.68669414117972,21.500719829046805,2025-05-14 21:00:00,117,7.13,45.21
144,-11.655468913288926,21.732887322075555,2025-05-10 00:00:00,0,6.88,23.56
144,-11.655468913288926,21.732887322075555,2025-05-10 03:00:00,3,6.68,28.28
144,-11.655468913288926,21.732887322075555,2025-05-10 06:00:00,6,6.4,29.28
144,-11.655468913288926,21.732887322075555,2025-05-10 09:00:00,9,6.36,35.53
144,-11.655468913288926,21.732887322075555,2025-05-10 12:00:00,12,9.42,46.65
144,-11.655468913288926,21.732887322075555,2025-05-10 15:00:00,15,6.01,39.26
144,-11.655468913288926,21.732887322075555,2025-05-10 18:00:00,18,7.53,42.26
144,-11.655468913288926,21.732887322075555,2025-05-10 21:00:00,21,7.72,43.93
144,-11.655468913288926,21.732887322075555,2025-05-11 00:00:00,24,5.84,42.59
144,-11.655468913288926,21.732887322075555,2025-05-11 03:00:00,27,2.5,25.7
144,-11.655468913288926,21.732887322075555,2025-05-11 06:00:00,30,1.05,19.29
144,-11.655468913288926,21.732887322075555,2025-05-11 09:00:00,33,1.78,16.29
144,-11.655468913288926,21.732887322075555,2025-05-11 12:00:00,36,2.34,14.57
144,-11.655468913288926,21.732887322075555,2025-05-11 15:00:00,39,0.38,12.95
144,-11.655468913288926,21.732887322075555,2025-05-11 18:00:00,42,3.5,15.78
144,-11.655468913288926,21.732887322075555,2025-05-11 21:00:00,45,5.13,22.12
144,-11.655468913288926,21.732887322075555,2025-05-12 00:00:00,48,5.14,21.79
144,-11.655468913288926,21.732887322075555,2025-05-12 03:00:00,51,7.05,30.24
144,-11.655468913288926,21.732887322075555,2025-05-12 06:00:00,54,7.55,35.1
144,-11.655468913288926,21.732887322075555,2025-05-12 09:00:00,57,9.2,43.78
144,-11.655468913288926,21.732887322075555,2025-05-12 12:00:00,60,9.56,50.06
144,-11.655468913288926,21.732887322075555,2025-05-12 15:00:00,63,8.94,45.75
144,-11.655468913288926,21.732887322075555,2025-05-12 18:00:00,66,7.17,42.33
144,-11.655468913288926,21.732887322075555,2025-05-12 21:00:00,69,4.36,36.99
144,-11.655468913288926,21.732887322075555,2025-05-13 00:00:00,72,6.07,36.6
144,-11.655468913288926,21.732887322075555,2025-05-13 03:00:00,75,3.61,33.53
144,-11.655468913288926,21.732887322075555,2025-05-13 06:00:00,78,1.28,19.94
144,-11.655468913288926,21.732887322075555,2025-05-13 09:00:00,81,3.1,21.29
144,-11.655468913288926,21.732887322075555,2025-05-13 12:00:00,84,2.93,17.21
144,-11.655468913288926,21.732887322075555,2025-05-13 15:00:00,87,1.53,11.52
144,-11.655468913288926,21.732887322075555,2025-05-13 18:00:00,90,1.55,11.79
144,-11.655468913288926,21.732887322075555,2025-05-13 21:00:00,93,3.48,20.31
144,-11.655468913288926,21.732887322075555,2025-05-14 00:00:00,96,4.78,24.9
144,-11.655468913288926,21.732887322075555,2025-05-14 03:00:00,99,7.17,34.43
144,-11.655468913288926,21.732887322075555,2025-05-14 06:00:00,102,6.79,31.83
144,-11.655468913288926,21.732887322075555,2025-05-14 09:00:00,105,7.45,38.45
144,-11.655468913288926,21.732887322075555,2025-05-14 12:00:00,108,8.14,45.32
144,-11.655468913288926,21.732887322075555,2025-05-14 15:00:00,111,6.63,38.7
144,-11.655468913288926,21.732887322075555,2025-05-14 18:00:00,114,6.65,47.27
144,-11.655468913288926,21.732887322075555,2025-05-14 21:00:00,117,7.66,46.34
145,-11.356642789816368,21.735523273358222,2025-05-10 00:00:00,0,3.49,16.46
145,-11.356642789816368,21.735523273358222,2025-05-10 03:00:00,3,6.69,33.4
145,-11.356642789816368,21.735523273358222,2025-05-10 06:00:00,6,7.72,36.51
145,-11.356642789816368,21.735523273358222,2025-05-10 09:00:00,9,7.1,34.85
145,-11.356642789816368,21.735523273358222,2025-05-10 12:00:00,12,7.64,43.45
145,-11.356642789816368,21.735523273358222,2025-05-10 15:00:00,15,7.54,46.51
145,-11.356642789816368,21.735523273358222,2025-05-10 18:00:00,18,8.19,46.69
145,-11.356642789816368,21.735523273358222,2025-05-10 21:00:00,21,7.49,40.59
145,-11.356642789816368,21.735523273358222,2025-05-11 00:00:00,24,5.79,40.26
145,-11.356642789816368,21.735523273358222,2025-05-11 03:00:00,27,4.48,31.91
145,-11.356642789816368,21.735523273358222,2025-05-11 06:00:00,30,4.87,30.54
145,-11.356642789816368,21.735523273358222,2025-05-11 09:00:00,33,0.44,20.72
145,-11.356642789816368,21.735523273358222,2025-05-11 12:00:00,36,2.94,16.69
145,-11.356642789816368,21.735523273358222,2025-05-11 15:00:00,39,2.53,17.82
145,-11.356642789816368,21.735523273358222,2025-05-11 18:00:00,42,1.58,15.58
145,-11.356642789816368,21.735523273358222,2025-05-11 21:00:00,45,5.3,18.69
145,-11.356642789816368,21.735523273358222,2025-05-12 00:00:00,48,6.98,23.34
145,-11.356642789816368,21.735523273358222,2025-05-12 03:00:00,51,6.29,25.7
145,-11.356642789816368,21.735523273358222,2025-05-12 06:00:00,54,7.2,34.91
145,-11.356642789816368,21.735523273358222,2025-05-12 09:00:00,57,7.83,42.42
145,-11.356642789816368,21.735523273358222,2025-05-12 12:00:00,60,7.64,38.94
145,-11.356642789816368,21.735523273358222,2025-05-12 15:00:00,63,8.28,45.48
145,-11.356642789816368,21.735523273358222,2025-05-12 18:00:00,66,7.57,48.15
145,-11.356642789816368,21.735523273358222,2025-05-12 21:00:00,69,5.16,35.64
145,-11.356642789816368,21.735523273358222,2025-05-13 00:00:00,72,3.67,32.63
145,-11.356642789816368,21.735523273358222,2025-05-13 03:00:00,75,5.8,37.13
145,-11.356642789816368,21.735523273358222,2025-05-13 06:00:00,78,0.88,18.86
145,-11.356642789816368,21.735523273358222,2025-05-13 09:00:00,81,2.45,17.17
145,-11.356642789816368,21.735523273358222,2025-05-13 12:00:00,84,0.97,14.19
145,-11.356642789816368,21.735523273358222,2025-05-13 15:00:00,87,0.37,9.06
145,-11.356642789816368,21.735523273358222,2025-05-13 18:00:00,90,2.33,17.91
145,-11.356642789816368,21.735523273358222,2025-05-13 21:00:00,93,3.83,17.57
145,-11.356642789816368,21.735523273358222,2025-05-14 00:00:00,96,5.51,20.65
145,-11.356642789816368,21.735523273358222,2025-05-14 03:00:00,99,5.65,29.2
145,-11.356642789816368,21.735523273358222,2025-05-14 06:00:00,102,6.1,34.46
145,-11.356642789816368,21.735523273358222,2025-05-14 09:00:00,105,8.4,40.25
145,-11.356642789816368,21.735523273358222,2025-05-14 12:00:00,108,6.86,37.23
145,-11.356642789816368,21.735523273358222,2025-05-14 15:00:00,111,6.35,45.86
145,-11.356642789816368,21.735523273358222,2025-05-14 18:00:00,114,8.28,45.62
145,-11.356642789816368,21.735523273358222,2025-05-14 21:00:00,117,5.76,38.14
146,-11.788068437597667,21.169608746675603,2025-05-10 00:00:00,0,5.02,26.69
146,-11.788068437597667,21.169608746675603,2025-05-10 03:00:00,3,4.7,26.67
146,-11.788068437597667,21.169608746675603,2025-05-10 06:00:00,6,7.8,35.93
146,-11.788068437597667,21.169608746675603,2025-05-10 09:00:00,9,8.4,44.5
146,-11.788068437597667,21.169608746675603,2025-05-10 12:00:00,12,9.69,48.91
146,-11.788068437597667,21.169608746675603,2025-05-10 15:00:00,15,9.11,45.04
146,-11.788068437597667,21.169608746675603,2025-05-10 18:00:00,18,6.01,44.15
146,-11.788068437597667,21.169608746675603,2025-05-10 21:00:00,21,5.13,36.47
146,-11.788068437597667,21.169608746675603,2025-05-11 00:00:00,24,4.86,40.61
146,-11.788068437597667,21.169608746675603,2025-05-11 03:00:00,27,3.52,31.35
146,-11.788068437597667,21.169608746675603,2025-05-11 06:00:00,30,1.15,18.78
146,-11.788068437597667,21.169608746675603,2025-05-11 09:00:00,33,0.86,16.34
146,-11.788068437597667,21.169608746675603,2025-05-11 12:00:00,36,2.09,20.09
146,-11.788068437597667,21.169608746675603,2025-05-11 15:00:00,39,3.83,21.32
146,-11.788068437597667,21.169608746675603,2025-05-11 18:00:00,42,2.68,18.25
146,-11.788068437597667,21.169608746675603,2025-05-11 21:00:00,45,3.82,16.51
146,-11.788068437597667,21.169608746675603,2025-05-12 00:00:00,48,6.12,26.39
146,-11.788068437597667,21.169608746675603,2025-05-12 03:00:00,51,5.25,30.02
146,-11.788068437597667,21.169608746675603,2025-05-12 06:00:00,54,8.3,34.68
146,-11.788068437597667,21.169608746675603,2025-05-12 09:00:00,57,6.63,40.85
146,-11.788068437597667,21.169608746675603,2025-05-12 12:00:00,60,7.8,38.82
146,-11.788068437597667,21.169608746675603,2025-05-12 15:00:00,63,7.23,47.19
146,-11.788068437597667,21.169608746675603,2025-05-12 18:00:00,66,6.0,43.73
146,-11.788068437597667,21.169608746675603,2025-05-12 21:00:00,69,5.73,42.56
146,-11.788068437597667,21.169608746675603,2025-05-13 00:00:00,72,3.64,37.1
146,-11.788068437597667,21.169608746675603,2025-05-13 03:00:00,75,2.1,28.38
146,-11.788068437597667,21.169608746675603,2025-05-13 06:00:00,78,2.46,23.02
146,-11.788068437597667,21.169608746675603,2025-05-13 09:00:00,81,3.79,25.81
146,-11.788068437597667,21.169608746675603,2025-05-13 12:00:00,84,2.5,18.09
146,-11.788068437597667,21.169608746675603,2025-05-13 15:00:00,87,0.63,8.73
146,-11.788068437597667,21.169608746675603,2025-05-13 18:00:00,90,2.76,14.77
146,-11.788068437597667,21.169608746675603,2025-05-13 21:00:00,93,3.33,13.87
146,-11.788068437597667,21.169608746675603,2025-05-14 00:00:00,96,3.01,15.14
146,-11.788068437597667,21.169608746675603,2025-05-14 03:00:00,99,4.95,22.74
146,-11.788068437597667,21.169608746675603,2025-05-14 06:00:00,102,6.72,33.76
146,-11.788068437597667,21.169608746675603,2025-05-14 09:00:00,105,6.53,36.1
146,-11.788068437597667,21.169608746675603,2025-05-14 12:00:00,108,6.96,44.53
146,-11.788068437597667,21.169608746675603,2025-05-14 15:00:00,111,7.98,41.5
146,-11.788068437597667,21.169608746675603,2025-05-14 18:00:00,114,8.55,47.7
146,-11.788068437597667,21.169608746675603,2025-05-14 21:00:00,117,7.99,44.78
147,-11.757240030444876,21.742924381708963,2025-05-10 00:00:00,0,4.17,19.4
147,-11.757240030444876,21.742924381708963,2025-05-10 03:00:00,3,5.03,24.88
147,-11.757240030444876,21.742924381708963,2025-05-10 06:00:00,6,8.05,39.67
147,-11.757240030444876,21.742924381708963,2025-05-10 09:00:00,9,8.67,41.76
147,-11.757240030444876,21.742924381708963,2025-05-10 12:00:00,12,8.94,40.99
147,-11.757240030444876,21.742924381708963,2025-05-10 15:00:00,15,9.44,50.91
147,-11.757240030444876,21.742924381708963,2025-05-10 18:00:00,18,7.26,47.74
147,-11.757240030444876,21.742924381708963,2025-05-10 21:00:00,21,4.5,41.05
147,-11.757240030444876,21.742924381708963,2025-05-11 00:00:00,24,4.84,35.87
147,-11.757240030444876,21.742924381708963,2025-05-11 03:00:00,27,3.83,28.09
147,-11.757240030444876,21.742924381708963,2025-05-11 06:00:00,30,2.78,26.18
147,-11.757240030444876,21.742924381708963,2025-05-11 09:00:00,33,1.71,21.58
147,-11.757240030444876,21.742924381708963,2025-05-11 12:00:00,36,1.1,17.71
147,-11.757240030444876,21.742924381708963,2025-05-11 15:00:00,39,1.72,10.23
147,-11.757240030444876,21.742924381708963,2025-05-11 18:00:00,42,4.76,20.53
147,-11.757240030444876,21.742924381708963,2025-05-11 21:00:00,45,2.65,15.52
147,-11.757240030444876,21.742924381708963,2025-05-12 00:00:00,48,3.27,18.33
147,-11.757240030444876,21.742924381708963,2025-05-12 03:00:00,51,4.41,23.53
147,-11.757240030444876,21.742924381708963,2025-05-12 06:00:00,54,6.36,32.03
147,-11.757240030444876,21.742924381708963,2025-05-12 09:00:00,57,9.15,42.68
147,-11.757240030444876,21.742924381708963,2025-05-12 12:00:00,60,6.88,40.67
147,-11.757240030444876,21.742924381708963,2025-05-12 15:00:00,63,6.31,41.05
147,-11.757240030444876,21.742924381708963,2025-05-12 18:00:00,66,8.37,49.98
147,-11.757240030444876,21.742924381708963,2025-05-12 21:00:00,69,7.24,46.85
147,-11.757240030444876,21.742924381708963,2025-05-13 00:00:00,72,6.62,44.3
147,-11.757240030444876,21.742924381708963,2025-05-13 03:00:00,75,3.62,33.79
147,-11.757240030444876,21.742924381708963,2025-05-13 06:00:00,78,2.76,22.34
147,-11.757240030444876,21.742924381708963,2025-05-13 09:00:00,81,4.2,28.28
147,-11.757240030444876,21.742924381708963,2025-05-13 12:00:00,84,2.02,15.09
147,-11.757240030444876,21.742924381708963,2025-05-13 15:00:00,87,0.84,12.34
147,-11.757240030444876,21.742924381708963,2025-05-13 18:00:00,90,0.88,12.35
147,-11.757240030444876,21.742924381708963,2025-05-13 21:00:00,93,3.42,14.75
147,-11.757240030444876,21.742924381708963,2025-05-14 00:00:00,96,4.81,18.85
147,-11.757240030444876,21.742924381708963,2025-05-14 03:00:00,99,6.99,31.27
147,-11.757240030444876,21.742924381708963,2025-05-14 06:00:00,102,6.06,28.68
147,-11.757240030444876,21.742924381708963,2025-05-14 09:00:00,105,8.96,42.92
147,-11.757240030444876,21.742924381708963,2025-05-14 12:00:00,108,8.57,42.91
147,-11.757240030444876,21.742924381708963,2025-05-14 15:00:00,111,6.42,44.37
147,-11.757240030444876,21.742924381708963,2025-05-14 18:00:00,114,7.59,42.92
147,-11.757240030444876,21.742924381708963,2025-05-14 21:00:00,117,4.95,43.01
148,-11.575587247137232,21.105630190494832,2025-05-10 00:00:00,0,3.41,22.86
148,-11.575587247137232,21.105630190494832,2025-05-10 03:00:00,3,6.09,29.86
148,-11.575587247137232,21.105630190494832,2025-05-10 06:00:00,6,7.38,34.21
148,-11.575587247137232,21.105630190494832,2025-05-10 09:00:00,9,7.17,38.57
148,-11.575587247137232,21.105630190494832,2025-05-10 12:00:00,12,8.52,46.52
148,-11.575587247137232,21.105630190494832,2025-05-10 15:00:00,15,8.18,44.51
148,-11.575587247137232,21.105630190494832,2025-05-10 18:00:00,18,7.02,41.07
148,-11.575587247137232,21.105630190494832,2025-05-10 21:00:00,21,4.49,41.32
148,-11.575587247137232,21.105630190494832,2025-05-11 00:00:00,24,4.16,33.0
148,-11.575587247137232,21.105630190494832,2025-05-11 03:00:00,27,5.62,35.12
148,-11.575587247137232,21.105630190494832,2025-05-11 06:00:00,30,3.09,26.44
148,-11.575587247137232,21.105630190494832,2025-05-11 09:00:00,33,1.53,22.97
148,-11.575587247137232,21.105630190494832,2025-05-11 12:00:00,36,2.43,18.68
148,-11.575587247137232,21.105630190494832,2025-05-11 15:00:00,39,1.4,14.49
148,-11.575587247137232,21.105630190494832,2025-05-11 18:00:00,42,1.34,12.8
148,-11.575587247137232,21.105630190494832,2025-05-11 21:00:00,45,3.14,20.5
148,-11.575587247137232,21.105630190494832,2025-05-12 00:00:00,48,5.82,22.65
148,-11.575587247137232,21.105630190494832,2025-05-12 03:00:00,51,5.6,26.3
148,-11.575587247137232,21.105630190494832,2025-05-12 06:00:00,54,6.99,37.31
148,-11.575587247137232,21.105630190494832,2025-05-12 09:00:00,57,9.03,39.28
148,-11.575587247137232,21.105630190494832,2025-05-12 12:00:00,60,8.43,40.82
148,-11.575587247137232,21.105630190494832,2025-05-12 15:00:00,63,9.51,45.87
148,-11.575587247137232,21.105630190494832,2025-05-12 18:00:00,66,5.2,36.7
148,-11.575587247137232,21.105630190494832,2025-05-12 21:00:00,69,7.77,46.53
148,-11.575587247137232,21.105630190494832,2025-05-13 00:00:00,72,3.8,34.8
148,-11.575587247137232,21.105630190494832,2025-05-13 03:00:00,75,2.15,24.76
148,-11.575587247137232,21.105630190494832,2025-05-13 06:00:00,78,4.17,30.75
148,-11.575587247137232,21.105630190494832,2025-05-13 09:00:00,81,1.6,17.24
148,-11.575587247137232,21.105630190494832,2025-05-13 12:00:00,84,3.76,19.99
148,-11.575587247137232,21.105630190494832,2025-05-13 15:00:00,87,3.98,22.69
148,-11.575587247137232,21.105630190494832,2025-05-13 18:00:00,90,2.46,11.94
148,-11.575587247137232,21.105630190494832,2025-05-13 21:00:00,93,3.72,20.7
148,-11.575587247137232,21.105630190494832,2025-05-14 00:00:00,96,4.3,22.26
148,-11.575587247137232,21.105630190494832,2025-05-14 03:00:00,99,7.41,29.41
148,-11.575587247137232,21.105630190494832,2025-05-14 06:00:00,102,5.52,33.77
148,-11.575587247137232,21.105630190494832,2025-05-14 09:00:00,105,8.18,41.69
148,-11.575587247137232,21.105630190494832,2025-05-14 12:00:00,108,8.82,45.73
148,-11.575587247137232,21.105630190494832,2025-05-14 15:00:00,111,7.58,40.96
148,-11.575587247137232,21.105630190494832,2025-05-14 18:00:00,114,8.42,46.6
148,-11.575587247137232,21.105630190494832,2025-05-14 21:00:00,117,8.05,43.31
149,-11.904247646791797,21.354130788101543,2025-05-10 00:00:00,0,6.59,24.0
149,-11.904247646791797,21.354130788101543,2025-05-10 03:00:00,3,5.5,26.62
149,-11.904247646791797,21.354130788101543,2025-05-10 06:00:00,6,6.68,30.17
149,-11.904247646791797,21.354130788101543,2025-05-10 09:00:00,9,5.98,37.27
149,-11.904247646791797,21.354130788101543,2025-05-10 12:00:00,12,9.15,43.49
149,-11.904247646791797,21.354130788101543,2025-05-10 15:00:00,15,7.82,43.96
149,-11.904247646791797,21.354130788101543,2025-05-10 18:00:00,18,5.31,36.62
149,-11.904247646791797,21.354130788101543,2025-05-10 21:00:00,21,6.78,45.4
149,-11.904247646791797,21.354130788101543,2025-05-11 00:00:00,24,5.06,36.17
149,-11.904247646791797,21.354130788101543,2025-05-11 03:00:00,27,5.31,32.38
149,-11.904247646791797,21.354130788101543,2025-05-11 06:00:00,30,2.05,26.05
149,-11.904247646791797,21.354130788101543,2025-05-11 09:00:00,33,3.9,24.6
149,-11.904247646791797,21.354130788101543,2025-05-11 12:00:00,36,3.51,21.36
149,-11.904247646791797,21.354130788101543,2025-05-11 15:00:00,39,3.35,14.1
149,-11.904247646791797,21.354130788101543,2025-05-11 18:00:00,42,2.93,18.15
149,-11.904247646791797,21.354130788101543,2025-05-11 21:00:00,45,5.14,22.57
149,-11.904247646791797,21.354130788101543,2025-05-12 00:00:00,48,5.38,27.32
149,-11.904247646791797,21.354130788101543,2025-05-12 03:00:00,51,5.91,26.11
149,-11.904247646791797,21.354130788101543,2025-05-12 06:00:00,54,5.19,32.36
149,-11.904247646791797,21.354130788101543,2025-05-12 09:00:00,57,8.53,39.52
149,-11.904247646791797,21.354130788101543,2025-05-12 12:00:00,60,9.39,44.97
149,-11.904247646791797,21.354130788101543,2025-05-12 15:00:00,63,7.78,44.08
149,-11.904247646791797,21.354130788101543,2025-05-12 18:00:00,66,8.55,47.42
149,-11.904247646791797,21.354130788101543,2025-05-12 21:00:00,69,5.25,37.86
149,-11.904247646791797,21.354130788101543,2025-05-13 00:00:00,72,3.51,34.88
149,-11.904247646791797,21.354130788101543,2025-05-13 03:00:00,75,3.2,34.19
149,-11.904247646791797,21.354130788101543,2025-05-13 06:00:00,78,2.51,24.0
149,-11.904247646791797,21.354130788101543,2025-05-13 09:00:00,81,0.37,15.3
149,-11.904247646791797,21.354130788101543,2025-05-13 12:00:00,84,0.13,11.66
149,-11.904247646791797,21.354130788101543,2025-05-13 15:00:00,87,3.4,15.87
149,-11.904247646791797,21.354130788101543,2025-05-13 18:00:00,90,0.95,11.57
149,-11.904247646791797,21.354130788101543,2025-05-13 21:00:00,93,4.42,18.02
149,-11.904247646791797,21.354130788101543,2025-05-14 00:00:00,96,7.0,28.58
149,-11.904247646791797,21.354130788101543,2025-05-14 03:00:00,99,5.58,29.65
149,-11.904247646791797,21.354130788101543,2025-05-14 06:00:00,102,5.22,30.76
149,-11.904247646791797,21.354130788101543,2025-05-14 09:00:00,105,8.16,36.83
149,-11.904247646791797,21.354130788101543,2025-05-14 12:00:00,108,8.57,44.37
149,-11.904247646791797,21.354130788101543,2025-05-14 15:00:00,111,8.05,43.37
149,-11.904247646791797,21.354130788101543,2025-05-14 18:00:00,114,7.77,48.27
149,-11.904247646791797,21.354130788101543,2025-05-14 21:00:00,117,4.71,40.45
150,-11.834651206642643,21.314174684735036,2025-05-10 00:00:00,0,4.22,17.98
150,-11.834651206642643,21.314174684735036,2025-05-10 03:00:00,3,6.67,26.14
150,-11.834651206642643,21.314174684735036,2025-05-10 06:00:00,6,8.28,37.72
150,-11.834651206642643,21.314174684735036,2025-05-10 09:00:00,9,9.5,44.75
150,-11.834651206642643,21.314174684735036,2025-05-10 12:00:00,12,8.83,41.97
150,-11.834651206642643,21.314174684735036,2025-05-10 15:00:00,15,9.01,49.93
150,-11.834651206642643,21.314174684735036,2025-05-10 18:00:00,18,7.44,43.82
150,-11.834651206642643,21.314174684735036,2025-05-10 21:00:00,21,8.09,48.89
150,-11.834651206642643,21.314174684735036,2025-05-11 00:00:00,24,3.06,34.97
150,-11.834651206642643,21.314174684735036,2025-05-11 03:00:00,27,2.07,31.76
150,-11.834651206642643,21.314174684735036,2025-05-11 06:00:00,30,1.95,22.35
150,-11.834651206642643,21.314174684735036,2025-05-11 09:00:00,33,0.57,20.79
150,-11.834651206642643,21.314174684735036,2025-05-11 12:00:00,36,0.02,12.55
150,-11.834651206642643,21.314174684735036,2025-05-11 15:00:00,39,3.91,20.13
150,-11.834651206642643,21.314174684735036,2025-05-11 18:00:00,42,2.18,14.03
150,-11.834651206642643,21.314174684735036,2025-05-11 21:00:00,45,5.63,22.51
150,-11.834651206642643,21.314174684735036,2025-05-12 00:00:00,48,3.96,21.82
150,-11.834651206642643,21.314174684735036,2025-05-12 03:00:00,51,7.21,33.18
150,-11.834651206642643,21.314174684735036,2025-05-12 06:00:00,54,7.41,35.88
150,-11.834651206642643,21.314174684735036,2025-05-12 09:00:00,57,8.85,38.16
150,-11.834651206642643,21.314174684735036,2025-05-12 12:00:00,60,6.52,39.86
150,-11.834651206642643,21.314174684735036,2025-05-12 15:00:00,63,8.94,46.17
150,-11.834651206642643,21.314174684735036,2025-05-12 18:00:00,66,5.29,43.16
150,-11.834651206642643,21.314174684735036,2025-05-12 21:00:00,69,7.27,46.67
150,-11.834651206642643,21.314174684735036,2025-05-13 00:00:00,72,4.36,36.66
150,-11.834651206642643,21.314174684735036,2025-05-13 03:00:00,75,3.41,30.11
150,-11.834651206642643,21.314174684735036,2025-05-13 06:00:00,78,3.21,26.4
150,-11.834651206642643,21.314174684735036,2025-05-13 09:00:00,81,3.17,25.08
150,-11.834651206642643,21.314174684735036,2025-05-13 12:00:00,84,3.29,15.71
150,-11.834651206642643,21.314174684735036,2025-05-13 15:00:00,87,0.29,12.92
150,-11.834651206642643,21.314174684735036,2025-05-13 18:00:00,90,1.55,15.0
150,-11.834651206642643,21.314174684735036,2025-05-13 21:00:00,93,4.44,16.58
150,-11.834651206642643,21.314174684735036,2025-05-14 00:00:00,96,4.34,24.33
150,-11.834651206642643,21.314174684735036,2025-05-14 03:00:00,99,5.2,28.2
150,-11.834651206642643,21.314174684735036,2025-05-14 06:00:00,102,8.2,37.87
150,-11.834651206642643,21.314174684735036,2025-05-14 09:00:00,105,6.1,33.34
150,-11.834651206642643,21.314174684735036,2025-05-14 12:00:00,108,8.45,41.68
150,-11.834651206642643,21.314174684735036,2025-05-14 15:00:00,111,9.19,46.93
150,-11.834651206642643,21.314174684735036,2025-05-14 18:00:00,114,6.5,45.13
150,-11.834651206642643,21.314174684735036,2025-05-14 21:00:00,117,7.06,39.88
151,-11.670650474525305,21.51400589295461,2025-05-10 00:00:00,0,3.62,17.24
151,-11.670650474525305,21.51400589295461,2025-05-10 03:00:00,3,6.67,25.9
151,-11.670650474525305,21.51400589295461,2025-05-10 06:00:00,6,8.78,34.33
151,-11.670650474525305,21.51400589295461,2025-05-10 09:00:00,9,9.05,40.68
151,-11.670650474525305,21.51400589295461,2025-05-10 12:00:00,12,8.4,42.06
151,-11.670650474525305,21.51400589295461,2025-05-10 15:00:00,15,7.76,41.8
151,-11.670650474525305,21.51400589295461,2025-05-10 18:00:00,18,6.08,43.56
151,-11.670650474525305,21.51400589295461,2025-05-10 21:00:00,21,6.94,42.59
151,-11.670650474525305,21.51400589295461,2025-05-11 00:00:00,24,4.61,33.26
151,-11.670650474525305,21.51400589295461,2025-05-11 03:00:00,27,4.16,29.89
151,-11.670650474525305,21.51400589295461,2025-05-11 06:00:00,30,3.3,23.0
151,-11.670650474525305,21.51400589295461,2025-05-11 09:00:00,33,4.19,24.65
151,-11.670650474525305,21.51400589295461,2025-05-11 12:00:00,36,1.19,15.65
151,-11.670650474525305,21.51400589295461,2025-05-11 15:00:00,39,0.78,12.94
151,-11.670650474525305,21.51400589295461,2025-05-11 18:00:00,42,3.68,18.32
151,-11.670650474525305,21.51400589295461,2025-05-11 21:00:00,45,3.41,14.41
151,-11.670650474525305,21.51400589295461,2025-05-12 00:00:00,48,5.31,22.85
151,-11.670650474525305,21.51400589295461,2025-05-12 03:00:00,51,6.69,26.39
151,-11.670650474525305,21.51400589295461,2025-05-12 06:00:00,54,8.54,39.63
151,-11.670650474525305,21.51400589295461,2025-05-12 09:00:00,57,6.1,34.98
151,-11.670650474525305,21.51400589295461,2025-05-12 12:00:00,60,7.04,42.7
151,-11.670650474525305,21.51400589295461,2025-05-12 15:00:00,63,9.69,45.4
151,-11.670650474525305,21.51400589295461,2025-05-12 18:00:00,66,9.09,50.18
151,-11.670650474525305,21.51400589295461,2025-05-12 21:00:00,69,6.36,42.87
151,-11.670650474525305,21.51400589295461,2025-05-13 00:00:00,72,5.33,39.01
151,-11.670650474525305,21.51400589295461,2025-05-13 03:00:00,75,5.73,37.34
151,-11.670650474525305,21.51400589295461,2025-05-13 06:00:00,78,4.58,31.4
151,-11.670650474525305,21.51400589295461,2025-05-13 09:00:00,81,0.73,19.28
151,-11.670650474525305,21.51400589295461,2025-05-13 12:00:00,84,0.92,16.75
151,-11.670650474525305,21.51400589295461,2025-05-13 15:00:00,87,1.16,12.18
151,-11.670650474525305,21.51400589295461,2025-05-13 18:00:00,90,4.42,16.66
151,-11.670650474525305,21.51400589295461,2025-05-13 21:00:00,93,3.55,16.99
151,-11.670650474525305,21.51400589295461,2025-05-14 00:00:00,96,6.62,23.97
151,-11.670650474525305,21.51400589295461,2025-05-14 03:00:00,99,7.12,30.23
151,-11.670650474525305,21.51400589295461,2025-05-14 06:00:00,102,8.49,34.8
151,-11.670650474525305,21.51400589295461,2025-05-14 09:00:00,105,6.76,36.54
151,-11.670650474525305,21.51400589295461,2025-05-14 12:00:00,108,8.03,42.03
151,-11.670650474525305,21.51400589295461,2025-05-14 15:00:00,111,7.04,41.42
151,-11.670650474525305,21.51400589295461,2025-05-14 18:00:00,114,6.35,40.33
151,-11.670650474525305,21.51400589295461,2025-05-14 21:00:00,117,7.85,43.76
152,-11.414707737315235,21.719052296020543,2025-05-10 00:00:00,0,6.61,28.26
152,-11.414707737315235,21.719052296020543,2025-05-10 03:00:00,3,7.05,31.38
152,-11.414707737315235,21.719052296020543,2025-05-10 06:00:00,6,8.09,37.91
152,-11.414707737315235,21.719052296020543,2025-05-10 09:00:00,9,8.08,40.38
152,-11.414707737315235,21.719052296020543,2025-05-10 12:00:00,12,9.74,47.34
152,-11.414707737315235,21.719052296020543,2025-05-10 15:00:00,15,5.83,38.98
152,-11.414707737315235,21.719052296020543,2025-05-10 18:00:00,18,7.51,43.59
152,-11.414707737315235,21.719052296020543,2025-05-10 21:00:00,21,8.11,42.21
152,-11.414707737315235,21.719052296020543,2025-05-11 00:00:00,24,3.81,34.09
152,-11.414707737315235,21.719052296020543,2025-05-11 03:00:00,27,4.76,36.1
152,-11.414707737315235,21.719052296020543,2025-05-11 06:00:00,30,2.34,26.28
152,-11.414707737315235,21.719052296020543,2025-05-11 09:00:00,33,1.57,20.8
152,-11.414707737315235,21.719052296020543,2025-05-11 12:00:00,36,0.49,13.8
152,-11.414707737315235,21.719052296020543,2025-05-11 15:00:00,39,1.67,10.56
152,-11.414707737315235,21.719052296020543,2025-05-11 18:00:00,42,3.06,13.27
152,-11.414707737315235,21.719052296020543,2025-05-11 21:00:00,45,1.94,14.22
152,-11.414707737315235,21.719052296020543,2025-05-12 00:00:00,48,4.55,22.39
152,-11.414707737315235,21.719052296020543,2025-05-12 03:00:00,51,6.2,32.47
152,-11.414707737315235,21.719052296020543,2025-05-12 06:00:00,54,6.39,34.44
152,-11.414707737315235,21.719052296020543,2025-05-12 09:00:00,57,7.3,42.39
152,-11.414707737315235,21.719052296020543,2025-05-12 12:00:00,60,6.89,37.57
152,-11.414707737315235,21.719052296020543,2025-05-12 15:00:00,63,8.92,45.72
152,-11.414707737315235,21.719052296020543,2025-05-12 18:00:00,66,5.61,38.67
152,-11.414707737315235,21.719052296020543,2025-05-12 21:00:00,69,8.01,43.7
152,-11.414707737315235,21.719052296020543,2025-05-13 00:00:00,72,3.56,32.03
152,-11.414707737315235,21.719052296020543,2025-05-13 03:00:00,75,2.5,28.59
152,-11.414707737315235,21.719052296020543,2025-05-13 06:00:00,78,1.84,26.3
152,-11.414707737315235,21.719052296020543,2025-05-13 09:00:00,81,1.58,22.76
152,-11.414707737315235,21.719052296020543,2025-05-13 12:00:00,84,3.38,20.83
152,-11.414707737315235,21.719052296020543,2025-05-13 15:00:00,87,3.74,14.66
152,-11.414707737315235,21.719052296020543,2025-05-13 18:00:00,90,2.86,13.84
152,-11.414707737315235,21.719052296020543,2025-05-13 21:00:00,93,3.71,21.22
152,-11.414707737315235,21.719052296020543,2025-05-14 00:00:00,96,6.83,26.32
152,-11.414707737315235,21.719052296020543,2025-05-14 03:00:00,99,4.84,22.22
152,-11.414707737315235,21.719052296020543,2025-05-14 06:00:00,102,5.17,32.2
152,-11.414707737315235,21.719052296020543,2025-05-14 09:00:00,105,8.24,43.45
152,-11.414707737315235,21.719052296020543,2025-05-14 12:00:00,108,6.46,37.49
152,-11.414707737315235,21.719052296020543,2025-05-14 15:00:00,111,6.67,40.96
152,-11.414707737315235,21.719052296020543,2025-05-14 18:00:00,114,6.2,44.52
152,-11.414707737315235,21.719052296020543,2025-05-14 21:00:00,117,4.53,40.08
153,-11.842250444768828,21.59034559545288,2025-05-10 00:00:00,0,4.99,26.06
153,-11.842250444768828,21.59034559545288,2025-05-10 03:00:00,3,6.38,29.68
153,-11.842250444768828,21.59034559545288,2025-05-10 06:00:00,6,8.58,39.58
153,-11.842250444768828,21.59034559545288,2025-05-10 09:00:00,9,6.36,34.38
153,-11.842250444768828,21.59034559545288,2025-05-10 12:00:00,12,7.1,40.17
153,-11.842250444768828,21.59034559545288,2025-05-10 15:00:00,15,7.57,44.32
153,-11.842250444768828,21.59034559545288,2025-05-10 18:00:00,18,8.22,48.64
153,-11.842250444768828,21.59034559545288,2025-05-10 21:00:00,21,5.59,40.5
153,-11.842250444768828,21.59034559545288,2025-05-11 00:00:00,24,3.0,29.18
153,-11.842250444768828,21.59034559545288,2025-05-11 03:00:00,27,4.98,34.13
153,-11.842250444768828,21.59034559545288,2025-05-11 06:00:00,30,3.5,25.36
153,-11.842250444768828,21.59034559545288,2025-05-11 09:00:00,33,1.54,17.83
153,-11.842250444768828,21.59034559545288,2025-05-11 12:00:00,36,2.14,14.62
153,-11.842250444768828,21.59034559545288,2025-05-11 15:00:00,39,1.97,18.46
153,-11.842250444768828,21.59034559545288,2025-05-11 18:00:00,42,4.39,22.59
153,-11.842250444768828,21.59034559545288,2025-05-11 21:00:00,45,1.85,14.37
153,-11.842250444768828,21.59034559545288,2025-05-12 00:00:00,48,6.42,22.24
153,-11.842250444768828,21.59034559545288,2025-05-12 03:00:00,51,5.1,22.65
153,-11.842250444768828,21.59034559545288,2025-05-12 06:00:00,54,7.09,34.95
153,-11.842250444768828,21.59034559545288,2025-05-12 09:00:00,57,5.83,31.7
153,-11.842250444768828,21.59034559545288,2025-05-12 12:00:00,60,6.98,42.18
153,-11.842250444768828,21.59034559545288,2025-05-12 15:00:00,63,5.91,37.91
153,-11.842250444768828,21.59034559545288,2025-05-12 18:00:00,66,5.88,44.76
153,-11.842250444768828,21.59034559545288,2025-05-12 21:00:00,69,5.84,39.49
153,-11.842250444768828,21.59034559545288,2025-05-13 00:00:00,72,6.13,41.39
153,-11.842250444768828,21.59034559545288,2025-05-13 03:00:00,75,3.92,31.45
153,-11.842250444768828,21.59034559545288,2025-05-13 06:00:00,78,2.34,21.47
153,-11.842250444768828,21.59034559545288,2025-05-13 09:00:00,81,0.92,20.86
153,-11.842250444768828,21.59034559545288,2025-05-13 12:00:00,84,3.41,21.53
153,-11.842250444768828,21.59034559545288,2025-05-13 15:00:00,87,0.57,15.06
153,-11.842250444768828,21.59034559545288,2025-05-13 18:00:00,90,3.97,19.68
153,-11.842250444768828,21.59034559545288,2025-05-13 21:00:00,93,4.06,17.0
153,-11.842250444768828,21.59034559545288,2025-05-14 00:00:00,96,4.73,24.62
153,-11.842250444768828,21.59034559545288,2025-05-14 03:00:00,99,6.97,28.25
153,-11.842250444768828,21.59034559545288,2025-05-14 06:00:00,102,7.59,34.84
153,-11.842250444768828,21.59034559545288,2025-05-14 09:00:00,105,6.39,33.17
153,-11.842250444768828,21.59034559545288,2025-05-14 12:00:00,108,7.61,45.85
153,-11.842250444768828,21.59034559545288,2025-05-14 15:00:00,111,7.47,42.08
153,-11.842250444768828,21.59034559545288,2025-05-14 18:00:00,114,7.53,41.42
153,-11.842250444768828,21.59034559545288,2025-05-14 21:00:00,117,5.28,40.87
154,-11.79533389258774,21.3745447582963,2025-05-10 00:00:00,0,5.1,24.79
154,-11.79533389258774,21.3745447582963,2025-05-10 03:00:00,3,7.89,34.13
154,-11.79533389258774,21.3745447582963,2025-05-10 06:00:00,6,6.53,34.25
154,-11.79533389258774,21.3745447582963,2025-05-10 09:00:00,9,7.5,34.83
154,-11.79533389258774,21.3745447582963,2025-05-10 12:00:00,12,6.49,37.99
154,-11.79533389258774,21.3745447582963,2025-05-10 15:00:00,15,5.97,38.06
154,-11.79533389258774,21.3745447582963,2025-05-10 18:00:00,18,7.17,47.5
154,-11.79533389258774,21.3745447582963,2025-05-10 21:00:00,21,4.42,36.99
154,-11.79533389258774,21.3745447582963,2025-05-11 00:00:00,24,6.61,37.62
154,-11.79533389258774,21.3745447582963,2025-05-11 03:00:00,27,3.68,28.16
154,-11.79533389258774,21.3745447582963,2025-05-11 06:00:00,30,4.66,29.86
154,-11.79533389258774,21.3745447582963,2025-05-11 09:00:00,33,1.59,17.89
154,-11.79533389258774,21.3745447582963,2025-05-11 12:00:00,36,2.68,15.85
154,-11.79533389258774,21.3745447582963,2025-05-11 15:00:00,39,0.5,9.14
154,-11.79533389258774,21.3745447582963,2025-05-11 18:00:00,42,2.33,11.47
154,-11.79533389258774,21.3745447582963,2025-05-11 21:00:00,45,3.2,14.21
154,-11.79533389258774,21.3745447582963,2025-05-12 00:00:00,48,6.7,27.33
154,-11.79533389258774,21.3745447582963,2025-05-12 03:00:00,51,7.4,31.03
154,-11.79533389258774,21.3745447582963,2025-05-12 06:00:00,54,6.35,30.43
154,-11.79533389258774,21.3745447582963,2025-05-12 09:00:00,57,7.8,37.22
154,-11.79533389258774,21.3745447582963,2025-05-12 12:00:00,60,8.65,44.41
154,-11.79533389258774,21.3745447582963,2025-05-12 15:00:00,63,8.94,43.92
154,-11.79533389258774,21.3745447582963,2025-05-12 18:00:00,66,5.41,37.04
154,-11.79533389258774,21.3745447582963,2025-05-12 21:00:00,69,4.17,33.99
154,-11.79533389258774,21.3745447582963,2025-05-13 00:00:00,72,6.48,41.5
154,-11.79533389258774,21.3745447582963,2025-05-13 03:00:00,75,4.2,30.58
154,-11.79533389258774,21.3745447582963,2025-05-13 06:00:00,78,2.73,23.46
154,-11.79533389258774,21.3745447582963,2025-05-13 09:00:00,81,1.16,21.18
154,-11.79533389258774,21.3745447582963,2025-05-13 12:00:00,84,3.36,15.96
154,-11.79533389258774,21.3745447582963,2025-05-13 15:00:00,87,3.02,15.12
154,-11.79533389258774,21.3745447582963,2025-05-13 18:00:00,90,3.11,18.72
154,-11.79533389258774,21.3745447582963,2025-05-13 21:00:00,93,3.01,14.82
154,-11.79533389258774,21.3745447582963,2025-05-14 00:00:00,96,4.26,23.63
154,-11.79533389258774,21.3745447582963,2025-05-14 03:00:00,99,7.3,29.9
154,-11.79533389258774,21.3745447582963,2025-05-14 06:00:00,102,7.08,31.94
154,-11.79533389258774,21.3745447582963,2025-05-14 09:00:00,105,6.61,35.29
154,-11.79533389258774,21.3745447582963,2025-05-14 12:00:00,108,6.02,40.68
154,-11.79533389258774,21.3745447582963,2025-05-14 15:00:00,111,8.84,49.57
154,-11.79533389258774,21.3745447582963,2025-05-14 18:00:00,114,6.54,44.85
154,-11.79533389258774,21.3745447582963,2025-05-14 21:00:00,117,5.46,39.51
155,-11.277745379778516,21.041545161109305,2025-05-10 00:00:00,0,5.76,24.4
155,-11.277745379778516,21.041545161109305,2025-05-10 03:00:00,3,6.1,29.19
155,-11.277745379778516,21.041545161109305,2025-05-10 06:00:00,6,6.21,29.01
155,-11.277745379778516,21.041545161109305,2025-05-10 09:00:00,9,7.78,42.91
155,-11.277745379778516,21.041545161109305,2025-05-10 12:00:00,12,6.95,42.63
155,-11.277745379778516,21.041545161109305,2025-05-10 15:00:00,15,7.75,43.58
155,-11.277745379778516,21.041545161109305,2025-05-10 18:00:00,18,7.5,41.41
155,-11.277745379778516,21.041545161109305,2025-05-10 21:00:00,21,7.43,46.22
155,-11.277745379778516,21.041545161109305,2025-05-11 00:00:00,24,4.69,32.5
155,-11.277745379778516,21.041545161109305,2025-05-11 03:00:00,27,2.15,25.24
155,-11.277745379778516,21.041545161109305,2025-05-11 06:00:00,30,1.23,23.08
155,-11.277745379778516,21.041545161109305,2025-05-11 09:00:00,33,0.61,18.57
155,-11.277745379778516,21.041545161109305,2025-05-11 12:00:00,36,1.1,17.26
155,-11.277745379778516,21.041545161109305,2025-05-11 15:00:00,39,2.78,20.31
155,-11.277745379778516,21.041545161109305,2025-05-11 18:00:00,42,3.04,14.11
155,-11.277745379778516,21.041545161109305,2025-05-11 21:00:00,45,2.73,15.38
155,-11.277745379778516,21.041545161109305,2025-05-12 00:00:00,48,4.19,19.44
155,-11.277745379778516,21.041545161109305,2025-05-12 03:00:00,51,7.3,33.22
155,-11.277745379778516,21.041545161109305,2025-05-12 06:00:00,54,7.97,32.83
155,-11.277745379778516,21.041545161109305,2025-05-12 09:00:00,57,8.22,37.33
155,-11.277745379778516,21.041545161109305,2025-05-12 12:00:00,60,7.19,43.15
155,-11.277745379778516,21.041545161109305,2025-05-12 15:00:00,63,9.22,47.14
155,-11.277745379778516,21.041545161109305,2025-05-12 18:00:00,66,8.37,45.12
155,-11.277745379778516,21.041545161109305,2025-05-12 21:00:00,69,7.97,43.7
155,-11.277745379778516,21.041545161109305,2025-05-13 00:00:00,72,6.99,42.8
155,-11.277745379778516,21.041545161109305,2025-05-13 03:00:00,75,4.62,35.43
155,-11.277745379778516,21.041545161109305,2025-05-13 06:00:00,78,2.12,28.04
155,-11.277745379778516,21.041545161109305,2025-05-13 09:00:00,81,4.0,25.27
155,-11.277745379778516,21.041545161109305,2025-05-13 12:00:00,84,2.77,22.31
155,-11.277745379778516,21.041545161109305,2025-05-13 15:00:00,87,3.47,19.21
155,-11.277745379778516,21.041545161109305,2025-05-13 18:00:00,90,1.08,15.1
155,-11.277745379778516,21.041545161109305,2025-05-13 21:00:00,93,3.67,19.29
155,-11.277745379778516,21.041545161109305,2025-05-14 00:00:00,96,6.62,27.35
155,-11.277745379778516,21.041545161109305,2025-05-14 03:00:00,99,4.3,26.45
155,-11.277745379778516,21.041545161109305,2025-05-14 06:00:00,102,7.66,35.42
155,-11.277745379778516,21.041545161109305,2025-05-14 09:00:00,105,6.39,40.31
155,-11.277745379778516,21.041545161109305,2025-05-14 12:00:00,108,9.13,42.68
155,-11.277745379778516,21.041545161109305,2025-05-14 15:00:00,111,7.48,46.13
155,-11.277745379778516,21.041545161109305,2025-05-14 18:00:00,114,5.59,40.07
155,-11.277745379778516,21.041545161109305,2025-05-14 21:00:00,117,6.08,43.85
156,-11.759982843196964,21.2143159636762,2025-05-10 00:00:00,0,3.8,18.39
156,-11.759982843196964,21.2143159636762,2025-05-10 03:00:00,3,8.09,31.51
156,-11.759982843196964,21.2143159636762,2025-05-10 06:00:00,6,6.67,34.62
156,-11.759982843196964,21.2143159636762,2025-05-10 09:00:00,9,9.69,40.79
156,-11.759982843196964,21.2143159636762,2025-05-10 12:00:00,12,8.16,40.82
156,-11.759982843196964,21.2143159636762,2025-05-10 15:00:00,15,8.35,49.33
156,-11.759982843196964,21.2143159636762,2025-05-10 18:00:00,18,7.29,43.2
156,-11.759982843196964,21.2143159636762,2025-05-10 21:00:00,21,6.46,42.38
156,-11.759982843196964,21.2143159636762,2025-05-11 00:00:00,24,6.0,37.93
156,-11.759982843196964,21.2143159636762,2025-05-11 03:00:00,27,4.67,31.44
156,-11.759982843196964,21.2143159636762,2025-05-11 06:00:00,30,2.15,24.85
156,-11.759982843196964,21.2143159636762,2025-05-11 09:00:00,33,1.75,17.27
156,-11.759982843196964,21.2143159636762,2025-05-11 12:00:00,36,3.23,19.32
156,-11.759982843196964,21.2143159636762,2025-05-11 15:00:00,39,2.07,15.08
156,-11.759982843196964,21.2143159636762,2025-05-11 18:00:00,42,4.71,16.66
156,-11.759982843196964,21.2143159636762,2025-05-11 21:00:00,45,3.71,21.39
156,-11.759982843196964,21.2143159636762,2025-05-12 00:00:00,48,6.27,24.03
156,-11.759982843196964,21.2143159636762,2025-05-12 03:00:00,51,6.23,28.53
156,-11.759982843196964,21.2143159636762,2025-05-12 06:00:00,54,6.97,33.72
156,-11.759982843196964,21.2143159636762,2025-05-12 09:00:00,57,7.32,36.68
156,-11.759982843196964,21.2143159636762,2025-05-12 12:00:00,60,6.78,37.89
156,-11.759982843196964,21.2143159636762,2025-05-12 15:00:00,63,7.48,42.92
156,-11.759982843196964,21.2143159636762,2025-05-12 18:00:00,66,5.93,43.41
156,-11.759982843196964,21.2143159636762,2025-05-12 21:00:00,69,4.68,37.28
156,-11.759982843196964,21.2143159636762,2025-05-13 00:00:00,72,5.57,34.39
156,-11.759982843196964,21.2143159636762,2025-05-13 03:00:00,75,4.4,31.26
156,-11.759982843196964,21.2143159636762,2025-05-13 06:00:00,78,2.2,24.47
156,-11.759982843196964,21.2143159636762,2025-05-13 09:00:00,81,3.89,24.53
156,-11.759982843196964,21.2143159636762,2025-05-13 12:00:00,84,3.22,21.22
156,-11.759982843196964,21.2143159636762,2025-05-13 15:00:00,87,2.18,13.9
156,-11.759982843196964,21.2143159636762,2025-05-13 18:00:00,90,1.39,10.56
156,-11.759982843196964,21.2143159636762,2025-05-13 21:00:00,93,3.15,16.02
156,-11.759982843196964,21.2143159636762,2025-05-14 00:00:00,96,4.49,21.13
156,-11.759982843196964,21.2143159636762,2025-05-14 03:00:00,99,4.17,28.21
156,-11.759982843196964,21.2143159636762,2025-05-14 06:00:00,102,6.85,35.62
156,-11.759982843196964,21.2143159636762,2025-05-14 09:00:00,105,7.9,40.5
156,-11.759982843196964,21.2143159636762,2025-05-14 12:00:00,108,9.03,44.58
156,-11.759982843196964,21.2143159636762,2025-05-14 15:00:00,111,8.98,43.37
156,-11.759982843196964,21.2143159636762,2025-05-14 18:00:00,114,5.84,41.5
156,-11.759982843196964,21.2143159636762,2025-05-14 21:00:00,117,5.79,41.76
157,-11.669451596511502,21.710197494729066,2025-05-10 00:00:00,0,4.88,19.53
157,-11.669451596511502,21.710197494729066,2025-05-10 03:00:00,3,6.61,28.09
157,-11.669451596511502,21.710197494729066,2025-05-10 06:00:00,6,6.75,32.55
157,-11.669451596511502,21.710197494729066,2025-05-10 09:00:00,9,6.43,36.26
157,-11.669451596511502,21.710197494729066,2025-05-10 12:00:00,12,7.76,42.49
157,-11.669451596511502,21.710197494729066,2025-05-10 15:00:00,15,5.96,41.56
157,-11.669451596511502,21.710197494729066,2025-05-10 18:00:00,18,6.32,42.66
157,-11.669451596511502,21.710197494729066,2025-05-10 21:00:00,21,5.56,41.47
157,-11.669451596511502,21.710197494729066,2025-05-11 00:00:00,24,3.89,37.4
157,-11.669451596511502,21.710197494729066,2025-05-11 03:00:00,27,3.22,31.63
157,-11.669451596511502,21.710197494729066,2025-05-11 06:00:00,30,2.86,28.0
157,-11.669451596511502,21.710197494729066,2025-05-11 09:00:00,33,3.97,24.91
157,-11.669451596511502,21.710197494729066,2025-05-11 12:00:00,36,1.66,18.62
157,-11.669451596511502,21.710197494729066,2025-05-11 15:00:00,39,3.61,21.12
157,-11.669451596511502,21.710197494729066,2025-05-11 18:00:00,42,2.77,19.37
157,-11.669451596511502,21.710197494729066,2025-05-11 21:00:00,45,4.54,22.24
157,-11.669451596511502,21.710197494729066,2025-05-12 00:00:00,48,4.04,17.26
157,-11.669451596511502,21.710197494729066,2025-05-12 03:00:00,51,8.02,33.22
157,-11.669451596511502,21.710197494729066,2025-05-12 06:00:00,54,7.99,38.54
157,-11.669451596511502,21.710197494729066,2025-05-12 09:00:00,57,7.46,40.82
157,-11.669451596511502,21.710197494729066,2025-05-12 12:00:00,60,9.64,49.02
157,-11.669451596511502,21.710197494729066,2025-05-12 15:00:00,63,6.13,43.58
157,-11.669451596511502,21.710197494729066,2025-05-12 18:00:00,66,5.71,40.01
157,-11.669451596511502,21.710197494729066,2025-05-12 21:00:00,69,7.3,46.57
157,-11.669451596511502,21.710197494729066,2025-05-13 00:00:00,72,4.98,33.13
157,-11.669451596511502,21.710197494729066,2025-05-13 03:00:00,75,4.87,35.06
157,-11.669451596511502,21.710197494729066,2025-05-13 06:00:00,78,4.01,24.23
157,-11.669451596511502,21.710197494729066,2025-05-13 09:00:00,81,0.64,21.21
157,-11.669451596511502,21.710197494729066,2025-05-13 12:00:00,84,2.17,15.5
157,-11.669451596511502,21.710197494729066,2025-05-13 15:00:00,87,0.76,11.67
157,-11.669451596511502,21.710197494729066,2025-05-13 18:00:00,90,2.9,17.56
157,-11.669451596511502,21.710197494729066,2025-05-13 21:00:00,93,2.29,17.52
157,-11.669451596511502,21.710197494729066,2025-05-14 00:00:00,96,4.15,21.77
157,-11.669451596511502,21.710197494729066,2025-05-14 03:00:00,99,5.41,23.96
157,-11.669451596511502,21.710197494729066,2025-05-14 06:00:00,102,7.29,37.68
157,-11.669451596511502,21.710197494729066,2025-05-14 09:00:00,105,6.22,34.59
157,-11.669451596511502,21.710197494729066,2025-05-14 12:00:00,108,6.67,42.81
157,-11.669451596511502,21.710197494729066,2025-05-14 15:00:00,111,6.65,43.52
157,-11.669451596511502,21.710197494729066,2025-05-14 18:00:00,114,8.08,48.79
157,-11.669451596511502,21.710197494729066,2025-05-14 21:00:00,117,7.1,43.53
158,-11.480539603538453,21.10235053066499,2025-05-10 00:00:00,0,3.8,19.56
158,-11.480539603538453,21.10235053066499,2025-05-10 03:00:00,3,4.26,21.21
158,-11.480539603538453,21.10235053066499,2025-05-10 06:00:00,6,6.65,36.74
158,-11.480539603538453,21.10235053066499,2025-05-10 09:00:00,9,9.16,39.96
158,-11.480539603538453,21.10235053066499,2025-05-10 12:00:00,12,9.49,46.53
158,-11.480539603538453,21.10235053066499,2025-05-10 15:00:00,15,8.15,42.5
158,-11.480539603538453,21.10235053066499,2025-05-10 18:00:00,18,7.47,42.65
158,-11.480539603538453,21.10235053066499,2025-05-10 21:00:00,21,7.52,43.78
158,-11.480539603538453,21.10235053066499,2025-05-11 00:00:00,24,5.26,35.13
158,-11.480539603538453,21.10235053066499,2025-05-11 03:00:00,27,3.57,27.83
158,-11.480539603538453,21.10235053066499,2025-05-11 06:00:00,30,2.94,22.1
158,-11.480539603538453,21.10235053066499,2025-05-11 09:00:00,33,0.65,14.46
158,-11.480539603538453,21.10235053066499,2025-05-11 12:00:00,36,2.96,15.09
158,-11.480539603538453,21.10235053066499,2025-05-11 15:00:00,39,0.99,9.53
158,-11.480539603538453,21.10235053066499,2025-05-11 18:00:00,42,3.82,19.66
158,-11.480539603538453,21.10235053066499,2025-05-11 21:00:00,45,4.34,20.46
158,-11.480539603538453,21.10235053066499,2025-05-12 00:00:00,48,5.29,25.02
158,-11.480539603538453,21.10235053066499,2025-05-12 03:00:00,51,5.18,29.36
158,-11.480539603538453,21.10235053066499,2025-05-12 06:00:00,54,5.92,31.25
158,-11.480539603538453,21.10235053066499,2025-05-12 09:00:00,57,6.57,33.57
158,-11.480539603538453,21.10235053066499,2025-05-12 12:00:00,60,7.41,37.89
158,-11.480539603538453,21.10235053066499,2025-05-12 15:00:00,63,8.28,43.36
158,-11.480539603538453,21.10235053066499,2025-05-12 18:00:00,66,6.43,39.68
158,-11.480539603538453,21.10235053066499,2025-05-12 21:00:00,69,6.1,38.05
158,-11.480539603538453,21.10235053066499,2025-05-13 00:00:00,72,5.68,41.35
158,-11.480539603538453,21.10235053066499,2025-05-13 03:00:00,75,1.99,24.8
158,-11.480539603538453,21.10235053066499,2025-05-13 06:00:00,78,1.98,25.4
158,-11.480539603538453,21.10235053066499,2025-05-13 09:00:00,81,1.91,21.1
158,-11.480539603538453,21.10235053066499,2025-05-13 12:00:00,84,2.21,16.47
158,-11.480539603538453,21.10235053066499,2025-05-13 15:00:00,87,3.99,14.8
158,-11.480539603538453,21.10235053066499,2025-05-13 18:00:00,90,2.79,16.72
158,-11.480539603538453,21.10235053066499,2025-05-13 21:00:00,93,3.99,15.5
158,-11.480539603538453,21.10235053066499,2025-05-14 00:00:00,96,6.83,24.11
158,-11.480539603538453,21.10235053066499,2025-05-14 03:00:00,99,4.2,25.69
158,-11.480539603538453,21.10235053066499,2025-05-14 06:00:00,102,5.69,27.63
158,-11.480539603538453,21.10235053066499,2025-05-14 09:00:00,105,5.86,33.78
158,-11.480539603538453,21.10235053066499,2025-05-14 12:00:00,108,9.37,42.94
158,-11.480539603538453,21.10235053066499,2025-05-14 15:00:00,111,7.23,40.0
158,-11.480539603538453,21.10235053066499,2025-05-14 18:00:00,114,5.26,41.87
158,-11.480539603538453,21.10235053066499,2025-05-14 21:00:00,117,4.48,34.91
159,-11.595106855180354,21.105520091488586,2025-05-10 00:00:00,0,5.14,26.38
159,-11.595106855180354,21.105520091488586,2025-05-10 03:00:00,3,4.75,22.45
159,-11.595106855180354,21.105520091488586,2025-05-10 06:00:00,6,7.79,39.31
159,-11.595106855180354,21.105520091488586,2025-05-10 09:00:00,9,6.36,39.27
159,-11.595106855180354,21.105520091488586,2025-05-10 12:00:00,12,8.87,42.83
159,-11.595106855180354,21.105520091488586,2025-05-10 15:00:00,15,7.19,42.17
159,-11.595106855180354,21.105520091488586,2025-05-10 18:00:00,18,9.01,44.35
159,-11.595106855180354,21.105520091488586,2025-05-10 21:00:00,21,7.98,48.86
159,-11.595106855180354,21.105520091488586,2025-05-11 00:00:00,24,5.4,37.72
159,-11.595106855180354,21.105520091488586,2025-05-11 03:00:00,27,2.87,28.81
159,-11.595106855180354,21.105520091488586,2025-05-11 06:00:00,30,1.89,27.38
159,-11.595106855180354,21.105520091488586,2025-05-11 09:00:00,33,1.38,16.06
159,-11.595106855180354,21.105520091488586,2025-05-11 12:00:00,36,2.02,16.4
159,-11.595106855180354,21.105520091488586,2025-05-11 15:00:00,39,0.53,13.73
159,-11.595106855180354,21.105520091488586,2025-05-11 18:00:00,42,1.29,13.38
159,-11.595106855180354,21.105520091488586,2025-05-11 21:00:00,45,4.69,18.41
159,-11.595106855180354,21.105520091488586,2025-05-12 00:00:00,48,3.75,21.69
159,-11.595106855180354,21.105520091488586,2025-05-12 03:00:00,51,4.83,24.53
159,-11.595106855180354,21.105520091488586,2025-05-12 06:00:00,54,8.38,34.03
159,-11.595106855180354,21.105520091488586,2025-05-12 09:00:00,57,7.59,42.39
159,-11.595106855180354,21.105520091488586,2025-05-12 12:00:00,60,8.09,42.92
159,-11.595106855180354,21.105520091488586,2025-05-12 15:00:00,63,7.28,42.2
159,-11.595106855180354,21.105520091488586,2025-05-12 18:00:00,66,6.92,43.65
159,-11.595106855180354,21.105520091488586,2025-05-12 21:00:00,69,4.77,40.8
159,-11.595106855180354,21.105520091488586,2025-05-13 00:00:00,72,6.39,41.54
159,-11.595106855180354,21.105520091488586,2025-05-13 03:00:00,75,2.87,33.52
159,-11.595106855180354,21.105520091488586,2025-05-13 06:00:00,78,1.84,22.01
159,-11.595106855180354,21.105520091488586,2025-05-13 09:00:00,81,3.53,26.49
159,-11.595106855180354,21.105520091488586,2025-05-13 12:00:00,84,3.08,19.84
159,-11.595106855180354,21.105520091488586,2025-05-13 15:00:00,87,0.46,14.33
159,-11.595106855180354,21.105520091488586,2025-05-13 18:00:00,90,4.38,16.31
159,-11.595106855180354,21.105520091488586,2025-05-13 21:00:00,93,2.16,18.11
159,-11.595106855180354,21.105520091488586,2025-05-14 00:00:00,96,6.5,26.67
159,-11.595106855180354,21.105520091488586,2025-05-14 03:00:00,99,4.43,26.41
159,-11.595106855180354,21.105520091488586,2025-05-14 06:00:00,102,6.48,30.23
159,-11.595106855180354,21.105520091488586,2025-05-14 09:00:00,105,8.35,37.61
159,-11.595106855180354,21.105520091488586,2025-05-14 12:00:00,108,6.94,36.95
159,-11.595106855180354,21.105520091488586,2025-05-14 15:00:00,111,7.31,40.92
159,-11.595106855180354,21.105520091488586,2025-05-14 18:00:00,114,8.39,44.47
159,-11.595106855180354,21.105520091488586,2025-05-14 21:00:00,117,6.58,44.71
160,-11.544130673339522,21.735445148082366,2025-05-10 00:00:00,0,5.47,26.1
160,-11.544130673339522,21.735445148082366,2025-05-10 03:00:00,3,5.97,27.17
160,-11.544130673339522,21.735445148082366,2025-05-10 06:00:00,6,5.89,30.26
160,-11.544130673339522,21.735445148082366,2025-05-10 09:00:00,9,8.83,40.83
160,-11.544130673339522,21.735445148082366,2025-05-10 12:00:00,12,9.66,46.36
160,-11.544130673339522,21.735445148082366,2025-05-10 15:00:00,15,8.59,45.13
160,-11.544130673339522,21.735445148082366,2025-05-10 18:00:00,18,7.8,42.08
160,-11.544130673339522,21.735445148082366,2025-05-10 21:00:00,21,5.31,37.09
160,-11.544130673339522,21.735445148082366,2025-05-11 00:00:00,24,3.21,35.86
160,-11.544130673339522,21.735445148082366,2025-05-11 03:00:00,27,4.58,34.72
160,-11.544130673339522,21.735445148082366,2025-05-11 06:00:00,30,2.33,27.17
160,-11.544130673339522,21.735445148082366,2025-05-11 09:00:00,33,3.92,22.44
160,-11.544130673339522,21.735445148082366,2025-05-11 12:00:00,36,0.69,12.19
160,-11.544130673339522,21.735445148082366,2025-05-11 15:00:00,39,1.93,11.23
160,-11.544130673339522,21.735445148082366,2025-05-11 18:00:00,42,2.3,18.43
160,-11.544130673339522,21.735445148082366,2025-05-11 21:00:00,45,5.56,20.29
160,-11.544130673339522,21.735445148082366,2025-05-12 00:00:00,48,5.67,24.49
160,-11.544130673339522,21.735445148082366,2025-05-12 03:00:00,51,6.68,28.77
160,-11.544130673339522,21.735445148082366,2025-05-12 06:00:00,54,5.27,32.81
160,-11.544130673339522,21.735445148082366,2025-05-12 09:00:00,57,7.15,36.96
160,-11.544130673339522,21.735445148082366,2025-05-12 12:00:00,60,8.52,42.51
160,-11.544130673339522,21.735445148082366,2025-05-12 15:00:00,63,9.73,45.04
160,-11.544130673339522,21.735445148082366,2025-05-12 18:00:00,66,5.33,39.91
160,-11.544130673339522,21.735445148082366,2025-05-12 21:00:00,69,4.4,35.52
160,-11.544130673339522,21.735445148082366,2025-05-13 00:00:00,72,3.77,35.02
160,-11.544130673339522,21.735445148082366,2025-05-13 03:00:00,75,4.01,31.38
160,-11.544130673339522,21.735445148082366,2025-05-13 06:00:00,78,0.88,17.89
160,-11.544130673339522,21.735445148082366,2025-05-13 09:00:00,81,3.73,26.55
160,-11.544130673339522,21.735445148082366,2025-05-13 12:00:00,84,0.89,18.41
160,-11.544130673339522,21.735445148082366,2025-05-13 15:00:00,87,0.9,12.98
160,-11.544130673339522,21.735445148082366,2025-05-13 18:00:00,90,4.29,21.62
160,-11.544130673339522,21.735445148082366,2025-05-13 21:00:00,93,2.75,17.6
160,-11.544130673339522,21.735445148082366,2025-05-14 00:00:00,96,3.83,19.83
160,-11.544130673339522,21.735445148082366,2025-05-14 03:00:00,99,7.93,33.98
160,-11.544130673339522,21.735445148082366,2025-05-14 06:00:00,102,5.59,28.2
160,-11.544130673339522,21.735445148082366,2025-05-14 09:00:00,105,7.76,35.37
160,-11.544130673339522,21.735445148082366,2025-05-14 12:00:00,108,7.75,42.36
160,-11.544130673339522,21.735445148082366,2025-05-14 15:00:00,111,8.38,49.19
160,-11.544130673339522,21.735445148082366,2025-05-14 18:00:00,114,5.98,40.37
160,-11.544130673339522,21.735445148082366,2025-05-14 21:00:00,117,6.07,39.53
161,-11.957933984903061,21.383362263660434,2025-05-10 00:00:00,0,3.31,16.3
161,-11.957933984903061,21.383362263660434,2025-05-10 03:00:00,3,6.88,31.19
161,-11.957933984903061,21.383362263660434,2025-05-10 06:00:00,6,7.69,38.53
161,-11.957933984903061,21.383362263660434,2025-05-10 09:00:00,9,7.54,36.54
161,-11.957933984903061,21.383362263660434,2025-05-10 12:00:00,12,6.08,42.99
161,-11.957933984903061,21.383362263660434,2025-05-10 15:00:00,15,9.63,51.85
161,-11.957933984903061,21.383362263660434,2025-05-10 18:00:00,18,8.96,51.26
161,-11.957933984903061,21.383362263660434,2025-05-10 21:00:00,21,6.51,41.45
161,-11.957933984903061,21.383362263660434,2025-05-11 00:00:00,24,5.62,36.58
161,-11.957933984903061,21.383362263660434,2025-05-11 03:00:00,27,2.87,25.92
161,-11.957933984903061,21.383362263660434,2025-05-11 06:00:00,30,1.66,23.74
161,-11.957933984903061,21.383362263660434,2025-05-11 09:00:00,33,1.47,17.29
161,-11.957933984903061,21.383362263660434,2025-05-11 12:00:00,36,1.92,16.65
161,-11.957933984903061,21.383362263660434,2025-05-11 15:00:00,39,3.84,18.15
161,-11.957933984903061,21.383362263660434,2025-05-11 18:00:00,42,3.88,21.6
161,-11.957933984903061,21.383362263660434,2025-05-11 21:00:00,45,2.48,13.32
161,-11.957933984903061,21.383362263660434,2025-05-12 00:00:00,48,6.67,30.27
161,-11.957933984903061,21.383362263660434,2025-05-12 03:00:00,51,7.7,32.31
161,-11.957933984903061,21.383362263660434,2025-05-12 06:00:00,54,6.53,30.7
161,-11.957933984903061,21.383362263660434,2025-05-12 09:00:00,57,7.68,35.58
161,-11.957933984903061,21.383362263660434,2025-05-12 12:00:00,60,6.15,38.38
161,-11.957933984903061,21.383362263660434,2025-05-12 15:00:00,63,9.75,47.39
161,-11.957933984903061,21.383362263660434,2025-05-12 18:00:00,66,8.92,45.5
161,-11.957933984903061,21.383362263660434,2025-05-12 21:00:00,69,4.84,39.65
161,-11.957933984903061,21.383362263660434,2025-05-13 00:00:00,72,3.69,34.71
161,-11.957933984903061,21.383362263660434,2025-05-13 03:00:00,75,2.74,28.23
161,-11.957933984903061,21.383362263660434,2025-05-13 06:00:00,78,3.65,25.55
161,-11.957933984903061,21.383362263660434,2025-05-13 09:00:00,81,2.99,22.68
161,-11.957933984903061,21.383362263660434,2025-05-13 12:00:00,84,3.2,20.37
161,-11.957933984903061,21.383362263660434,2025-05-13 15:00:00,87,0.79,10.04
161,-11.957933984903061,21.383362263660434,2025-05-13 18:00:00,90,1.55,9.58
161,-11.957933984903061,21.383362263660434,2025-05-13 21:00:00,93,2.56,19.77
161,-11.957933984903061,21.383362263660434,2025-05-14 00:00:00,96,6.57,29.41
161,-11.957933984903061,21.383362263660434,2025-05-14 03:00:00,99,4.2,21.99
161,-11.957933984903061,21.383362263660434,2025-05-14 06:00:00,102,5.57,28.28
161,-11.957933984903061,21.383362263660434,2025-05-14 09:00:00,105,8.13,39.39
161,-11.957933984903061,21.383362263660434,2025-05-14 12:00:00,108,9.4,49.27
161,-11.957933984903061,21.383362263660434,2025-05-14 15:00:00,111,8.46,42.21
161,-11.957933984903061,21.383362263660434,2025-05-14 18:00:00,114,7.59,42.11
161,-11.957933984903061,21.383362263660434,2025-05-14 21:00:00,117,4.75,38.16
162,-11.480087538401579,21.17575087530569,2025-05-10 00:00:00,0,4.26,23.45
162,-11.480087538401579,21.17575087530569,2025-05-10 03:00:00,3,6.88,31.38
162,-11.480087538401579,21.17575087530569,2025-05-10 06:00:00,6,5.65,30.73
162,-11.480087538401579,21.17575087530569,2025-05-10 09:00:00,9,8.55,37.79
162,-11.480087538401579,21.17575087530569,2025-05-10 12:00:00,12,6.99,42.7
162,-11.480087538401579,21.17575087530569,2025-05-10 15:00:00,15,7.07,39.54
162,-11.480087538401579,21.17575087530569,2025-05-10 18:00:00,18,7.72,47.65
162,-11.480087538401579,21.17575087530569,2025-05-10 21:00:00,21,5.9,41.19
162,-11.480087538401579,21.17575087530569,2025-05-11 00:00:00,24,6.33,38.86
162,-11.480087538401579,21.17575087530569,2025-05-11 03:00:00,27,2.87,29.41
162,-11.480087538401579,21.17575087530569,2025-05-11 06:00:00,30,4.86,29.97
162,-11.480087538401579,21.17575087530569,2025-05-11 09:00:00,33,0.91,18.94
162,-11.480087538401579,21.17575087530569,2025-05-11 12:00:00,36,0.2,13.38
162,-11.480087538401579,21.17575087530569,2025-05-11 15:00:00,39,2.81,20.06
162,-11.480087538401579,21.17575087530569,2025-05-11 18:00:00,42,2.37,18.63
162,-11.480087538401579,21.17575087530569,2025-05-11 21:00:00,45,3.93,16.68
162,-11.480087538401579,21.17575087530569,2025-05-12 00:00:00,48,3.74,21.5
162,-11.480087538401579,21.17575087530569,2025-05-12 03:00:00,51,5.73,31.5
162,-11.480087538401579,21.17575087530569,2025-05-12 06:00:00,54,6.83,34.63
162,-11.480087538401579,21.17575087530569,2025-05-12 09:00:00,57,8.91,38.57
162,-11.480087538401579,21.17575087530569,2025-05-12 12:00:00,60,7.17,40.99
162,-11.480087538401579,21.17575087530569,2025-05-12 15:00:00,63,9.22,43.67
162,-11.480087538401579,21.17575087530569,2025-05-12 18:00:00,66,7.11,42.37
162,-11.480087538401579,21.17575087530569,2025-05-12 21:00:00,69,5.23,40.32
162,-11.480087538401579,21.17575087530569,2025-05-13 00:00:00,72,5.46,34.74
162,-11.480087538401579,21.17575087530569,2025-05-13 03:00:00,75,3.4,32.57
162,-11.480087538401579,21.17575087530569,2025-05-13 06:00:00,78,0.93,24.69
162,-11.480087538401579,21.17575087530569,2025-05-13 09:00:00,81,2.66,23.46
162,-11.480087538401579,21.17575087530569,2025-05-13 12:00:00,84,1.12,18.39
162,-11.480087538401579,21.17575087530569,2025-05-13 15:00:00,87,1.84,16.9
162,-11.480087538401579,21.17575087530569,2025-05-13 18:00:00,90,1.39,11.1
162,-11.480087538401579,21.17575087530569,2025-05-13 21:00:00,93,4.01,19.41
162,-11.480087538401579,21.17575087530569,2025-05-14 00:00:00,96,4.06,19.26
162,-11.480087538401579,21.17575087530569,2025-05-14 03:00:00,99,7.15,28.7
162,-11.480087538401579,21.17575087530569,2025-05-14 06:00:00,102,8.67,37.49
162,-11.480087538401579,21.17575087530569,2025-05-14 09:00:00,105,7.99,41.7
162,-11.480087538401579,21.17575087530569,2025-05-14 12:00:00,108,9.74,43.38
162,-11.480087538401579,21.17575087530569,2025-05-14 15:00:00,111,9.17,44.35
162,-11.480087538401579,21.17575087530569,2025-05-14 18:00:00,114,7.33,42.97
162,-11.480087538401579,21.17575087530569,2025-05-14 21:00:00,117,4.87,37.21
163,-11.269390129347329,21.702550322127124,2025-05-10 00:00:00,0,3.09,16.18
163,-11.269390129347329,21.702550322127124,2025-05-10 03:00:00,3,6.84,30.31
163,-11.269390129347329,21.702550322127124,2025-05-10 06:00:00,6,7.02,36.32
163,-11.269390129347329,21.702550322127124,2025-05-10 09:00:00,9,7.21,38.74
163,-11.269390129347329,21.702550322127124,2025-05-10 12:00:00,12,8.37,41.24
163,-11.269390129347329,21.702550322127124,2025-05-10 15:00:00,15,8.38,46.37
163,-11.269390129347329,21.702550322127124,2025-05-10 18:00:00,18,7.46,48.84
163,-11.269390129347329,21.702550322127124,2025-05-10 21:00:00,21,5.86,37.14
163,-11.269390129347329,21.702550322127124,2025-05-11 00:00:00,24,5.13,38.1
163,-11.269390129347329,21.702550322127124,2025-05-11 03:00:00,27,1.85,23.78
163,-11.269390129347329,21.702550322127124,2025-05-11 06:00:00,30,3.19,23.32
163,-11.269390129347329,21.702550322127124,2025-05-11 09:00:00,33,1.94,22.43
163,-11.269390129347329,21.702550322127124,2025-05-11 12:00:00,36,3.49,18.01
163,-11.269390129347329,21.702550322127124,2025-05-11 15:00:00,39,1.84,15.64
163,-11.269390129347329,21.702550322127124,2025-05-11 18:00:00,42,2.98,12.38
163,-11.269390129347329,21.702550322127124,2025-05-11 21:00:00,45,5.29,21.9
163,-11.269390129347329,21.702550322127124,2025-05-12 00:00:00,48,5.13,25.43
163,-11.269390129347329,21.702550322127124,2025-05-12 03:00:00,51,5.28,29.88
163,-11.269390129347329,21.702550322127124,2025-05-12 06:00:00,54,7.09,30.4
163,-11.269390129347329,21.702550322127124,2025-05-12 09:00:00,57,9.02,41.88
163,-11.269390129347329,21.702550322127124,2025-05-12 12:00:00,60,9.02,41.13
163,-11.269390129347329,21.702550322127124,2025-05-12 15:00:00,63,9.36,47.9
163,-11.269390129347329,21.702550322127124,2025-05-12 18:00:00,66,6.06,43.43
163,-11.269390129347329,21.702550322127124,2025-05-12 21:00:00,69,6.33,40.2
163,-11.269390129347329,21.702550322127124,2025-05-13 00:00:00,72,6.32,42.99
163,-11.269390129347329,21.702550322127124,2025-05-13 03:00:00,75,3.44,33.97
163,-11.269390129347329,21.702550322127124,2025-05-13 06:00:00,78,2.62,26.32
163,-11.269390129347329,21.702550322127124,2025-05-13 09:00:00,81,2.24,21.35
163,-11.269390129347329,21.702550322127124,2025-05-13 12:00:00,84,3.42,19.96
163,-11.269390129347329,21.702550322127124,2025-05-13 15:00:00,87,2.51,17.51
163,-11.269390129347329,21.702550322127124,2025-05-13 18:00:00,90,2.17,15.95
163,-11.269390129347329,21.702550322127124,2025-05-13 21:00:00,93,5.37,23.75
163,-11.269390129347329,21.702550322127124,2025-05-14 00:00:00,96,6.77,23.66
163,-11.269390129347329,21.702550322127124,2025-05-14 03:00:00,99,4.16,25.07
163,-11.269390129347329,21.702550322127124,2025-05-14 06:00:00,102,7.73,37.87
163,-11.269390129347329,21.702550322127124,2025-05-14 09:00:00,105,8.2,42.52
163,-11.269390129347329,21.702550322127124,2025-05-14 12:00:00,108,9.06,46.67
163,-11.269390129347329,21.702550322127124,2025-05-14 15:00:00,111,5.84,39.8
163,-11.269390129347329,21.702550322127124,2025-05-14 18:00:00,114,6.8,41.32
163,-11.269390129347329,21.702550322127124,2025-05-14 21:00:00,117,5.79,40.12
164,-11.264159168615578,21.052542114733964,2025-05-10 00:00:00,0,3.55,17.95
164,-11.264159168615578,21.052542114733964,2025-05-10 03:00:00,3,6.57,31.04
164,-11.264159168615578,21.052542114733964,2025-05-10 06:00:00,6,8.23,32.9
164,-11.264159168615578,21.052542114733964,2025-05-10 09:00:00,9,7.67,42.14
164,-11.264159168615578,21.052542114733964,2025-05-10 12:00:00,12,6.52,39.94
164,-11.264159168615578,21.052542114733964,2025-05-10 15:00:00,15,7.14,40.68
164,-11.264159168615578,21.052542114733964,2025-05-10 18:00:00,18,8.6,49.81
164,-11.264159168615578,21.052542114733964,2025-05-10 21:00:00,21,7.22,46.08
164,-11.264159168615578,21.052542114733964,2025-05-11 00:00:00,24,3.62,35.89
164,-11.264159168615578,21.052542114733964,2025-05-11 03:00:00,27,5.19,30.69
164,-11.264159168615578,21.052542114733964,2025-05-11 06:00:00,30,3.92,30.13
164,-11.264159168615578,21.052542114733964,2025-05-11 09:00:00,33,1.28,16.34
164,-11.264159168615578,21.052542114733964,2025-05-11 12:00:00,36,1.48,13.29
164,-11.264159168615578,21.052542114733964,2025-05-11 15:00:00,39,2.32,17.53
164,-11.264159168615578,21.052542114733964,2025-05-11 18:00:00,42,2.68,19.19
164,-11.264159168615578,21.052542114733964,2025-05-11 21:00:00,45,5.54,22.22
164,-11.264159168615578,21.052542114733964,2025-05-12 00:00:00,48,6.93,26.62
164,-11.264159168615578,21.052542114733964,2025-05-12 03:00:00,51,6.4,26.37
164,-11.264159168615578,21.052542114733964,2025-05-12 06:00:00,54,6.41,35.18
164,-11.264159168615578,21.052542114733964,2025-05-12 09:00:00,57,8.92,42.23
164,-11.264159168615578,21.052542114733964,2025-05-12 12:00:00,60,6.41,43.53
164,-11.264159168615578,21.052542114733964,2025-05-12 15:00:00,63,9.36,44.43
164,-11.264159168615578,21.052542114733964,2025-05-12 18:00:00,66,7.73,42.62
164,-11.264159168615578,21.052542114733964,2025-05-12 21:00:00,69,5.23,37.52
164,-11.264159168615578,21.052542114733964,2025-05-13 00:00:00,72,3.87,33.96
164,-11.264159168615578,21.052542114733964,2025-05-13 03:00:00,75,5.57,38.8
164,-11.264159168615578,21.052542114733964,2025-05-13 06:00:00,78,3.34,23.77
164,-11.264159168615578,21.052542114733964,2025-05-13 09:00:00,81,2.14,16.8
164,-11.264159168615578,21.052542114733964,2025-05-13 12:00:00,84,1.31,18.58
164,-11.264159168615578,21.052542114733964,2025-05-13 15:00:00,87,4.16,16.9
164,-11.264159168615578,21.052542114733964,2025-05-13 18:00:00,90,1.89,15.42
164,-11.264159168615578,21.052542114733964,2025-05-13 21:00:00,93,3.4,19.42
164,-11.264159168615578,21.052542114733964,2025-05-14 00:00:00,96,4.66,19.4
164,-11.264159168615578,21.052542114733964,2025-05-14 03:00:00,99,5.28,27.43
164,-11.264159168615578,21.052542114733964,2025-05-14 06:00:00,102,6.11,28.57
164,-11.264159168615578,21.052542114733964,2025-05-14 09:00:00,105,9.69,40.0
164,-11.264159168615578,21.052542114733964,2025-05-14 12:00:00,108,6.05,42.82
164,-11.264159168615578,21.052542114733964,2025-05-14 15:00:00,111,8.65,48.28
164,-11.264159168615578,21.052542114733964,2025-05-14 18:00:00,114,5.31,37.5
164,-11.264159168615578,21.052542114733964,2025-05-14 21:00:00,117,7.92,44.44
165,-11.959739875654959,21.543911549786312,2025-05-10 00:00:00,0,5.15,24.87
165,-11.959739875654959,21.543911549786312,2025-05-10 03:00:00,3,4.36,26.99
165,-11.959739875654959,21.543911549786312,2025-05-10 06:00:00,6,6.61,35.42
165,-11.959739875654959,21.543911549786312,2025-05-10 09:00:00,9,9.23,41.89
165,-11.959739875654959,21.543911549786312,2025-05-10 12:00:00,12,8.65,46.92
165,-11.959739875654959,21.543911549786312,2025-05-10 15:00:00,15,9.43,46.83
165,-11.959739875654959,21.543911549786312,2025-05-10 18:00:00,18,6.64,43.74
165,-11.959739875654959,21.543911549786312,2025-05-10 21:00:00,21,4.49,39.02
165,-11.959739875654959,21.543911549786312,2025-05-11 00:00:00,24,5.47,35.27
165,-11.959739875654959,21.543911549786312,2025-05-11 03:00:00,27,3.43,28.53
165,-11.959739875654959,21.543911549786312,2025-05-11 06:00:00,30,2.82,29.12
165,-11.959739875654959,21.543911549786312,2025-05-11 09:00:00,33,2.68,20.56
165,-11.959739875654959,21.543911549786312,2025-05-11 12:00:00,36,2.33,14.29
165,-11.959739875654959,21.543911549786312,2025-05-11 15:00:00,39,4.04,16.96
165,-11.959739875654959,21.543911549786312,2025-05-11 18:00:00,42,2.6,14.24
165,-11.959739875654959,21.543911549786312,2025-05-11 21:00:00,45,2.87,18.58
165,-11.959739875654959,21.543911549786312,2025-05-12 00:00:00,48,6.94,30.46
165,-11.959739875654959,21.543911549786312,2025-05-12 03:00:00,51,7.09,31.53
165,-11.959739875654959,21.543911549786312,2025-05-12 06:00:00,54,8.1,35.26
165,-11.959739875654959,21.543911549786312,2025-05-12 09:00:00,57,8.61,42.61
165,-11.959739875654959,21.543911549786312,2025-05-12 12:00:00,60,9.21,45.57
165,-11.959739875654959,21.543911549786312,2025-05-12 15:00:00,63,6.25,38.67
165,-11.959739875654959,21.543911549786312,2025-05-12 18:00:00,66,7.0,42.37
165,-11.959739875654959,21.543911549786312,2025-05-12 21:00:00,69,6.64,40.36
165,-11.959739875654959,21.543911549786312,2025-05-13 00:00:00,72,5.59,41.31
165,-11.959739875654959,21.543911549786312,2025-05-13 03:00:00,75,5.52,34.78
165,-11.959739875654959,21.543911549786312,2025-05-13 06:00:00,78,1.58,19.4
165,-11.959739875654959,21.543911549786312,2025-05-13 09:00:00,81,2.06,21.9
165,-11.959739875654959,21.543911549786312,2025-05-13 12:00:00,84,0.29,12.05
165,-11.959739875654959,21.543911549786312,2025-05-13 15:00:00,87,1.64,12.85
165,-11.959739875654959,21.543911549786312,2025-05-13 18:00:00,90,3.52,19.83
165,-11.959739875654959,21.543911549786312,2025-05-13 21:00:00,93,4.15,16.91
165,-11.959739875654959,21.543911549786312,2025-05-14 00:00:00,96,5.54,26.56
165,-11.959739875654959,21.543911549786312,2025-05-14 03:00:00,99,5.07,26.17
165,-11.959739875654959,21.543911549786312,2025-05-14 06:00:00,102,5.86,34.6
165,-11.959739875654959,21.543911549786312,2025-05-14 09:00:00,105,8.22,42.78
165,-11.959739875654959,21.543911549786312,2025-05-14 12:00:00,108,8.77,45.47
165,-11.959739875654959,21.543911549786312,2025-05-14 15:00:00,111,7.94,45.74
165,-11.959739875654959,21.543911549786312,2025-05-14 18:00:00,114,6.94,45.08
165,-11.959739875654959,21.543911549786312,2025-05-14 21:00:00,117,6.42,40.01
166,-11.895260039550854,21.240495593690603,2025-05-10 00:00:00,0,4.75,24.58
166,-11.895260039550854,21.240495593690603,2025-05-10 03:00:00,3,7.18,27.91
166,-11.895260039550854,21.240495593690603,2025-05-10 06:00:00,6,6.43,32.72
166,-11.895260039550854,21.240495593690603,2025-05-10 09:00:00,9,7.73,39.47
166,-11.895260039550854,21.240495593690603,2025-05-10 12:00:00,12,9.16,47.91
166,-11.895260039550854,21.240495593690603,2025-05-10 15:00:00,15,9.08,50.7
166,-11.895260039550854,21.240495593690603,2025-05-10 18:00:00,18,7.29,47.32
166,-11.895260039550854,21.240495593690603,2025-05-10 21:00:00,21,4.46,35.31
166,-11.895260039550854,21.240495593690603,2025-05-11 00:00:00,24,5.19,38.62
166,-11.895260039550854,21.240495593690603,2025-05-11 03:00:00,27,4.74,37.03
166,-11.895260039550854,21.240495593690603,2025-05-11 06:00:00,30,3.81,28.45
166,-11.895260039550854,21.240495593690603,2025-05-11 09:00:00,33,2.15,17.9
166,-11.895260039550854,21.240495593690603,2025-05-11 12:00:00,36,2.19,20.43
166,-11.895260039550854,21.240495593690603,2025-05-11 15:00:00,39,2.57,14.57
166,-11.895260039550854,21.240495593690603,2025-05-11 18:00:00,42,3.55,18.07
166,-11.895260039550854,21.240495593690603,2025-05-11 21:00:00,45,3.58,14.55
166,-11.895260039550854,21.240495593690603,2025-05-12 00:00:00,48,4.66,23.54
166,-11.895260039550854,21.240495593690603,2025-05-12 03:00:00,51,7.52,33.95
166,-11.895260039550854,21.240495593690603,2025-05-12 06:00:00,54,8.47,39.71
166,-11.895260039550854,21.240495593690603,2025-05-12 09:00:00,57,9.56,41.34
166,-11.895260039550854,21.240495593690603,2025-05-12 12:00:00,60,9.26,47.35
166,-11.895260039550854,21.240495593690603,2025-05-12 15:00:00,63,7.35,41.61
166,-11.895260039550854,21.240495593690603,2025-05-12 18:00:00,66,5.46,38.29
166,-11.895260039550854,21.240495593690603,2025-05-12 21:00:00,69,4.26,38.82
166,-11.895260039550854,21.240495593690603,2025-05-13 00:00:00,72,4.64,34.57
166,-11.895260039550854,21.240495593690603,2025-05-13 03:00:00,75,2.62,27.92
166,-11.895260039550854,21.240495593690603,2025-05-13 06:00:00,78,1.06,22.83
166,-11.895260039550854,21.240495593690603,2025-05-13 09:00:00,81,3.08,20.88
166,-11.895260039550854,21.240495593690603,2025-05-13 12:00:00,84,2.72,16.74
166,-11.895260039550854,21.240495593690603,2025-05-13 15:00:00,87,0.51,9.59
166,-11.895260039550854,21.240495593690603,2025-05-13 18:00:00,90,2.54,15.68
166,-11.895260039550854,21.240495593690603,2025-05-13 21:00:00,93,2.54,14.05
166,-11.895260039550854,21.240495593690603,2025-05-14 00:00:00,96,4.14,24.31
166,-11.895260039550854,21.240495593690603,2025-05-14 03:00:00,99,4.38,24.62
166,-11.895260039550854,21.240495593690603,2025-05-14 06:00:00,102,8.41,37.86
166,-11.895260039550854,21.240495593690603,2025-05-14 09:00:00,105,7.34,39.26
166,-11.895260039550854,21.240495593690603,2025-05-14 12:00:00,108,6.09,36.37
166,-11.895260039550854,21.240495593690603,2025-05-14 15:00:00,111,7.43,44.58
166,-11.895260039550854,21.240495593690603,2025-05-14 18:00:00,114,6.09,39.72
166,-11.895260039550854,21.240495593690603,2025-05-14 21:00:00,117,6.85,44.6
167,-11.7033221831156,21.296164584026805,2025-05-10 00:00:00,0,3.61,17.19
167,-11.7033221831156,21.296164584026805,2025-05-10 03:00:00,3,6.52,26.25
167,-11.7033221831156,21.296164584026805,2025-05-10 06:00:00,6,8.56,33.92
167,-11.7033221831156,21.296164584026805,2025-05-10 09:00:00,9,8.31,37.67
167,-11.7033221831156,21.296164584026805,2025-05-10 12:00:00,12,7.87,39.48
167,-11.7033221831156,21.296164584026805,2025-05-10 15:00:00,15,8.04,41.33
167,-11.7033221831156,21.296164584026805,2025-05-10 18:00:00,18,6.14,39.98
167,-11.7033221831156,21.296164584026805,2025-05-10 21:00:00,21,4.2,39.38
167,-11.7033221831156,21.296164584026805,2025-05-11 00:00:00,24,6.96,38.71
167,-11.7033221831156,21.296164584026805,2025-05-11 03:00:00,27,2.7,30.0
167,-11.7033221831156,21.296164584026805,2025-05-11 06:00:00,30,1.59,22.21
167,-11.7033221831156,21.296164584026805,2025-05-11 09:00:00,33,1.9,23.07
167,-11.7033221831156,21.296164584026805,2025-05-11 12:00:00,36,1.46,15.52
167,-11.7033221831156,21.296164584026805,2025-05-11 15:00:00,39,3.7,14.81
167,-11.7033221831156,21.296164584026805,2025-05-11 18:00:00,42,4.65,20.93
167,-11.7033221831156,21.296164584026805,2025-05-11 21:00:00,45,2.32,15.1
167,-11.7033221831156,21.296164584026805,2025-05-12 00:00:00,48,5.85,21.42
167,-11.7033221831156,21.296164584026805,2025-05-12 03:00:00,51,4.42,28.71
167,-11.7033221831156,21.296164584026805,2025-05-12 06:00:00,54,6.55,36.34
167,-11.7033221831156,21.296164584026805,2025-05-12 09:00:00,57,9.58,41.31
167,-11.7033221831156,21.296164584026805,2025-05-12 12:00:00,60,6.81,37.04
167,-11.7033221831156,21.296164584026805,2025-05-12 15:00:00,63,8.57,45.19
167,-11.7033221831156,21.296164584026805,2025-05-12 18:00:00,66,5.97,40.68
167,-11.7033221831156,21.296164584026805,2025-05-12 21:00:00,69,5.34,40.18
167,-11.7033221831156,21.296164584026805,2025-05-13 00:00:00,72,5.72,42.06
167,-11.7033221831156,21.296164584026805,2025-05-13 03:00:00,75,3.05,33.55
167,-11.7033221831156,21.296164584026805,2025-05-13 06:00:00,78,2.69,28.54
167,-11.7033221831156,21.296164584026805,2025-05-13 09:00:00,81,0.56,17.29
167,-11.7033221831156,21.296164584026805,2025-05-13 12:00:00,84,1.65,17.57
167,-11.7033221831156,21.296164584026805,2025-05-13 15:00:00,87,2.0,18.37
167,-11.7033221831156,21.296164584026805,2025-05-13 18:00:00,90,2.84,12.82
167,-11.7033221831156,21.296164584026805,2025-05-13 21:00:00,93,2.58,15.75
167,-11.7033221831156,21.296164584026805,2025-05-14 00:00:00,96,5.99,25.94
167,-11.7033221831156,21.296164584026805,2025-05-14 03:00:00,99,7.01,32.43
167,-11.7033221831156,21.296164584026805,2025-05-14 06:00:00,102,9.02,40.56
167,-11.7033221831156,21.296164584026805,2025-05-14 09:00:00,105,9.61,40.55
167,-11.7033221831156,21.296164584026805,2025-05-14 12:00:00,108,6.32,39.85
167,-11.7033221831156,21.296164584026805,2025-05-14 15:00:00,111,8.0,45.28
167,-11.7033221831156,21.296164584026805,2025-05-14 18:00:00,114,7.32,44.49
167,-11.7033221831156,21.296164584026805,2025-05-14 21:00:00,117,5.16,37.91
168,-11.560119828193606,21.52212138935104,2025-05-10 00:00:00,0,4.1,22.16
168,-11.560119828193606,21.52212138935104,2025-05-10 03:00:00,3,7.48,31.33
168,-11.560119828193606,21.52212138935104,2025-05-10 06:00:00,6,6.52,32.19
168,-11.560119828193606,21.52212138935104,2025-05-10 09:00:00,9,7.93,36.34
168,-11.560119828193606,21.52212138935104,2025-05-10 12:00:00,12,8.22,44.32
168,-11.560119828193606,21.52212138935104,2025-05-10 15:00:00,15,6.83,44.59
168,-11.560119828193606,21.52212138935104,2025-05-10 18:00:00,18,8.17,42.86
168,-11.560119828193606,21.52212138935104,2025-05-10 21:00:00,21,4.96,41.81
168,-11.560119828193606,21.52212138935104,2025-05-11 00:00:00,24,6.49,38.89
168,-11.560119828193606,21.52212138935104,2025-05-11 03:00:00,27,3.22,26.71
168,-11.560119828193606,21.52212138935104,2025-05-11 06:00:00,30,1.13,19.21
168,-11.560119828193606,21.52212138935104,2025-05-11 09:00:00,33,2.37,18.67
168,-11.560119828193606,21.52212138935104,2025-05-11 12:00:00,36,2.6,19.86
168,-11.560119828193606,21.52212138935104,2025-05-11 15:00:00,39,3.56,19.69
168,-11.560119828193606,21.52212138935104,2025-05-11 18:00:00,42,4.53,19.06
168,-11.560119828193606,21.52212138935104,2025-05-11 21:00:00,45,4.51,16.48
168,-11.560119828193606,21.52212138935104,2025-05-12 00:00:00,48,3.21,20.33
168,-11.560119828193606,21.52212138935104,2025-05-12 03:00:00,51,4.54,25.52
168,-11.560119828193606,21.52212138935104,2025-05-12 06:00:00,54,7.6,32.84
168,-11.560119828193606,21.52212138935104,2025-05-12 09:00:00,57,7.61,37.03
168,-11.560119828193606,21.52212138935104,2025-05-12 12:00:00,60,7.36,45.11
168,-11.560119828193606,21.52212138935104,2025-05-12 15:00:00,63,7.19,45.12
168,-11.560119828193606,21.52212138935104,2025-05-12 18:00:00,66,9.08,50.76
168,-11.560119828193606,21.52212138935104,2025-05-12 21:00:00,69,7.5,47.8
168,-11.560119828193606,21.52212138935104,2025-05-13 00:00:00,72,6.39,40.33
168,-11.560119828193606,21.52212138935104,2025-05-13 03:00:00,75,5.49,33.15
168,-11.560119828193606,21.52212138935104,2025-05-13 06:00:00,78,4.0,26.19
168,-11.560119828193606,21.52212138935104,2025-05-13 09:00:00,81,1.32,22.06
168,-11.560119828193606,21.52212138935104,2025-05-13 12:00:00,84,3.69,16.44
168,-11.560119828193606,21.52212138935104,2025-05-13 15:00:00,87,1.83,14.07
168,-11.560119828193606,21.52212138935104,2025-05-13 18:00:00,90,2.65,18.85
168,-11.560119828193606,21.52212138935104,2025-05-13 21:00:00,93,3.42,19.34
168,-11.560119828193606,21.52212138935104,2025-05-14 00:00:00,96,3.56,16.98
168,-11.560119828193606,21.52212138935104,2025-05-14 03:00:00,99,7.07,28.31
168,-11.560119828193606,21.52212138935104,2025-05-14 06:00:00,102,6.17,30.29
168,-11.560119828193606,21.52212138935104,2025-05-14 09:00:00,105,9.41,41.12
168,-11.560119828193606,21.52212138935104,2025-05-14 12:00:00,108,7.35,38.88
168,-11.560119828193606,21.52212138935104,2025-05-14 15:00:00,111,6.24,42.68
168,-11.560119828193606,21.52212138935104,2025-05-14 18:00:00,114,6.18,41.25
168,-11.560119828193606,21.52212138935104,2025-05-14 21:00:00,117,6.32,42.05
169,-11.431887912481532,21.105133052814107,2025-05-10 00:00:00,0,5.98,24.31
169,-11.431887912481532,21.105133052814107,2025-05-10 03:00:00,3,4.36,25.43
169,-11.431887912481532,21.105133052814107,2025-05-10 06:00:00,6,8.82,41.17
169,-11.431887912481532,21.105133052814107,2025-05-10 09:00:00,9,6.46,39.44
169,-11.431887912481532,21.105133052814107,2025-05-10 12:00:00,12,8.06,45.2
169,-11.431887912481532,21.105133052814107,2025-05-10 15:00:00,15,7.99,42.68
169,-11.431887912481532,21.105133052814107,2025-05-10 18:00:00,18,6.99,46.5
169,-11.431887912481532,21.105133052814107,2025-05-10 21:00:00,21,6.32,43.55
169,-11.431887912481532,21.105133052814107,2025-05-11 00:00:00,24,4.42,32.63
169,-11.431887912481532,21.105133052814107,2025-05-11 03:00:00,27,3.16,33.91
169,-11.431887912481532,21.105133052814107,2025-05-11 06:00:00,30,2.08,20.16
169,-11.431887912481532,21.105133052814107,2025-05-11 09:00:00,33,3.11,26.08
169,-11.431887912481532,21.105133052814107,2025-05-11 12:00:00,36,0.46,10.4
169,-11.431887912481532,21.105133052814107,2025-05-11 15:00:00,39,0.66,13.44
169,-11.431887912481532,21.105133052814107,2025-05-11 18:00:00,42,4.04,14.47
169,-11.431887912481532,21.105133052814107,2025-05-11 21:00:00,45,2.74,16.53
169,-11.431887912481532,21.105133052814107,2025-05-12 00:00:00,48,4.61,18.3
169,-11.431887912481532,21.105133052814107,2025-05-12 03:00:00,51,6.34,30.06
169,-11.431887912481532,21.105133052814107,2025-05-12 06:00:00,54,7.82,36.83
169,-11.431887912481532,21.105133052814107,2025-05-12 09:00:00,57,6.5,40.46
169,-11.431887912481532,21.105133052814107,2025-05-12 12:00:00,60,9.83,47.09
169,-11.431887912481532,21.105133052814107,2025-05-12 15:00:00,63,8.22,45.49
169,-11.431887912481532,21.105133052814107,2025-05-12 18:00:00,66,6.8,41.42
169,-11.431887912481532,21.105133052814107,2025-05-12 21:00:00,69,4.69,38.51
169,-11.431887912481532,21.105133052814107,2025-05-13 00:00:00,72,3.82,33.35
169,-11.431887912481532,21.105133052814107,2025-05-13 03:00:00,75,2.99,31.78
169,-11.431887912481532,21.105133052814107,2025-05-13 06:00:00,78,2.16,26.32
169,-11.431887912481532,21.105133052814107,2025-05-13 09:00:00,81,0.35,12.97
169,-11.431887912481532,21.105133052814107,2025-05-13 12:00:00,84,0.56,10.96
169,-11.431887912481532,21.105133052814107,2025-05-13 15:00:00,87,3.02,20.54
169,-11.431887912481532,21.105133052814107,2025-05-13 18:00:00,90,2.68,12.62
169,-11.431887912481532,21.105133052814107,2025-05-13 21:00:00,93,5.05,21.47
169,-11.431887912481532,21.105133052814107,2025-05-14 00:00:00,96,3.62,21.37
169,-11.431887912481532,21.105133052814107,2025-05-14 03:00:00,99,5.69,26.24
169,-11.431887912481532,21.105133052814107,2025-05-14 06:00:00,102,5.89,29.15
169,-11.431887912481532,21.105133052814107,2025-05-14 09:00:00,105,7.16,40.29
169,-11.431887912481532,21.105133052814107,2025-05-14 12:00:00,108,7.62,39.5
169,-11.431887912481532,21.105133052814107,2025-05-14 15:00:00,111,5.87,44.11
169,-11.431887912481532,21.105133052814107,2025-05-14 18:00:00,114,7.78,45.23
169,-11.431887912481532,21.105133052814107,2025-05-14 21:00:00,117,6.62,43.5
170,-11.933136365266867,21.419564537248714,2025-05-10 00:00:00,0,3.05,20.55
170,-11.933136365266867,21.419564537248714,2025-05-10 03:00:00,3,4.91,24.77
170,-11.933136365266867,21.419564537248714,2025-05-10 06:00:00,6,8.47,33.52
170,-11.933136365266867,21.419564537248714,2025-05-10 09:00:00,9,5.84,35.9
170,-11.933136365266867,21.419564537248714,2025-05-10 12:00:00,12,7.98,40.81
170,-11.933136365266867,21.419564537248714,2025-05-10 15:00:00,15,9.65,46.85
170,-11.933136365266867,21.419564537248714,2025-05-10 18:00:00,18,6.31,38.99
170,-11.933136365266867,21.419564537248714,2025-05-10 21:00:00,21,5.83,43.42
170,-11.933136365266867,21.419564537248714,2025-05-11 00:00:00,24,4.84,34.49
170,-11.933136365266867,21.419564537248714,2025-05-11 03:00:00,27,3.84,29.57
170,-11.933136365266867,21.419564537248714,2025-05-11 06:00:00,30,4.12,30.31
170,-11.933136365266867,21.419564537248714,2025-05-11 09:00:00,33,1.78,16.73
170,-11.933136365266867,21.419564537248714,2025-05-11 12:00:00,36,0.79,16.27
170,-11.933136365266867,21.419564537248714,2025-05-11 15:00:00,39,2.56,19.69
170,-11.933136365266867,21.419564537248714,2025-05-11 18:00:00,42,1.25,12.36
170,-11.933136365266867,21.419564537248714,2025-05-11 21:00:00,45,5.67,20.43
170,-11.933136365266867,21.419564537248714,2025-05-12 00:00:00,48,4.83,25.57
170,-11.933136365266867,21.419564537248714,2025-05-12 03:00:00,51,7.08,28.84
170,-11.933136365266867,21.419564537248714,2025-05-12 06:00:00,54,6.56,31.96
170,-11.933136365266867,21.419564537248714,2025-05-12 09:00:00,57,7.9,37.23
170,-11.933136365266867,21.419564537248714,2025-05-12 12:00:00,60,7.42,40.52
170,-11.933136365266867,21.419564537248714,2025-05-12 15:00:00,63,6.26,45.6
170,-11.933136365266867,21.419564537248714,2025-05-12 18:00:00,66,5.69,40.93
170,-11.933136365266867,21.419564537248714,2025-05-12 21:00:00,69,5.67,41.61
170,-11.933136365266867,21.419564537248714,2025-05-13 00:00:00,72,4.66,40.29
170,-11.933136365266867,21.419564537248714,2025-05-13 03:00:00,75,4.21,34.91
170,-11.933136365266867,21.419564537248714,2025-05-13 06:00:00,78,2.98,27.97
170,-11.933136365266867,21.419564537248714,2025-05-13 09:00:00,81,3.62,24.09
170,-11.933136365266867,21.419564537248714,2025-05-13 12:00:00,84,2.8,16.1
170,-11.933136365266867,21.419564537248714,2025-05-13 15:00:00,87,1.09,8.98
170,-11.933136365266867,21.419564537248714,2025-05-13 18:00:00,90,1.74,16.38
170,-11.933136365266867,21.419564537248714,2025-05-13 21:00:00,93,4.89,22.04
170,-11.933136365266867,21.419564537248714,2025-05-14 00:00:00,96,3.64,16.58
170,-11.933136365266867,21.419564537248714,2025-05-14 03:00:00,99,6.59,25.93
170,-11.933136365266867,21.419564537248714,2025-05-14 06:00:00,102,5.48,31.34
170,-11.933136365266867,21.419564537248714,2025-05-14 09:00:00,105,7.11,41.37
170,-11.933136365266867,21.419564537248714,2025-05-14 12:00:00,108,8.18,46.53
170,-11.933136365266867,21.419564537248714,2025-05-14 15:00:00,111,8.73,47.39
170,-11.933136365266867,21.419564537248714,2025-05-14 18:00:00,114,8.15,46.66
170,-11.933136365266867,21.419564537248714,2025-05-14 21:00:00,117,6.12,45.13
171,-11.954302170818224,21.02247433471088,2025-05-10 00:00:00,0,4.07,21.24
171,-11.954302170818224,21.02247433471088,2025-05-10 03:00:00,3,7.54,34.86
171,-11.954302170818224,21.02247433471088,2025-05-10 06:00:00,6,6.08,32.43
171,-11.954302170818224,21.02247433471088,2025-05-10 09:00:00,9,9.07,41.66
171,-11.954302170818224,21.02247433471088,2025-05-10 12:00:00,12,7.52,38.9
171,-11.954302170818224,21.02247433471088,2025-05-10 15:00:00,15,8.31,43.34
171,-11.954302170818224,21.02247433471088,2025-05-10 18:00:00,18,8.41,46.53
171,-11.954302170818224,21.02247433471088,2025-05-10 21:00:00,21,5.86,40.67
171,-11.954302170818224,21.02247433471088,2025-05-11 00:00:00,24,3.97,32.81
171,-11.954302170818224,21.02247433471088,2025-05-11 03:00:00,27,2.68,28.02
171,-11.954302170818224,21.02247433471088,2025-05-11 06:00:00,30,2.68,28.17
171,-11.954302170818224,21.02247433471088,2025-05-11 09:00:00,33,3.09,21.78
171,-11.954302170818224,21.02247433471088,2025-05-11 12:00:00,36,1.56,19.54
171,-11.954302170818224,21.02247433471088,2025-05-11 15:00:00,39,1.28,15.22
171,-11.954302170818224,21.02247433471088,2025-05-11 18:00:00,42,3.3,17.47
171,-11.954302170818224,21.02247433471088,2025-05-11 21:00:00,45,4.95,17.82
171,-11.954302170818224,21.02247433471088,2025-05-12 00:00:00,48,5.52,25.15
171,-11.954302170818224,21.02247433471088,2025-05-12 03:00:00,51,7.49,31.16
171,-11.954302170818224,21.02247433471088,2025-05-12 06:00:00,54,8.21,35.02
171,-11.954302170818224,21.02247433471088,2025-05-12 09:00:00,57,7.02,41.5
171,-11.954302170818224,21.02247433471088,2025-05-12 12:00:00,60,7.15,37.69
171,-11.954302170818224,21.02247433471088,2025-05-12 15:00:00,63,5.86,43.16
171,-11.954302170818224,21.02247433471088,2025-05-12 18:00:00,66,8.04,47.91
171,-11.954302170818224,21.02247433471088,2025-05-12 21:00:00,69,5.4,40.45
171,-11.954302170818224,21.02247433471088,2025-05-13 00:00:00,72,5.32,37.21
171,-11.954302170818224,21.02247433471088,2025-05-13 03:00:00,75,3.09,32.98
171,-11.954302170818224,21.02247433471088,2025-05-13 06:00:00,78,1.17,24.65
171,-11.954302170818224,21.02247433471088,2025-05-13 09:00:00,81,1.2,21.63
171,-11.954302170818224,21.02247433471088,2025-05-13 12:00:00,84,0.73,12.61
171,-11.954302170818224,21.02247433471088,2025-05-13 15:00:00,87,4.07,19.58
171,-11.954302170818224,21.02247433471088,2025-05-13 18:00:00,90,2.38,11.91
171,-11.954302170818224,21.02247433471088,2025-05-13 21:00:00,93,2.79,19.61
171,-11.954302170818224,21.02247433471088,2025-05-14 00:00:00,96,6.06,28.21
171,-11.954302170818224,21.02247433471088,2025-05-14 03:00:00,99,4.61,26.58
171,-11.954302170818224,21.02247433471088,2025-05-14 06:00:00,102,8.22,32.83
171,-11.954302170818224,21.02247433471088,2025-05-14 09:00:00,105,8.35,39.86
171,-11.954302170818224,21.02247433471088,2025-05-14 12:00:00,108,6.39,42.17
171,-11.954302170818224,21.02247433471088,2025-05-14 15:00:00,111,6.53,44.12
171,-11.954302170818224,21.02247433471088,2025-05-14 18:00:00,114,7.48,46.24
171,-11.954302170818224,21.02247433471088,2025-05-14 21:00:00,117,8.12,45.39
172,-11.415575549385814,21.34103592750268,2025-05-10 00:00:00,0,3.87,19.46
172,-11.415575549385814,21.34103592750268,2025-05-10 03:00:00,3,4.39,25.81
172,-11.415575549385814,21.34103592750268,2025-05-10 06:00:00,6,6.51,33.63
172,-11.415575549385814,21.34103592750268,2025-05-10 09:00:00,9,6.66,36.86
172,-11.415575549385814,21.34103592750268,2025-05-10 12:00:00,12,7.51,46.04
172,-11.415575549385814,21.34103592750268,2025-05-10 15:00:00,15,8.52,46.84
172,-11.415575549385814,21.34103592750268,2025-05-10 18:00:00,18,6.68,46.36
172,-11.415575549385814,21.34103592750268,2025-05-10 21:00:00,21,5.15,42.68
172,-11.415575549385814,21.34103592750268,2025-05-11 00:00:00,24,5.21,36.67
172,-11.415575549385814,21.34103592750268,2025-05-11 03:00:00,27,5.01,37.82
172,-11.415575549385814,21.34103592750268,2025-05-11 06:00:00,30,3.47,30.12
172,-11.415575549385814,21.34103592750268,2025-05-11 09:00:00,33,0.23,13.81
172,-11.415575549385814,21.34103592750268,2025-05-11 12:00:00,36,0.48,12.01
172,-11.415575549385814,21.34103592750268,2025-05-11 15:00:00,39,3.7,21.33
172,-11.415575549385814,21.34103592750268,2025-05-11 18:00:00,42,4.12,18.83
172,-11.415575549385814,21.34103592750268,2025-05-11 21:00:00,45,4.83,20.28
172,-11.415575549385814,21.34103592750268,2025-05-12 00:00:00,48,6.79,22.98
172,-11.415575549385814,21.34103592750268,2025-05-12 03:00:00,51,4.4,24.5
172,-11.415575549385814,21.34103592750268,2025-05-12 06:00:00,54,8.15,38.02
172,-11.415575549385814,21.34103592750268,2025-05-12 09:00:00,57,7.81,35.94
172,-11.415575549385814,21.34103592750268,2025-05-12 12:00:00,60,7.61,41.5
172,-11.415575549385814,21.34103592750268,2025-05-12 15:00:00,63,8.29,42.49
172,-11.415575549385814,21.34103592750268,2025-05-12 18:00:00,66,8.08,46.81
172,-11.415575549385814,21.34103592750268,2025-05-12 21:00:00,69,4.58,39.73
172,-11.415575549385814,21.34103592750268,2025-05-13 00:00:00,72,5.86,38.53
172,-11.415575549385814,21.34103592750268,2025-05-13 03:00:00,75,2.1,30.22
172,-11.415575549385814,21.34103592750268,2025-05-13 06:00:00,78,3.44,24.25
172,-11.415575549385814,21.34103592750268,2025-05-13 09:00:00,81,3.77,21.83
172,-11.415575549385814,21.34103592750268,2025-05-13 12:00:00,84,2.35,18.86
172,-11.415575549385814,21.34103592750268,2025-05-13 15:00:00,87,3.33,15.81
172,-11.415575549385814,21.34103592750268,2025-05-13 18:00:00,90,3.06,16.35
172,-11.415575549385814,21.34103592750268,2025-05-13 21:00:00,93,3.66,21.87
172,-11.415575549385814,21.34103592750268,2025-05-14 00:00:00,96,6.14,27.5
172,-11.415575549385814,21.34103592750268,2025-05-14 03:00:00,99,7.56,28.8
172,-11.415575549385814,21.34103592750268,2025-05-14 06:00:00,102,8.69,36.23
172,-11.415575549385814,21.34103592750268,2025-05-14 09:00:00,105,6.16,39.26
172,-11.415575549385814,21.34103592750268,2025-05-14 12:00:00,108,6.9,38.41
172,-11.415575549385814,21.34103592750268,2025-05-14 15:00:00,111,6.42,46.02
172,-11.415575549385814,21.34103592750268,2025-05-14 18:00:00,114,7.42,43.0
172,-11.415575549385814,21.34103592750268,2025-05-14 21:00:00,117,7.4,45.93
173,-11.746963414553678,21.55685065250804,2025-05-10 00:00:00,0,4.3,24.64
173,-11.746963414553678,21.55685065250804,2025-05-10 03:00:00,3,4.8,22.5
173,-11.746963414553678,21.55685065250804,2025-05-10 06:00:00,6,6.51,36.62
173,-11.746963414553678,21.55685065250804,2025-05-10 09:00:00,9,9.28,41.0
173,-11.746963414553678,21.55685065250804,2025-05-10 12:00:00,12,6.37,37.82
173,-11.746963414553678,21.55685065250804,2025-05-10 15:00:00,15,8.69,50.33
173,-11.746963414553678,21.55685065250804,2025-05-10 18:00:00,18,6.2,41.45
173,-11.746963414553678,21.55685065250804,2025-05-10 21:00:00,21,4.3,35.65
173,-11.746963414553678,21.55685065250804,2025-05-11 00:00:00,24,5.21,34.33
173,-11.746963414553678,21.55685065250804,2025-05-11 03:00:00,27,4.71,29.33
173,-11.746963414553678,21.55685065250804,2025-05-11 06:00:00,30,3.75,24.97
173,-11.746963414553678,21.55685065250804,2025-05-11 09:00:00,33,3.06,23.17
173,-11.746963414553678,21.55685065250804,2025-05-11 12:00:00,36,1.5,17.76
173,-11.746963414553678,21.55685065250804,2025-05-11 15:00:00,39,2.86,15.45
173,-11.746963414553678,21.55685065250804,2025-05-11 18:00:00,42,3.03,18.79
173,-11.746963414553678,21.55685065250804,2025-05-11 21:00:00,45,2.14,13.62
173,-11.746963414553678,21.55685065250804,2025-05-12 00:00:00,48,6.61,29.24
173,-11.746963414553678,21.55685065250804,2025-05-12 03:00:00,51,6.35,27.74
173,-11.746963414553678,21.55685065250804,2025-05-12 06:00:00,54,5.53,34.3
173,-11.746963414553678,21.55685065250804,2025-05-12 09:00:00,57,7.99,40.41
173,-11.746963414553678,21.55685065250804,2025-05-12 12:00:00,60,7.45,40.73
173,-11.746963414553678,21.55685065250804,2025-05-12 15:00:00,63,5.84,39.7
173,-11.746963414553678,21.55685065250804,2025-05-12 18:00:00,66,5.79,39.75
173,-11.746963414553678,21.55685065250804,2025-05-12 21:00:00,69,4.3,39.36
173,-11.746963414553678,21.55685065250804,2025-05-13 00:00:00,72,6.91,43.19
173,-11.746963414553678,21.55685065250804,2025-05-13 03:00:00,75,2.6,29.67
173,-11.746963414553678,21.55685065250804,2025-05-13 06:00:00,78,3.33,24.02
173,-11.746963414553678,21.55685065250804,2025-05-13 09:00:00,81,3.67,19.83
173,-11.746963414553678,21.55685065250804,2025-05-13 12:00:00,84,0.41,10.75
173,-11.746963414553678,21.55685065250804,2025-05-13 15:00:00,87,0.75,10.74
173,-11.746963414553678,21.55685065250804,2025-05-13 18:00:00,90,3.35,17.14
173,-11.746963414553678,21.55685065250804,2025-05-13 21:00:00,93,3.34,15.65
173,-11.746963414553678,21.55685065250804,2025-05-14 00:00:00,96,6.72,27.71
173,-11.746963414553678,21.55685065250804,2025-05-14 03:00:00,99,5.26,28.3
173,-11.746963414553678,21.55685065250804,2025-05-14 06:00:00,102,8.92,35.84
173,-11.746963414553678,21.55685065250804,2025-05-14 09:00:00,105,9.75,46.69
173,-11.746963414553678,21.55685065250804,2025-05-14 12:00:00,108,6.42,40.84
173,-11.746963414553678,21.55685065250804,2025-05-14 15:00:00,111,6.8,42.57
173,-11.746963414553678,21.55685065250804,2025-05-14 18:00:00,114,5.61,39.06
173,-11.746963414553678,21.55685065250804,2025-05-14 21:00:00,117,4.85,36.8
174,-11.95972525655748,21.57598060313285,2025-05-10 00:00:00,0,5.07,24.79
174,-11.95972525655748,21.57598060313285,2025-05-10 03:00:00,3,6.52,26.41
174,-11.95972525655748,21.57598060313285,2025-05-10 06:00:00,6,8.89,39.99
174,-11.95972525655748,21.57598060313285,2025-05-10 09:00:00,9,7.89,39.02
174,-11.95972525655748,21.57598060313285,2025-05-10 12:00:00,12,7.98,40.0
174,-11.95972525655748,21.57598060313285,2025-05-10 15:00:00,15,7.18,45.31
174,-11.95972525655748,21.57598060313285,2025-05-10 18:00:00,18,5.23,42.07
174,-11.95972525655748,21.57598060313285,2025-05-10 21:00:00,21,7.0,42.35
174,-11.95972525655748,21.57598060313285,2025-05-11 00:00:00,24,4.76,37.33
174,-11.95972525655748,21.57598060313285,2025-05-11 03:00:00,27,3.85,28.06
174,-11.95972525655748,21.57598060313285,2025-05-11 06:00:00,30,4.7,30.23
174,-11.95972525655748,21.57598060313285,2025-05-11 09:00:00,33,2.12,24.21
174,-11.95972525655748,21.57598060313285,2025-05-11 12:00:00,36,3.24,22.66
174,-11.95972525655748,21.57598060313285,2025-05-11 15:00:00,39,1.47,16.26
174,-11.95972525655748,21.57598060313285,2025-05-11 18:00:00,42,1.55,12.75
174,-11.95972525655748,21.57598060313285,2025-05-11 21:00:00,45,1.91,17.45
174,-11.95972525655748,21.57598060313285,2025-05-12 00:00:00,48,5.3,24.85
174,-11.95972525655748,21.57598060313285,2025-05-12 03:00:00,51,7.51,27.86
174,-11.95972525655748,21.57598060313285,2025-05-12 06:00:00,54,6.35,33.72
174,-11.95972525655748,21.57598060313285,2025-05-12 09:00:00,57,8.33,43.21
174,-11.95972525655748,21.57598060313285,2025-05-12 12:00:00,60,9.81,44.1
174,-11.95972525655748,21.57598060313285,2025-05-12 15:00:00,63,9.43,45.33
174,-11.95972525655748,21.57598060313285,2025-05-12 18:00:00,66,5.32,39.35
174,-11.95972525655748,21.57598060313285,2025-05-12 21:00:00,69,4.72,42.6
174,-11.95972525655748,21.57598060313285,2025-05-13 00:00:00,72,5.37,37.1
174,-11.95972525655748,21.57598060313285,2025-05-13 03:00:00,75,5.67,37.03
174,-11.95972525655748,21.57598060313285,2025-05-13 06:00:00,78,2.34,28.33
174,-11.95972525655748,21.57598060313285,2025-05-13 09:00:00,81,2.0,19.95
174,-11.95972525655748,21.57598060313285,2025-05-13 12:00:00,84,0.1,11.07
174,-11.95972525655748,21.57598060313285,2025-05-13 15:00:00,87,3.81,20.94
174,-11.95972525655748,21.57598060313285,2025-05-13 18:00:00,90,4.15,20.53
174,-11.95972525655748,21.57598060313285,2025-05-13 21:00:00,93,5.62,19.79
174,-11.95972525655748,21.57598060313285,2025-05-14 00:00:00,96,4.87,20.63
174,-11.95972525655748,21.57598060313285,2025-05-14 03:00:00,99,7.82,34.5
174,-11.95972525655748,21.57598060313285,2025-05-14 06:00:00,102,6.8,36.36
174,-11.95972525655748,21.57598060313285,2025-05-14 09:00:00,105,9.69,41.0
174,-11.95972525655748,21.57598060313285,2025-05-14 12:00:00,108,6.69,41.92
174,-11.95972525655748,21.57598060313285,2025-05-14 15:00:00,111,9.49,47.05
174,-11.95972525655748,21.57598060313285,2025-05-14 18:00:00,114,6.16,42.73
174,-11.95972525655748,21.57598060313285,2025-05-14 21:00:00,117,7.48,42.34
175,-11.79711344277097,21.147333990790873,2025-05-10 00:00:00,0,5.68,23.13
175,-11.79711344277097,21.147333990790873,2025-05-10 03:00:00,3,4.65,28.72
175,-11.79711344277097,21.147333990790873,2025-05-10 06:00:00,6,5.16,29.28
175,-11.79711344277097,21.147333990790873,2025-05-10 09:00:00,9,9.27,43.34
175,-11.79711344277097,21.147333990790873,2025-05-10 12:00:00,12,8.03,45.12
175,-11.79711344277097,21.147333990790873,2025-05-10 15:00:00,15,7.31,46.37
175,-11.79711344277097,21.147333990790873,2025-05-10 18:00:00,18,5.65,43.77
175,-11.79711344277097,21.147333990790873,2025-05-10 21:00:00,21,7.44,45.79
175,-11.79711344277097,21.147333990790873,2025-05-11 00:00:00,24,6.49,36.52
175,-11.79711344277097,21.147333990790873,2025-05-11 03:00:00,27,2.46,30.19
175,-11.79711344277097,21.147333990790873,2025-05-11 06:00:00,30,1.14,20.68
175,-11.79711344277097,21.147333990790873,2025-05-11 09:00:00,33,2.88,21.99
175,-11.79711344277097,21.147333990790873,2025-05-11 12:00:00,36,2.34,18.2
175,-11.79711344277097,21.147333990790873,2025-05-11 15:00:00,39,1.06,11.76
175,-11.79711344277097,21.147333990790873,2025-05-11 18:00:00,42,4.78,16.34
175,-11.79711344277097,21.147333990790873,2025-05-11 21:00:00,45,4.94,22.1
175,-11.79711344277097,21.147333990790873,2025-05-12 00:00:00,48,3.09,18.5
175,-11.79711344277097,21.147333990790873,2025-05-12 03:00:00,51,7.03,32.54
175,-11.79711344277097,21.147333990790873,2025-05-12 06:00:00,54,8.08,38.85
175,-11.79711344277097,21.147333990790873,2025-05-12 09:00:00,57,6.92,36.26
175,-11.79711344277097,21.147333990790873,2025-05-12 12:00:00,60,7.44,43.69
175,-11.79711344277097,21.147333990790873,2025-05-12 15:00:00,63,8.08,47.45
175,-11.79711344277097,21.147333990790873,2025-05-12 18:00:00,66,8.19,44.55
175,-11.79711344277097,21.147333990790873,2025-05-12 21:00:00,69,5.17,40.27
175,-11.79711344277097,21.147333990790873,2025-05-13 00:00:00,72,3.53,33.44
175,-11.79711344277097,21.147333990790873,2025-05-13 03:00:00,75,4.24,34.53
175,-11.79711344277097,21.147333990790873,2025-05-13 06:00:00,78,4.07,27.5
175,-11.79711344277097,21.147333990790873,2025-05-13 09:00:00,81,1.5,15.88
175,-11.79711344277097,21.147333990790873,2025-05-13 12:00:00,84,1.62,15.62
175,-11.79711344277097,21.147333990790873,2025-05-13 15:00:00,87,0.53,9.66
175,-11.79711344277097,21.147333990790873,2025-05-13 18:00:00,90,4.71,15.57
175,-11.79711344277097,21.147333990790873,2025-05-13 21:00:00,93,3.92,15.62
175,-11.79711344277097,21.147333990790873,2025-05-14 00:00:00,96,5.57,20.75
175,-11.79711344277097,21.147333990790873,2025-05-14 03:00:00,99,4.71,29.32
175,-11.79711344277097,21.147333990790873,2025-05-14 06:00:00,102,6.51,30.35
175,-11.79711344277097,21.147333990790873,2025-05-14 09:00:00,105,9.49,42.46
175,-11.79711344277097,21.147333990790873,2025-05-14 12:00:00,108,8.76,46.93
175,-11.79711344277097,21.147333990790873,2025-05-14 15:00:00,111,8.37,47.03
175,-11.79711344277097,21.147333990790873,2025-05-14 18:00:00,114,8.21,42.59
175,-11.79711344277097,21.147333990790873,2025-05-14 21:00:00,117,4.77,36.78
176,-11.92458484701017,21.735152302471164,2025-05-10 00:00:00,0,6.03,22.42
176,-11.92458484701017,21.735152302471164,2025-05-10 03:00:00,3,7.1,29.72
176,-11.92458484701017,21.735152302471164,2025-05-10 06:00:00,6,8.73,36.61
176,-11.92458484701017,21.735152302471164,2025-05-10 09:00:00,9,9.24,43.68
176,-11.92458484701017,21.735152302471164,2025-05-10 12:00:00,12,9.79,49.25
176,-11.92458484701017,21.735152302471164,2025-05-10 15:00:00,15,9.06,46.51
176,-11.92458484701017,21.735152302471164,2025-05-10 18:00:00,18,5.33,40.6
176,-11.92458484701017,21.735152302471164,2025-05-10 21:00:00,21,5.92,43.98
176,-11.92458484701017,21.735152302471164,2025-05-11 00:00:00,24,3.97,33.06
176,-11.92458484701017,21.735152302471164,2025-05-11 03:00:00,27,2.0,27.85
176,-11.92458484701017,21.735152302471164,2025-05-11 06:00:00,30,2.52,24.13
176,-11.92458484701017,21.735152302471164,2025-05-11 09:00:00,33,0.86,14.82
176,-11.92458484701017,21.735152302471164,2025-05-11 12:00:00,36,2.31,19.88
176,-11.92458484701017,21.735152302471164,2025-05-11 15:00:00,39,2.76,19.71
176,-11.92458484701017,21.735152302471164,2025-05-11 18:00:00,42,3.0,12.48
176,-11.92458484701017,21.735152302471164,2025-05-11 21:00:00,45,3.97,14.77
176,-11.92458484701017,21.735152302471164,2025-05-12 00:00:00,48,3.39,21.74
176,-11.92458484701017,21.735152302471164,2025-05-12 03:00:00,51,6.88,31.42
176,-11.92458484701017,21.735152302471164,2025-05-12 06:00:00,54,5.88,29.21
176,-11.92458484701017,21.735152302471164,2025-05-12 09:00:00,57,8.93,42.95
176,-11.92458484701017,21.735152302471164,2025-05-12 12:00:00,60,7.32,41.86
176,-11.92458484701017,21.735152302471164,2025-05-12 15:00:00,63,6.12,41.35
176,-11.92458484701017,21.735152302471164,2025-05-12 18:00:00,66,8.64,49.05
176,-11.92458484701017,21.735152302471164,2025-05-12 21:00:00,69,8.09,44.52
176,-11.92458484701017,21.735152302471164,2025-05-13 00:00:00,72,3.09,33.41
176,-11.92458484701017,21.735152302471164,2025-05-13 03:00:00,75,2.25,25.87
176,-11.92458484701017,21.735152302471164,2025-05-13 06:00:00,78,1.49,26.28
176,-11.92458484701017,21.735152302471164,2025-05-13 09:00:00,81,2.37,24.21
176,-11.92458484701017,21.735152302471164,2025-05-13 12:00:00,84,3.83,17.91
176,-11.92458484701017,21.735152302471164,2025-05-13 15:00:00,87,2.8,13.81
176,-11.92458484701017,21.735152302471164,2025-05-13 18:00:00,90,2.36,14.14
176,-11.92458484701017,21.735152302471164,2025-05-13 21:00:00,93,3.35,13.58
176,-11.92458484701017,21.735152302471164,2025-05-14 00:00:00,96,4.64,23.96
176,-11.92458484701017,21.735152302471164,2025-05-14 03:00:00,99,4.43,21.65
176,-11.92458484701017,21.735152302471164,2025-05-14 06:00:00,102,7.46,35.07
176,-11.92458484701017,21.735152302471164,2025-05-14 09:00:00,105,6.41,37.97
176,-11.92458484701017,21.735152302471164,2025-05-14 12:00:00,108,7.76,43.37
176,-11.92458484701017,21.735152302471164,2025-05-14 15:00:00,111,7.06,43.07
176,-11.92458484701017,21.735152302471164,2025-05-14 18:00:00,114,8.31,47.31
176,-11.92458484701017,21.735152302471164,2025-05-14 21:00:00,117,6.13,38.13
177,-11.439261876373186,21.660308841554745,2025-05-10 00:00:00,0,4.94,26.66
177,-11.439261876373186,21.660308841554745,2025-05-10 03:00:00,3,4.95,25.17
177,-11.439261876373186,21.660308841554745,2025-05-10 06:00:00,6,8.19,39.73
177,-11.439261876373186,21.660308841554745,2025-05-10 09:00:00,9,9.45,39.34
177,-11.439261876373186,21.660308841554745,2025-05-10 12:00:00,12,8.73,48.45
177,-11.439261876373186,21.660308841554745,2025-05-10 15:00:00,15,9.52,49.36
177,-11.439261876373186,21.660308841554745,2025-05-10 18:00:00,18,8.11,43.66
177,-11.439261876373186,21.660308841554745,2025-05-10 21:00:00,21,8.11,44.64
177,-11.439261876373186,21.660308841554745,2025-05-11 00:00:00,24,5.43,38.1
177,-11.439261876373186,21.660308841554745,2025-05-11 03:00:00,27,4.96,36.5
177,-11.439261876373186,21.660308841554745,2025-05-11 06:00:00,30,2.33,28.33
177,-11.439261876373186,21.660308841554745,2025-05-11 09:00:00,33,1.44,19.01
177,-11.439261876373186,21.660308841554745,2025-05-11 12:00:00,36,2.88,16.58
177,-11.439261876373186,21.660308841554745,2025-05-11 15:00:00,39,1.62,12.3
177,-11.439261876373186,21.660308841554745,2025-05-11 18:00:00,42,3.73,18.94
177,-11.439261876373186,21.660308841554745,2025-05-11 21:00:00,45,4.35,22.77
177,-11.439261876373186,21.660308841554745,2025-05-12 00:00:00,48,3.36,16.14
177,-11.439261876373186,21.660308841554745,2025-05-12 03:00:00,51,4.83,25.02
177,-11.439261876373186,21.660308841554745,2025-05-12 06:00:00,54,8.46,37.77
177,-11.439261876373186,21.660308841554745,2025-05-12 09:00:00,57,6.7,40.43
177,-11.439261876373186,21.660308841554745,2025-05-12 12:00:00,60,9.27,49.27
177,-11.439261876373186,21.660308841554745,2025-05-12 15:00:00,63,8.53,43.17
177,-11.439261876373186,21.660308841554745,2025-05-12 18:00:00,66,8.34,46.99
177,-11.439261876373186,21.660308841554745,2025-05-12 21:00:00,69,6.27,40.45
177,-11.439261876373186,21.660308841554745,2025-05-13 00:00:00,72,5.64,42.34
177,-11.439261876373186,21.660308841554745,2025-05-13 03:00:00,75,4.44,34.21
177,-11.439261876373186,21.660308841554745,2025-05-13 06:00:00,78,2.23,25.88
177,-11.439261876373186,21.660308841554745,2025-05-13 09:00:00,81,0.44,13.08
177,-11.439261876373186,21.660308841554745,2025-05-13 12:00:00,84,3.72,21.72
177,-11.439261876373186,21.660308841554745,2025-05-13 15:00:00,87,1.77,16.87
177,-11.439261876373186,21.660308841554745,2025-05-13 18:00:00,90,0.96,14.34
177,-11.439261876373186,21.660308841554745,2025-05-13 21:00:00,93,5.8,24.13
177,-11.439261876373186,21.660308841554745,2025-05-14 00:00:00,96,6.59,23.48
177,-11.439261876373186,21.660308841554745,2025-05-14 03:00:00,99,6.17,29.98
177,-11.439261876373186,21.660308841554745,2025-05-14 06:00:00,102,8.48,36.05
177,-11.439261876373186,21.660308841554745,2025-05-14 09:00:00,105,8.26,42.36
177,-11.439261876373186,21.660308841554745,2025-05-14 12:00:00,108,7.33,41.57
177,-11.439261876373186,21.660308841554745,2025-05-14 15:00:00,111,9.6,45.35
177,-11.439261876373186,21.660308841554745,2025-05-14 18:00:00,114,5.61,44.24
177,-11.439261876373186,21.660308841554745,2025-05-14 21:00:00,117,4.92,38.76
178,-11.914757185511798,21.436752865074865,2025-05-10 00:00:00,0,6.06,27.0
178,-11.914757185511798,21.436752865074865,2025-05-10 03:00:00,3,7.44,34.17
178,-11.914757185511798,21.436752865074865,2025-05-10 06:00:00,6,7.22,37.52
178,-11.914757185511798,21.436752865074865,2025-05-10 09:00:00,9,7.85,40.18
178,-11.914757185511798,21.436752865074865,2025-05-10 12:00:00,12,6.92,39.61
178,-11.914757185511798,21.436752865074865,2025-05-10 15:00:00,15,7.15,43.48
178,-11.914757185511798,21.436752865074865,2025-05-10 18:00:00,18,9.0,50.01
178,-11.914757185511798,21.436752865074865,2025-05-10 21:00:00,21,7.74,45.84
178,-11.914757185511798,21.436752865074865,2025-05-11 00:00:00,24,6.34,38.68
178,-11.914757185511798,21.436752865074865,2025-05-11 03:00:00,27,5.0,36.43
178,-11.914757185511798,21.436752865074865,2025-05-11 06:00:00,30,2.6,26.63
178,-11.914757185511798,21.436752865074865,2025-05-11 09:00:00,33,4.19,25.54
178,-11.914757185511798,21.436752865074865,2025-05-11 12:00:00,36,3.99,23.75
178,-11.914757185511798,21.436752865074865,2025-05-11 15:00:00,39,2.13,12.59
178,-11.914757185511798,21.436752865074865,2025-05-11 18:00:00,42,3.68,18.12
178,-11.914757185511798,21.436752865074865,2025-05-11 21:00:00,45,5.12,17.53
178,-11.914757185511798,21.436752865074865,2025-05-12 00:00:00,48,6.3,26.71
178,-11.914757185511798,21.436752865074865,2025-05-12 03:00:00,51,7.21,31.39
178,-11.914757185511798,21.436752865074865,2025-05-12 06:00:00,54,5.43,29.63
178,-11.914757185511798,21.436752865074865,2025-05-12 09:00:00,57,7.07,39.7
178,-11.914757185511798,21.436752865074865,2025-05-12 12:00:00,60,7.01,42.11
178,-11.914757185511798,21.436752865074865,2025-05-12 15:00:00,63,8.79,46.49
178,-11.914757185511798,21.436752865074865,2025-05-12 18:00:00,66,5.36,37.15
178,-11.914757185511798,21.436752865074865,2025-05-12 21:00:00,69,6.89,42.99
178,-11.914757185511798,21.436752865074865,2025-05-13 00:00:00,72,3.77,35.09
178,-11.914757185511798,21.436752865074865,2025-05-13 03:00:00,75,4.77,36.82
178,-11.914757185511798,21.436752865074865,2025-05-13 06:00:00,78,4.85,30.77
178,-11.914757185511798,21.436752865074865,2025-05-13 09:00:00,81,1.42,22.31
178,-11.914757185511798,21.436752865074865,2025-05-13 12:00:00,84,2.71,16.25
178,-11.914757185511798,21.436752865074865,2025-05-13 15:00:00,87,0.26,9.31
178,-11.914757185511798,21.436752865074865,2025-05-13 18:00:00,90,2.77,12.19
178,-11.914757185511798,21.436752865074865,2025-05-13 21:00:00,93,5.38,19.8
178,-11.914757185511798,21.436752865074865,2025-05-14 00:00:00,96,4.69,26.14
178,-11.914757185511798,21.436752865074865,2025-05-14 03:00:00,99,7.96,30.42
178,-11.914757185511798,21.436752865074865,2025-05-14 06:00:00,102,6.92,37.27
178,-11.914757185511798,21.436752865074865,2025-05-14 09:00:00,105,7.69,41.34
178,-11.914757185511798,21.436752865074865,2025-05-14 12:00:00,108,8.13,40.33
178,-11.914757185511798,21.436752865074865,2025-05-14 15:00:00,111,7.95,44.91
178,-11.914757185511798,21.436752865074865,2025-05-14 18:00:00,114,7.94,46.37
178,-11.914757185511798,21.436752865074865,2025-05-14 21:00:00,117,5.57,37.33
179,-11.749560732837898,21.122131928991223,2025-05-10 00:00:00,0,3.93,19.97
179,-11.749560732837898,21.122131928991223,2025-05-10 03:00:00,3,4.63,23.19
179,-11.749560732837898,21.122131928991223,2025-05-10 06:00:00,6,6.92,37.02
179,-11.749560732837898,21.122131928991223,2025-05-10 09:00:00,9,8.33,43.71
179,-11.749560732837898,21.122131928991223,2025-05-10 12:00:00,12,9.34,41.95
179,-11.749560732837898,21.122131928991223,2025-05-10 15:00:00,15,5.8,40.91
179,-11.749560732837898,21.122131928991223,2025-05-10 18:00:00,18,7.09,40.26
179,-11.749560732837898,21.122131928991223,2025-05-10 21:00:00,21,5.23,37.38
179,-11.749560732837898,21.122131928991223,2025-05-11 00:00:00,24,5.16,39.4
179,-11.749560732837898,21.122131928991223,2025-05-11 03:00:00,27,4.13,33.24
179,-11.749560732837898,21.122131928991223,2025-05-11 06:00:00,30,4.68,31.37
179,-11.749560732837898,21.122131928991223,2025-05-11 09:00:00,33,3.51,22.76
179,-11.749560732837898,21.122131928991223,2025-05-11 12:00:00,36,2.58,20.7
179,-11.749560732837898,21.122131928991223,2025-05-11 15:00:00,39,0.55,15.63
179,-11.749560732837898,21.122131928991223,2025-05-11 18:00:00,42,2.04,10.36
179,-11.749560732837898,21.122131928991223,2025-05-11 21:00:00,45,5.03,18.56
179,-11.749560732837898,21.122131928991223,2025-05-12 00:00:00,48,3.83,19.59
179,-11.749560732837898,21.122131928991223,2025-05-12 03:00:00,51,6.91,29.89
179,-11.749560732837898,21.122131928991223,2025-05-12 06:00:00,54,7.08,31.09
179,-11.749560732837898,21.122131928991223,2025-05-12 09:00:00,57,7.39,41.7
179,-11.749560732837898,21.122131928991223,2025-05-12 12:00:00,60,8.53,45.94
179,-11.749560732837898,21.122131928991223,2025-05-12 15:00:00,63,7.18,43.59
179,-11.749560732837898,21.122131928991223,2025-05-12 18:00:00,66,7.54,44.28
179,-11.749560732837898,21.122131928991223,2025-05-12 21:00:00,69,7.65,45.07
179,-11.749560732837898,21.122131928991223,2025-05-13 00:00:00,72,4.3,35.15
179,-11.749560732837898,21.122131928991223,2025-05-13 03:00:00,75,3.19,33.02
179,-11.749560732837898,21.122131928991223,2025-05-13 06:00:00,78,3.28,25.94
179,-11.749560732837898,21.122131928991223,2025-05-13 09:00:00,81,1.11,15.86
179,-11.749560732837898,21.122131928991223,2025-05-13 12:00:00,84,1.67,16.59
179,-11.749560732837898,21.122131928991223,2025-05-13 15:00:00,87,2.1,11.87
179,-11.749560732837898,21.122131928991223,2025-05-13 18:00:00,90,3.34,16.72
179,-11.749560732837898,21.122131928991223,2025-05-13 21:00:00,93,2.05,14.34
179,-11.749560732837898,21.122131928991223,2025-05-14 00:00:00,96,3.12,22.52
179,-11.749560732837898,21.122131928991223,2025-05-14 03:00:00,99,7.7,34.73
179,-11.749560732837898,21.122131928991223,2025-05-14 06:00:00,102,5.7,31.69
179,-11.749560732837898,21.122131928991223,2025-05-14 09:00:00,105,6.64,37.01
179,-11.749560732837898,21.122131928991223,2025-05-14 12:00:00,108,9.6,44.33
179,-11.749560732837898,21.122131928991223,2025-05-14 15:00:00,111,9.58,51.39
179,-11.749560732837898,21.122131928991223,2025-05-14 18:00:00,114,5.79,45.56
179,-11.749560732837898,21.122131928991223,2025-05-14 21:00:00,117,4.26,33.8
180,-11.883423791063056,21.614462246473334,2025-05-10 00:00:00,0,6.28,23.77
180,-11.883423791063056,21.614462246473334,2025-05-10 03:00:00,3,4.55,24.48
180,-11.883423791063056,21.614462246473334,2025-05-10 06:00:00,6,8.75,38.29
180,-11.883423791063056,21.614462246473334,2025-05-10 09:00:00,9,5.79,38.17
180,-11.883423791063056,21.614462246473334,2025-05-10 12:00:00,12,8.48,46.49
180,-11.883423791063056,21.614462246473334,2025-05-10 15:00:00,15,7.88,41.75
180,-11.883423791063056,21.614462246473334,2025-05-10 18:00:00,18,5.14,40.3
180,-11.883423791063056,21.614462246473334,2025-05-10 21:00:00,21,4.55,40.38
180,-11.883423791063056,21.614462246473334,2025-05-11 00:00:00,24,4.98,40.21
180,-11.883423791063056,21.614462246473334,2025-05-11 03:00:00,27,2.74,29.83
180,-11.883423791063056,21.614462246473334,2025-05-11 06:00:00,30,2.41,25.82
180,-11.883423791063056,21.614462246473334,2025-05-11 09:00:00,33,4.07,26.49
180,-11.883423791063056,21.614462246473334,2025-05-11 12:00:00,36,3.02,19.04
180,-11.883423791063056,21.614462246473334,2025-05-11 15:00:00,39,3.84,18.23
180,-11.883423791063056,21.614462246473334,2025-05-11 18:00:00,42,2.68,17.16
180,-11.883423791063056,21.614462246473334,2025-05-11 21:00:00,45,4.54,19.55
180,-11.883423791063056,21.614462246473334,2025-05-12 00:00:00,48,5.23,24.96
180,-11.883423791063056,21.614462246473334,2025-05-12 03:00:00,51,4.43,22.75
180,-11.883423791063056,21.614462246473334,2025-05-12 06:00:00,54,5.43,28.56
180,-11.883423791063056,21.614462246473334,2025-05-12 09:00:00,57,8.05,42.03
180,-11.883423791063056,21.614462246473334,2025-05-12 12:00:00,60,9.07,49.15
180,-11.883423791063056,21.614462246473334,2025-05-12 15:00:00,63,6.86,41.5
180,-11.883423791063056,21.614462246473334,2025-05-12 18:00:00,66,6.17,38.73
180,-11.883423791063056,21.614462246473334,2025-05-12 21:00:00,69,6.68,43.2
180,-11.883423791063056,21.614462246473334,2025-05-13 00:00:00,72,3.9,37.77
180,-11.883423791063056,21.614462246473334,2025-05-13 03:00:00,75,3.13,31.3
180,-11.883423791063056,21.614462246473334,2025-05-13 06:00:00,78,2.91,22.12
180,-11.883423791063056,21.614462246473334,2025-05-13 09:00:00,81,2.21,18.84
180,-11.883423791063056,21.614462246473334,2025-05-13 12:00:00,84,1.78,15.24
180,-11.883423791063056,21.614462246473334,2025-05-13 15:00:00,87,1.65,15.92
180,-11.883423791063056,21.614462246473334,2025-05-13 18:00:00,90,4.04,15.16
180,-11.883423791063056,21.614462246473334,2025-05-13 21:00:00,93,5.08,23.45
180,-11.883423791063056,21.614462246473334,2025-05-14 00:00:00,96,4.92,18.79
180,-11.883423791063056,21.614462246473334,2025-05-14 03:00:00,99,5.94,27.39
180,-11.883423791063056,21.614462246473334,2025-05-14 06:00:00,102,8.78,36.75
180,-11.883423791063056,21.614462246473334,2025-05-14 09:00:00,105,6.57,39.94
180,-11.883423791063056,21.614462246473334,2025-05-14 12:00:00,108,6.23,41.51
180,-11.883423791063056,21.614462246473334,2025-05-14 15:00:00,111,6.86,46.69
180,-11.883423791063056,21.614462246473334,2025-05-14 18:00:00,114,8.39,43.96
180,-11.883423791063056,21.614462246473334,2025-05-14 21:00:00,117,6.81,41.61
181,-11.431487825118596,21.34730052382858,2025-05-10 00:00:00,0,4.17,22.06
181,-11.431487825118596,21.34730052382858,2025-05-10 03:00:00,3,7.26,30.59
181,-11.431487825118596,21.34730052382858,2025-05-10 06:00:00,6,6.37,30.65
181,-11.431487825118596,21.34730052382858,2025-05-10 09:00:00,9,7.76,39.92
181,-11.431487825118596,21.34730052382858,2025-05-10 12:00:00,12,9.4,49.79
181,-11.431487825118596,21.34730052382858,2025-05-10 15:00:00,15,7.78,44.04
181,-11.431487825118596,21.34730052382858,2025-05-10 18:00:00,18,7.6,48.47
181,-11.431487825118596,21.34730052382858,2025-05-10 21:00:00,21,6.35,38.56
181,-11.431487825118596,21.34730052382858,2025-05-11 00:00:00,24,5.44,39.11
181,-11.431487825118596,21.34730052382858,2025-05-11 03:00:00,27,3.26,33.32
181,-11.431487825118596,21.34730052382858,2025-05-11 06:00:00,30,4.6,33.1
181,-11.431487825118596,21.34730052382858,2025-05-11 09:00:00,33,3.94,22.76
181,-11.431487825118596,21.34730052382858,2025-05-11 12:00:00,36,1.73,20.13
181,-11.431487825118596,21.34730052382858,2025-05-11 15:00:00,39,0.93,11.88
181,-11.431487825118596,21.34730052382858,2025-05-11 18:00:00,42,1.48,14.18
181,-11.431487825118596,21.34730052382858,2025-05-11 21:00:00,45,5.47,23.38
181,-11.431487825118596,21.34730052382858,2025-05-12 00:00:00,48,6.1,23.91
181,-11.431487825118596,21.34730052382858,2025-05-12 03:00:00,51,5.85,25.85
181,-11.431487825118596,21.34730052382858,2025-05-12 06:00:00,54,6.65,35.61
181,-11.431487825118596,21.34730052382858,2025-05-12 09:00:00,57,7.77,40.77
181,-11.431487825118596,21.34730052382858,2025-05-12 12:00:00,60,8.63,43.29
181,-11.431487825118596,21.34730052382858,2025-05-12 15:00:00,63,8.04,46.88
181,-11.431487825118596,21.34730052382858,2025-05-12 18:00:00,66,8.67,45.38
181,-11.431487825118596,21.34730052382858,2025-05-12 21:00:00,69,5.93,44.88
181,-11.431487825118596,21.34730052382858,2025-05-13 00:00:00,72,4.82,34.39
181,-11.431487825118596,21.34730052382858,2025-05-13 03:00:00,75,2.21,31.59
181,-11.431487825118596,21.34730052382858,2025-05-13 06:00:00,78,1.97,26.79
181,-11.431487825118596,21.34730052382858,2025-05-13 09:00:00,81,0.85,14.56
181,-11.431487825118596,21.34730052382858,2025-05-13 12:00:00,84,3.74,22.42
181,-11.431487825118596,21.34730052382858,2025-05-13 15:00:00,87,3.98,19.55
181,-11.431487825118596,21.34730052382858,2025-05-13 18:00:00,90,4.88,20.5
181,-11.431487825118596,21.34730052382858,2025-05-13 21:00:00,93,5.47,23.54
181,-11.431487825118596,21.34730052382858,2025-05-14 00:00:00,96,5.41,22.06
181,-11.431487825118596,21.34730052382858,2025-05-14 03:00:00,99,4.29,21.65
181,-11.431487825118596,21.34730052382858,2025-05-14 06:00:00,102,5.18,27.86
181,-11.431487825118596,21.34730052382858,2025-05-14 09:00:00,105,5.96,31.75
181,-11.431487825118596,21.34730052382858,2025-05-14 12:00:00,108,7.61,46.27
181,-11.431487825118596,21.34730052382858,2025-05-14 15:00:00,111,7.44,46.07
181,-11.431487825118596,21.34730052382858,2025-05-14 18:00:00,114,5.99,38.98
181,-11.431487825118596,21.34730052382858,2025-05-14 21:00:00,117,4.23,33.96
182,-11.308131551784898,21.53355064882939,2025-05-10 00:00:00,0,6.65,27.82
182,-11.308131551784898,21.53355064882939,2025-05-10 03:00:00,3,5.92,24.92
182,-11.308131551784898,21.53355064882939,2025-05-10 06:00:00,6,6.12,29.34
182,-11.308131551784898,21.53355064882939,2025-05-10 09:00:00,9,7.33,41.92
182,-11.308131551784898,21.53355064882939,2025-05-10 12:00:00,12,7.23,41.14
182,-11.308131551784898,21.53355064882939,2025-05-10 15:00:00,15,9.73,47.2
182,-11.308131551784898,21.53355064882939,2025-05-10 18:00:00,18,5.96,45.22
182,-11.308131551784898,21.53355064882939,2025-05-10 21:00:00,21,6.45,43.23
182,-11.308131551784898,21.53355064882939,2025-05-11 00:00:00,24,4.25,36.84
182,-11.308131551784898,21.53355064882939,2025-05-11 03:00:00,27,3.03,33.39
182,-11.308131551784898,21.53355064882939,2025-05-11 06:00:00,30,2.36,26.53
182,-11.308131551784898,21.53355064882939,2025-05-11 09:00:00,33,3.1,23.42
182,-11.308131551784898,21.53355064882939,2025-05-11 12:00:00,36,1.84,12.61
182,-11.308131551784898,21.53355064882939,2025-05-11 15:00:00,39,2.43,13.02
182,-11.308131551784898,21.53355064882939,2025-05-11 18:00:00,42,1.34,14.96
182,-11.308131551784898,21.53355064882939,2025-05-11 21:00:00,45,3.45,15.89
182,-11.308131551784898,21.53355064882939,2025-05-12 00:00:00,48,3.81,23.17
182,-11.308131551784898,21.53355064882939,2025-05-12 03:00:00,51,6.66,28.45
182,-11.308131551784898,21.53355064882939,2025-05-12 06:00:00,54,8.88,39.3
182,-11.308131551784898,21.53355064882939,2025-05-12 09:00:00,57,6.18,32.72
182,-11.308131551784898,21.53355064882939,2025-05-12 12:00:00,60,9.27,42.11
182,-11.308131551784898,21.53355064882939,2025-05-12 15:00:00,63,8.46,43.48
182,-11.308131551784898,21.53355064882939,2025-05-12 18:00:00,66,5.58,37.77
182,-11.308131551784898,21.53355064882939,2025-05-12 21:00:00,69,7.51,40.96
182,-11.308131551784898,21.53355064882939,2025-05-13 00:00:00,72,5.14,41.15
182,-11.308131551784898,21.53355064882939,2025-05-13 03:00:00,75,5.84,36.96
182,-11.308131551784898,21.53355064882939,2025-05-13 06:00:00,78,1.24,21.1
182,-11.308131551784898,21.53355064882939,2025-05-13 09:00:00,81,3.57,24.83
182,-11.308131551784898,21.53355064882939,2025-05-13 12:00:00,84,0.04,12.7
182,-11.308131551784898,21.53355064882939,2025-05-13 15:00:00,87,0.45,12.9
182,-11.308131551784898,21.53355064882939,2025-05-13 18:00:00,90,1.17,11.4
182,-11.308131551784898,21.53355064882939,2025-05-13 21:00:00,93,5.67,18.36
182,-11.308131551784898,21.53355064882939,2025-05-14 00:00:00,96,5.68,22.07
182,-11.308131551784898,21.53355064882939,2025-05-14 03:00:00,99,5.66,30.8
182,-11.308131551784898,21.53355064882939,2025-05-14 06:00:00,102,5.83,29.48
182,-11.308131551784898,21.53355064882939,2025-05-14 09:00:00,105,7.93,41.19
182,-11.308131551784898,21.53355064882939,2025-05-14 12:00:00,108,6.22,39.86
182,-11.308131551784898,21.53355064882939,2025-05-14 15:00:00,111,6.08,37.46
182,-11.308131551784898,21.53355064882939,2025-05-14 18:00:00,114,8.43,48.91
182,-11.308131551784898,21.53355064882939,2025-05-14 21:00:00,117,6.54,39.29
183,-11.962329640843787,21.620091951960376,2025-05-10 00:00:00,0,4.97,21.58
183,-11.962329640843787,21.620091951960376,2025-05-10 03:00:00,3,7.91,28.7
183,-11.962329640843787,21.620091951960376,2025-05-10 06:00:00,6,7.87,36.99
183,-11.962329640843787,21.620091951960376,2025-05-10 09:00:00,9,6.99,40.77
183,-11.962329640843787,21.620091951960376,2025-05-10 12:00:00,12,9.9,46.19
183,-11.962329640843787,21.620091951960376,2025-05-10 15:00:00,15,8.62,44.91
183,-11.962329640843787,21.620091951960376,2025-05-10 18:00:00,18,8.34,50.0
183,-11.962329640843787,21.620091951960376,2025-05-10 21:00:00,21,6.82,45.09
183,-11.962329640843787,21.620091951960376,2025-05-11 00:00:00,24,6.91,37.58
183,-11.962329640843787,21.620091951960376,2025-05-11 03:00:00,27,5.66,35.96
183,-11.962329640843787,21.620091951960376,2025-05-11 06:00:00,30,2.97,28.24
183,-11.962329640843787,21.620091951960376,2025-05-11 09:00:00,33,3.73,25.74
183,-11.962329640843787,21.620091951960376,2025-05-11 12:00:00,36,1.73,15.7
183,-11.962329640843787,21.620091951960376,2025-05-11 15:00:00,39,3.84,17.61
183,-11.962329640843787,21.620091951960376,2025-05-11 18:00:00,42,3.3,16.67
183,-11.962329640843787,21.620091951960376,2025-05-11 21:00:00,45,5.73,19.57
183,-11.962329640843787,21.620091951960376,2025-05-12 00:00:00,48,3.48,18.75
183,-11.962329640843787,21.620091951960376,2025-05-12 03:00:00,51,6.97,26.19
183,-11.962329640843787,21.620091951960376,2025-05-12 06:00:00,54,6.2,35.35
183,-11.962329640843787,21.620091951960376,2025-05-12 09:00:00,57,8.15,42.45
183,-11.962329640843787,21.620091951960376,2025-05-12 12:00:00,60,8.54,41.22
183,-11.962329640843787,21.620091951960376,2025-05-12 15:00:00,63,6.7,38.78
183,-11.962329640843787,21.620091951960376,2025-05-12 18:00:00,66,8.96,45.2
183,-11.962329640843787,21.620091951960376,2025-05-12 21:00:00,69,5.17,43.51
183,-11.962329640843787,21.620091951960376,2025-05-13 00:00:00,72,5.6,40.67
183,-11.962329640843787,21.620091951960376,2025-05-13 03:00:00,75,3.63,28.92
183,-11.962329640843787,21.620091951960376,2025-05-13 06:00:00,78,1.9,24.97
183,-11.962329640843787,21.620091951960376,2025-05-13 09:00:00,81,0.79,18.45
183,-11.962329640843787,21.620091951960376,2025-05-13 12:00:00,84,3.59,19.09
183,-11.962329640843787,21.620091951960376,2025-05-13 15:00:00,87,4.01,16.48
183,-11.962329640843787,21.620091951960376,2025-05-13 18:00:00,90,1.91,16.85
183,-11.962329640843787,21.620091951960376,2025-05-13 21:00:00,93,5.48,18.61
183,-11.962329640843787,21.620091951960376,2025-05-14 00:00:00,96,3.17,20.26
183,-11.962329640843787,21.620091951960376,2025-05-14 03:00:00,99,7.22,31.48
183,-11.962329640843787,21.620091951960376,2025-05-14 06:00:00,102,7.6,38.05
183,-11.962329640843787,21.620091951960376,2025-05-14 09:00:00,105,5.95,38.05
183,-11.962329640843787,21.620091951960376,2025-05-14 12:00:00,108,9.31,43.47
183,-11.962329640843787,21.620091951960376,2025-05-14 15:00:00,111,7.38,44.42
183,-11.962329640843787,21.620091951960376,2025-05-14 18:00:00,114,7.63,45.87
183,-11.962329640843787,21.620091951960376,2025-05-14 21:00:00,117,4.35,38.86
184,-11.923700429228981,21.49698330216702,2025-05-10 00:00:00,0,4.69,23.83
184,-11.923700429228981,21.49698330216702,2025-05-10 03:00:00,3,5.75,24.11
184,-11.923700429228981,21.49698330216702,2025-05-10 06:00:00,6,8.68,34.38
184,-11.923700429228981,21.49698330216702,2025-05-10 09:00:00,9,6.69,39.88
184,-11.923700429228981,21.49698330216702,2025-05-10 12:00:00,12,6.23,40.28
184,-11.923700429228981,21.49698330216702,2025-05-10 15:00:00,15,8.79,44.46
184,-11.923700429228981,21.49698330216702,2025-05-10 18:00:00,18,6.72,40.35
184,-11.923700429228981,21.49698330216702,2025-05-10 21:00:00,21,6.16,45.16
184,-11.923700429228981,21.49698330216702,2025-05-11 00:00:00,24,5.17,34.27
184,-11.923700429228981,21.49698330216702,2025-05-11 03:00:00,27,1.95,27.62
184,-11.923700429228981,21.49698330216702,2025-05-11 06:00:00,30,4.07,28.36
184,-11.923700429228981,21.49698330216702,2025-05-11 09:00:00,33,2.84,25.75
184,-11.923700429228981,21.49698330216702,2025-05-11 12:00:00,36,3.68,23.49
184,-11.923700429228981,21.49698330216702,2025-05-11 15:00:00,39,3.32,14.56
184,-11.923700429228981,21.49698330216702,2025-05-11 18:00:00,42,3.84,17.19
184,-11.923700429228981,21.49698330216702,2025-05-11 21:00:00,45,3.33,17.43
184,-11.923700429228981,21.49698330216702,2025-05-12 00:00:00,48,4.28,20.63
184,-11.923700429228981,21.49698330216702,2025-05-12 03:00:00,51,4.71,29.14
184,-11.923700429228981,21.49698330216702,2025-05-12 06:00:00,54,6.6,35.14
184,-11.923700429228981,21.49698330216702,2025-05-12 09:00:00,57,7.9,40.23
184,-11.923700429228981,21.49698330216702,2025-05-12 12:00:00,60,7.1,42.18
184,-11.923700429228981,21.49698330216702,2025-05-12 15:00:00,63,6.25,42.99
184,-11.923700429228981,21.49698330216702,2025-05-12 18:00:00,66,7.29,43.12
184,-11.923700429228981,21.49698330216702,2025-05-12 21:00:00,69,5.02,38.89
184,-11.923700429228981,21.49698330216702,2025-05-13 00:00:00,72,3.57,30.95
184,-11.923700429228981,21.49698330216702,2025-05-13 03:00:00,75,3.72,32.29
184,-11.923700429228981,21.49698330216702,2025-05-13 06:00:00,78,2.36,24.94
184,-11.923700429228981,21.49698330216702,2025-05-13 09:00:00,81,2.02,24.05
184,-11.923700429228981,21.49698330216702,2025-05-13 12:00:00,84,0.24,10.61
184,-11.923700429228981,21.49698330216702,2025-05-13 15:00:00,87,0.72,10.59
184,-11.923700429228981,21.49698330216702,2025-05-13 18:00:00,90,3.8,16.52
184,-11.923700429228981,21.49698330216702,2025-05-13 21:00:00,93,4.25,15.86
184,-11.923700429228981,21.49698330216702,2025-05-14 00:00:00,96,6.65,23.94
184,-11.923700429228981,21.49698330216702,2025-05-14 03:00:00,99,4.31,23.06
184,-11.923700429228981,21.49698330216702,2025-05-14 06:00:00,102,7.71,35.66
184,-11.923700429228981,21.49698330216702,2025-05-14 09:00:00,105,5.89,38.97
184,-11.923700429228981,21.49698330216702,2025-05-14 12:00:00,108,7.69,45.12
184,-11.923700429228981,21.49698330216702,2025-05-14 15:00:00,111,6.69,40.81
184,-11.923700429228981,21.49698330216702,2025-05-14 18:00:00,114,7.71,46.44
184,-11.923700429228981,21.49698330216702,2025-05-14 21:00:00,117,7.78,45.83
185,-11.357101439862095,21.26108486161615,2025-05-10 00:00:00,0,6.44,24.35
185,-11.357101439862095,21.26108486161615,2025-05-10 03:00:00,3,5.75,26.42
185,-11.357101439862095,21.26108486161615,2025-05-10 06:00:00,6,8.0,33.29
185,-11.357101439862095,21.26108486161615,2025-05-10 09:00:00,9,5.91,36.01
185,-11.357101439862095,21.26108486161615,2025-05-10 12:00:00,12,7.99,43.73
185,-11.357101439862095,21.26108486161615,2025-05-10 15:00:00,15,9.73,47.03
185,-11.357101439862095,21.26108486161615,2025-05-10 18:00:00,18,5.6,41.4
185,-11.357101439862095,21.26108486161615,2025-05-10 21:00:00,21,5.49,38.77
185,-11.357101439862095,21.26108486161615,2025-05-11 00:00:00,24,5.81,36.84
185,-11.357101439862095,21.26108486161615,2025-05-11 03:00:00,27,5.55,35.72
185,-11.357101439862095,21.26108486161615,2025-05-11 06:00:00,30,3.0,22.88
185,-11.357101439862095,21.26108486161615,2025-05-11 09:00:00,33,0.87,20.27
185,-11.357101439862095,21.26108486161615,2025-05-11 12:00:00,36,1.17,16.93
185,-11.357101439862095,21.26108486161615,2025-05-11 15:00:00,39,2.81,18.18
185,-11.357101439862095,21.26108486161615,2025-05-11 18:00:00,42,1.7,12.54
185,-11.357101439862095,21.26108486161615,2025-05-11 21:00:00,45,5.27,17.68
185,-11.357101439862095,21.26108486161615,2025-05-12 00:00:00,48,5.59,26.16
185,-11.357101439862095,21.26108486161615,2025-05-12 03:00:00,51,5.82,27.14
185,-11.357101439862095,21.26108486161615,2025-05-12 06:00:00,54,6.93,33.14
185,-11.357101439862095,21.26108486161615,2025-05-12 09:00:00,57,6.65,34.55
185,-11.357101439862095,21.26108486161615,2025-05-12 12:00:00,60,9.36,46.66
185,-11.357101439862095,21.26108486161615,2025-05-12 15:00:00,63,6.14,44.23
185,-11.357101439862095,21.26108486161615,2025-05-12 18:00:00,66,8.11,45.14
185,-11.357101439862095,21.26108486161615,2025-05-12 21:00:00,69,7.72,45.62
185,-11.357101439862095,21.26108486161615,2025-05-13 00:00:00,72,6.78,38.83
185,-11.357101439862095,21.26108486161615,2025-05-13 03:00:00,75,4.55,34.79
185,-11.357101439862095,21.26108486161615,2025-05-13 06:00:00,78,3.62,25.32
185,-11.357101439862095,21.26108486161615,2025-05-13 09:00:00,81,3.81,21.43
185,-11.357101439862095,21.26108486161615,2025-05-13 12:00:00,84,3.14,19.9
185,-11.357101439862095,21.26108486161615,2025-05-13 15:00:00,87,2.56,14.63
185,-11.357101439862095,21.26108486161615,2025-05-13 18:00:00,90,2.79,11.78
185,-11.357101439862095,21.26108486161615,2025-05-13 21:00:00,93,3.28,15.61
185,-11.357101439862095,21.26108486161615,2025-05-14 00:00:00,96,5.28,19.52
185,-11.357101439862095,21.26108486161615,2025-05-14 03:00:00,99,4.22,20.65
185,-11.357101439862095,21.26108486161615,2025-05-14 06:00:00,102,5.24,30.95
185,-11.357101439862095,21.26108486161615,2025-05-14 09:00:00,105,8.45,38.74
185,-11.357101439862095,21.26108486161615,2025-05-14 12:00:00,108,6.95,42.22
185,-11.357101439862095,21.26108486161615,2025-05-14 15:00:00,111,7.42,43.01
185,-11.357101439862095,21.26108486161615,2025-05-14 18:00:00,114,6.87,42.84
185,-11.357101439862095,21.26108486161615,2025-05-14 21:00:00,117,7.06,41.27
186,-11.285187358039652,21.141827231631524,2025-05-10 00:00:00,0,3.23,17.03
186,-11.285187358039652,21.141827231631524,2025-05-10 03:00:00,3,4.48,28.78
186,-11.285187358039652,21.141827231631524,2025-05-10 06:00:00,6,5.6,34.65
186,-11.285187358039652,21.141827231631524,2025-05-10 09:00:00,9,8.79,43.57
186,-11.285187358039652,21.141827231631524,2025-05-10 12:00:00,12,6.73,36.81
186,-11.285187358039652,21.141827231631524,2025-05-10 15:00:00,15,7.56,44.38
186,-11.285187358039652,21.141827231631524,2025-05-10 18:00:00,18,8.15,44.45
186,-11.285187358039652,21.141827231631524,2025-05-10 21:00:00,21,6.43,45.2
186,-11.285187358039652,21.141827231631524,2025-05-11 00:00:00,24,6.96,40.83
186,-11.285187358039652,21.141827231631524,2025-05-11 03:00:00,27,5.19,37.41
186,-11.285187358039652,21.141827231631524,2025-05-11 06:00:00,30,4.08,26.55
186,-11.285187358039652,21.141827231631524,2025-05-11 09:00:00,33,2.17,19.76
186,-11.285187358039652,21.141827231631524,2025-05-11 12:00:00,36,2.91,16.48
186,-11.285187358039652,21.141827231631524,2025-05-11 15:00:00,39,0.23,10.69
186,-11.285187358039652,21.141827231631524,2025-05-11 18:00:00,42,2.24,11.28
186,-11.285187358039652,21.141827231631524,2025-05-11 21:00:00,45,5.16,20.51
186,-11.285187358039652,21.141827231631524,2025-05-12 00:00:00,48,4.19,23.65
186,-11.285187358039652,21.141827231631524,2025-05-12 03:00:00,51,4.88,26.09
186,-11.285187358039652,21.141827231631524,2025-05-12 06:00:00,54,8.56,39.84
186,-11.285187358039652,21.141827231631524,2025-05-12 09:00:00,57,8.26,41.17
186,-11.285187358039652,21.141827231631524,2025-05-12 12:00:00,60,8.83,44.53
186,-11.285187358039652,21.141827231631524,2025-05-12 15:00:00,63,6.88,46.25
186,-11.285187358039652,21.141827231631524,2025-05-12 18:00:00,66,8.9,45.12
186,-11.285187358039652,21.141827231631524,2025-05-12 21:00:00,69,7.93,45.94
186,-11.285187358039652,21.141827231631524,2025-05-13 00:00:00,72,3.44,33.07
186,-11.285187358039652,21.141827231631524,2025-05-13 03:00:00,75,2.51,26.65
186,-11.285187358039652,21.141827231631524,2025-05-13 06:00:00,78,3.29,30.09
186,-11.285187358039652,21.141827231631524,2025-05-13 09:00:00,81,2.23,18.86
186,-11.285187358039652,21.141827231631524,2025-05-13 12:00:00,84,2.15,15.11
186,-11.285187358039652,21.141827231631524,2025-05-13 15:00:00,87,0.36,10.12
186,-11.285187358039652,21.141827231631524,2025-05-13 18:00:00,90,3.77,19.66
186,-11.285187358039652,21.141827231631524,2025-05-13 21:00:00,93,4.19,18.98
186,-11.285187358039652,21.141827231631524,2025-05-14 00:00:00,96,6.59,26.69
186,-11.285187358039652,21.141827231631524,2025-05-14 03:00:00,99,4.59,26.86
186,-11.285187358039652,21.141827231631524,2025-05-14 06:00:00,102,7.0,30.73
186,-11.285187358039652,21.141827231631524,2025-05-14 09:00:00,105,5.94,38.84
186,-11.285187358039652,21.141827231631524,2025-05-14 12:00:00,108,8.1,43.71
186,-11.285187358039652,21.141827231631524,2025-05-14 15:00:00,111,9.19,50.21
186,-11.285187358039652,21.141827231631524,2025-05-14 18:00:00,114,8.87,44.86
186,-11.285187358039652,21.141827231631524,2025-05-14 21:00:00,117,6.57,41.45
187,-11.854577139529857,21.284336424959346,2025-05-10 00:00:00,0,4.0,19.04
187,-11.854577139529857,21.284336424959346,2025-05-10 03:00:00,3,4.47,24.47
187,-11.854577139529857,21.284336424959346,2025-05-10 06:00:00,6,5.51,31.6
187,-11.854577139529857,21.284336424959346,2025-05-10 09:00:00,9,9.11,42.04
187,-11.854577139529857,21.284336424959346,2025-05-10 12:00:00,12,7.66,44.18
187,-11.854577139529857,21.284336424959346,2025-05-10 15:00:00,15,6.76,40.24
187,-11.854577139529857,21.284336424959346,2025-05-10 18:00:00,18,7.82,46.2
187,-11.854577139529857,21.284336424959346,2025-05-10 21:00:00,21,7.0,44.59
187,-11.854577139529857,21.284336424959346,2025-05-11 00:00:00,24,6.88,42.15
187,-11.854577139529857,21.284336424959346,2025-05-11 03:00:00,27,5.48,33.61
187,-11.854577139529857,21.284336424959346,2025-05-11 06:00:00,30,2.28,23.85
187,-11.854577139529857,21.284336424959346,2025-05-11 09:00:00,33,3.7,26.82
187,-11.854577139529857,21.284336424959346,2025-05-11 12:00:00,36,1.64,13.35
187,-11.854577139529857,21.284336424959346,2025-05-11 15:00:00,39,2.89,18.47
187,-11.854577139529857,21.284336424959346,2025-05-11 18:00:00,42,3.72,14.93
187,-11.854577139529857,21.284336424959346,2025-05-11 21:00:00,45,5.08,17.86
187,-11.854577139529857,21.284336424959346,2025-05-12 00:00:00,48,4.87,22.01
187,-11.854577139529857,21.284336424959346,2025-05-12 03:00:00,51,6.83,30.7
187,-11.854577139529857,21.284336424959346,2025-05-12 06:00:00,54,6.43,36.28
187,-11.854577139529857,21.284336424959346,2025-05-12 09:00:00,57,9.13,40.23
187,-11.854577139529857,21.284336424959346,2025-05-12 12:00:00,60,9.39,45.52
187,-11.854577139529857,21.284336424959346,2025-05-12 15:00:00,63,8.3,44.55
187,-11.854577139529857,21.284336424959346,2025-05-12 18:00:00,66,6.38,41.52
187,-11.854577139529857,21.284336424959346,2025-05-12 21:00:00,69,6.52,42.73
187,-11.854577139529857,21.284336424959346,2025-05-13 00:00:00,72,5.25,33.84
187,-11.854577139529857,21.284336424959346,2025-05-13 03:00:00,75,4.75,29.7
187,-11.854577139529857,21.284336424959346,2025-05-13 06:00:00,78,3.39,23.03
187,-11.854577139529857,21.284336424959346,2025-05-13 09:00:00,81,2.94,21.52
187,-11.854577139529857,21.284336424959346,2025-05-13 12:00:00,84,2.27,19.29
187,-11.854577139529857,21.284336424959346,2025-05-13 15:00:00,87,3.2,15.28
187,-11.854577139529857,21.284336424959346,2025-05-13 18:00:00,90,1.9,12.11
187,-11.854577139529857,21.284336424959346,2025-05-13 21:00:00,93,4.62,22.58
187,-11.854577139529857,21.284336424959346,2025-05-14 00:00:00,96,3.64,23.89
187,-11.854577139529857,21.284336424959346,2025-05-14 03:00:00,99,6.19,32.36
187,-11.854577139529857,21.284336424959346,2025-05-14 06:00:00,102,8.16,34.48
187,-11.854577139529857,21.284336424959346,2025-05-14 09:00:00,105,6.96,35.88
187,-11.854577139529857,21.284336424959346,2025-05-14 12:00:00,108,8.8,46.09
187,-11.854577139529857,21.284336424959346,2025-05-14 15:00:00,111,5.98,37.72
187,-11.854577139529857,21.284336424959346,2025-05-14 18:00:00,114,6.81,44.17
187,-11.854577139529857,21.284336424959346,2025-05-14 21:00:00,117,7.11,47.1
188,-11.710673383652749,21.72328922573558,2025-05-10 00:00:00,0,3.45,20.41
188,-11.710673383652749,21.72328922573558,2025-05-10 03:00:00,3,7.82,31.16
188,-11.710673383652749,21.72328922573558,2025-05-10 06:00:00,6,9.01,41.84
188,-11.710673383652749,21.72328922573558,2025-05-10 09:00:00,9,6.25,38.45
188,-11.710673383652749,21.72328922573558,2025-05-10 12:00:00,12,9.24,43.66
188,-11.710673383652749,21.72328922573558,2025-05-10 15:00:00,15,8.33,42.81
188,-11.710673383652749,21.72328922573558,2025-05-10 18:00:00,18,7.89,47.46
188,-11.710673383652749,21.72328922573558,2025-05-10 21:00:00,21,4.8,37.27
188,-11.710673383652749,21.72328922573558,2025-05-11 00:00:00,24,4.28,39.43
188,-11.710673383652749,21.72328922573558,2025-05-11 03:00:00,27,3.69,32.5
188,-11.710673383652749,21.72328922573558,2025-05-11 06:00:00,30,1.06,22.3
188,-11.710673383652749,21.72328922573558,2025-05-11 09:00:00,33,2.15,23.95
188,-11.710673383652749,21.72328922573558,2025-05-11 12:00:00,36,1.75,14.53
188,-11.710673383652749,21.72328922573558,2025-05-11 15:00:00,39,1.01,15.54
188,-11.710673383652749,21.72328922573558,2025-05-11 18:00:00,42,2.35,13.99
188,-11.710673383652749,21.72328922573558,2025-05-11 21:00:00,45,4.61,16.3
188,-11.710673383652749,21.72328922573558,2025-05-12 00:00:00,48,3.67,19.55
188,-11.710673383652749,21.72328922573558,2025-05-12 03:00:00,51,5.52,27.44
188,-11.710673383652749,21.72328922573558,2025-05-12 06:00:00,54,7.09,34.87
188,-11.710673383652749,21.72328922573558,2025-05-12 09:00:00,57,7.18,38.54
188,-11.710673383652749,21.72328922573558,2025-05-12 12:00:00,60,6.07,42.04
188,-11.710673383652749,21.72328922573558,2025-05-12 15:00:00,63,7.4,46.72
188,-11.710673383652749,21.72328922573558,2025-05-12 18:00:00,66,8.54,45.32
188,-11.710673383652749,21.72328922573558,2025-05-12 21:00:00,69,7.68,43.45
188,-11.710673383652749,21.72328922573558,2025-05-13 00:00:00,72,5.87,41.48
188,-11.710673383652749,21.72328922573558,2025-05-13 03:00:00,75,3.02,30.29
188,-11.710673383652749,21.72328922573558,2025-05-13 06:00:00,78,1.81,22.33
188,-11.710673383652749,21.72328922573558,2025-05-13 09:00:00,81,3.46,23.85
188,-11.710673383652749,21.72328922573558,2025-05-13 12:00:00,84,3.59,22.14
188,-11.710673383652749,21.72328922573558,2025-05-13 15:00:00,87,3.92,20.87
188,-11.710673383652749,21.72328922573558,2025-05-13 18:00:00,90,1.12,15.33
188,-11.710673383652749,21.72328922573558,2025-05-13 21:00:00,93,4.49,16.84
188,-11.710673383652749,21.72328922573558,2025-05-14 00:00:00,96,3.68,19.92
188,-11.710673383652749,21.72328922573558,2025-05-14 03:00:00,99,7.04,28.96
188,-11.710673383652749,21.72328922573558,2025-05-14 06:00:00,102,6.76,35.92
188,-11.710673383652749,21.72328922573558,2025-05-14 09:00:00,105,9.74,43.61
188,-11.710673383652749,21.72328922573558,2025-05-14 12:00:00,108,6.24,40.41
188,-11.710673383652749,21.72328922573558,2025-05-14 15:00:00,111,8.09,46.87
188,-11.710673383652749,21.72328922573558,2025-05-14 18:00:00,114,6.82,44.16
188,-11.710673383652749,21.72328922573558,2025-05-14 21:00:00,117,5.15,37.05
189,-11.736874732050929,21.274849695765493,2025-05-10 00:00:00,0,5.54,22.88
189,-11.736874732050929,21.274849695765493,2025-05-10 03:00:00,3,4.53,28.04
189,-11.736874732050929,21.274849695765493,2025-05-10 06:00:00,6,8.93,35.1
189,-11.736874732050929,21.274849695765493,2025-05-10 09:00:00,9,7.95,40.39
189,-11.736874732050929,21.274849695765493,2025-05-10 12:00:00,12,7.69,38.78
189,-11.736874732050929,21.274849695765493,2025-05-10 15:00:00,15,8.53,43.15
189,-11.736874732050929,21.274849695765493,2025-05-10 18:00:00,18,7.27,45.67
189,-11.736874732050929,21.274849695765493,2025-05-10 21:00:00,21,6.15,42.16
189,-11.736874732050929,21.274849695765493,2025-05-11 00:00:00,24,5.27,36.04
189,-11.736874732050929,21.274849695765493,2025-05-11 03:00:00,27,2.05,26.22
189,-11.736874732050929,21.274849695765493,2025-05-11 06:00:00,30,3.48,28.55
189,-11.736874732050929,21.274849695765493,2025-05-11 09:00:00,33,3.27,19.96
189,-11.736874732050929,21.274849695765493,2025-05-11 12:00:00,36,0.67,15.38
189,-11.736874732050929,21.274849695765493,2025-05-11 15:00:00,39,0.97,14.12
189,-11.736874732050929,21.274849695765493,2025-05-11 18:00:00,42,1.72,15.23
189,-11.736874732050929,21.274849695765493,2025-05-11 21:00:00,45,2.84,13.4
189,-11.736874732050929,21.274849695765493,2025-05-12 00:00:00,48,5.64,26.84
189,-11.736874732050929,21.274849695765493,2025-05-12 03:00:00,51,5.55,24.75
189,-11.736874732050929,21.274849695765493,2025-05-12 06:00:00,54,5.9,30.35
189,-11.736874732050929,21.274849695765493,2025-05-12 09:00:00,57,9.28,39.33
189,-11.736874732050929,21.274849695765493,2025-05-12 12:00:00,60,6.66,41.87
189,-11.736874732050929,21.274849695765493,2025-05-12 15:00:00,63,7.59,45.03
189,-11.736874732050929,21.274849695765493,2025-05-12 18:00:00,66,7.82,47.03
189,-11.736874732050929,21.274849695765493,2025-05-12 21:00:00,69,6.45,41.21
189,-11.736874732050929,21.274849695765493,2025-05-13 00:00:00,72,5.89,41.09
189,-11.736874732050929,21.274849695765493,2025-05-13 03:00:00,75,2.25,24.9
189,-11.736874732050929,21.274849695765493,2025-05-13 06:00:00,78,2.36,23.5
189,-11.736874732050929,21.274849695765493,2025-05-13 09:00:00,81,3.34,18.99
189,-11.736874732050929,21.274849695765493,2025-05-13 12:00:00,84,1.55,19.97
189,-11.736874732050929,21.274849695765493,2025-05-13 15:00:00,87,2.74,19.96
189,-11.736874732050929,21.274849695765493,2025-05-13 18:00:00,90,1.59,11.83
189,-11.736874732050929,21.274849695765493,2025-05-13 21:00:00,93,3.53,19.41
189,-11.736874732050929,21.274849695765493,2025-05-14 00:00:00,96,6.29,28.27
189,-11.736874732050929,21.274849695765493,2025-05-14 03:00:00,99,4.73,28.82
189,-11.736874732050929,21.274849695765493,2025-05-14 06:00:00,102,6.9,31.36
189,-11.736874732050929,21.274849695765493,2025-05-14 09:00:00,105,6.15,32.18
189,-11.736874732050929,21.274849695765493,2025-05-14 12:00:00,108,9.9,48.73
189,-11.736874732050929,21.274849695765493,2025-05-14 15:00:00,111,7.9,41.65
189,-11.736874732050929,21.274849695765493,2025-05-14 18:00:00,114,6.17,44.9
189,-11.736874732050929,21.274849695765493,2025-05-14 21:00:00,117,7.53,47.98
190,-11.435701878371336,21.55334603483879,2025-05-10 00:00:00,0,5.03,20.97
190,-11.435701878371336,21.55334603483879,2025-05-10 03:00:00,3,6.29,28.48
190,-11.435701878371336,21.55334603483879,2025-05-10 06:00:00,6,6.37,31.0
190,-11.435701878371336,21.55334603483879,2025-05-10 09:00:00,9,8.78,39.85
190,-11.435701878371336,21.55334603483879,2025-05-10 12:00:00,12,9.94,43.0
190,-11.435701878371336,21.55334603483879,2025-05-10 15:00:00,15,5.85,39.09
190,-11.435701878371336,21.55334603483879,2025-05-10 18:00:00,18,5.27,38.15
190,-11.435701878371336,21.55334603483879,2025-05-10 21:00:00,21,4.96,37.82
190,-11.435701878371336,21.55334603483879,2025-05-11 00:00:00,24,5.33,35.39
190,-11.435701878371336,21.55334603483879,2025-05-11 03:00:00,27,2.88,30.4
190,-11.435701878371336,21.55334603483879,2025-05-11 06:00:00,30,1.22,20.56
190,-11.435701878371336,21.55334603483879,2025-05-11 09:00:00,33,1.34,19.76
190,-11.435701878371336,21.55334603483879,2025-05-11 12:00:00,36,1.4,16.36
190,-11.435701878371336,21.55334603483879,2025-05-11 15:00:00,39,3.47,20.82
190,-11.435701878371336,21.55334603483879,2025-05-11 18:00:00,42,1.96,15.68
190,-11.435701878371336,21.55334603483879,2025-05-11 21:00:00,45,4.6,19.91
190,-11.435701878371336,21.55334603483879,2025-05-12 00:00:00,48,5.56,21.46
190,-11.435701878371336,21.55334603483879,2025-05-12 03:00:00,51,4.23,27.57
190,-11.435701878371336,21.55334603483879,2025-05-12 06:00:00,54,8.87,40.39
190,-11.435701878371336,21.55334603483879,2025-05-12 09:00:00,57,7.47,36.02
190,-11.435701878371336,21.55334603483879,2025-05-12 12:00:00,60,6.42,38.28
190,-11.435701878371336,21.55334603483879,2025-05-12 15:00:00,63,8.58,48.96
190,-11.435701878371336,21.55334603483879,2025-05-12 18:00:00,66,5.49,44.13
190,-11.435701878371336,21.55334603483879,2025-05-12 21:00:00,69,6.74,39.55
190,-11.435701878371336,21.55334603483879,2025-05-13 00:00:00,72,4.35,33.37
190,-11.435701878371336,21.55334603483879,2025-05-13 03:00:00,75,4.75,30.2
190,-11.435701878371336,21.55334603483879,2025-05-13 06:00:00,78,2.11,22.78
190,-11.435701878371336,21.55334603483879,2025-05-13 09:00:00,81,0.6,14.25
190,-11.435701878371336,21.55334603483879,2025-05-13 12:00:00,84,1.8,12.89
190,-11.435701878371336,21.55334603483879,2025-05-13 15:00:00,87,1.88,16.55
190,-11.435701878371336,21.55334603483879,2025-05-13 18:00:00,90,3.07,20.04
190,-11.435701878371336,21.55334603483879,2025-05-13 21:00:00,93,2.57,16.26
190,-11.435701878371336,21.55334603483879,2025-05-14 00:00:00,96,3.68,21.92
190,-11.435701878371336,21.55334603483879,2025-05-14 03:00:00,99,5.54,25.18
190,-11.435701878371336,21.55334603483879,2025-05-14 06:00:00,102,7.32,36.98
190,-11.435701878371336,21.55334603483879,2025-05-14 09:00:00,105,7.28,39.56
190,-11.435701878371336,21.55334603483879,2025-05-14 12:00:00,108,8.14,45.76
190,-11.435701878371336,21.55334603483879,2025-05-14 15:00:00,111,9.08,45.97
190,-11.435701878371336,21.55334603483879,2025-05-14 18:00:00,114,8.13,46.37
190,-11.435701878371336,21.55334603483879,2025-05-14 21:00:00,117,4.65,40.16
191,-11.413543185594246,21.06822180136292,2025-05-10 00:00:00,0,5.74,23.08
191,-11.413543185594246,21.06822180136292,2025-05-10 03:00:00,3,6.71,27.46
191,-11.413543185594246,21.06822180136292,2025-05-10 06:00:00,6,9.05,35.39
191,-11.413543185594246,21.06822180136292,2025-05-10 09:00:00,9,8.69,39.78
191,-11.413543185594246,21.06822180136292,2025-05-10 12:00:00,12,8.68,41.15
191,-11.413543185594246,21.06822180136292,2025-05-10 15:00:00,15,9.01,44.98
191,-11.413543185594246,21.06822180136292,2025-05-10 18:00:00,18,7.79,43.14
191,-11.413543185594246,21.06822180136292,2025-05-10 21:00:00,21,7.33,47.75
191,-11.413543185594246,21.06822180136292,2025-05-11 00:00:00,24,4.63,32.79
191,-11.413543185594246,21.06822180136292,2025-05-11 03:00:00,27,5.14,36.97
191,-11.413543185594246,21.06822180136292,2025-05-11 06:00:00,30,4.73,31.72
191,-11.413543185594246,21.06822180136292,2025-05-11 09:00:00,33,2.78,17.77
191,-11.413543185594246,21.06822180136292,2025-05-11 12:00:00,36,3.92,22.03
191,-11.413543185594246,21.06822180136292,2025-05-11 15:00:00,39,3.25,14.7
191,-11.413543185594246,21.06822180136292,2025-05-11 18:00:00,42,3.33,13.96
191,-11.413543185594246,21.06822180136292,2025-05-11 21:00:00,45,2.12,18.14
191,-11.413543185594246,21.06822180136292,2025-05-12 00:00:00,48,4.04,20.04
191,-11.413543185594246,21.06822180136292,2025-05-12 03:00:00,51,5.81,24.24
191,-11.413543185594246,21.06822180136292,2025-05-12 06:00:00,54,7.37,35.96
191,-11.413543185594246,21.06822180136292,2025-05-12 09:00:00,57,8.86,43.26
191,-11.413543185594246,21.06822180136292,2025-05-12 12:00:00,60,9.39,45.27
191,-11.413543185594246,21.06822180136292,2025-05-12 15:00:00,63,8.77,43.93
191,-11.413543185594246,21.06822180136292,2025-05-12 18:00:00,66,6.08,40.19
191,-11.413543185594246,21.06822180136292,2025-05-12 21:00:00,69,4.43,41.2
191,-11.413543185594246,21.06822180136292,2025-05-13 00:00:00,72,3.24,32.83
191,-11.413543185594246,21.06822180136292,2025-05-13 03:00:00,75,2.15,26.56
191,-11.413543185594246,21.06822180136292,2025-05-13 06:00:00,78,3.62,27.29
191,-11.413543185594246,21.06822180136292,2025-05-13 09:00:00,81,4.0,20.58
191,-11.413543185594246,21.06822180136292,2025-05-13 12:00:00,84,2.43,15.21
191,-11.413543185594246,21.06822180136292,2025-05-13 15:00:00,87,2.15,14.34
191,-11.413543185594246,21.06822180136292,2025-05-13 18:00:00,90,2.71,16.04
191,-11.413543185594246,21.06822180136292,2025-05-13 21:00:00,93,5.02,22.98
191,-11.413543185594246,21.06822180136292,2025-05-14 00:00:00,96,5.65,27.57
191,-11.413543185594246,21.06822180136292,2025-05-14 03:00:00,99,7.05,26.97
191,-11.413543185594246,21.06822180136292,2025-05-14 06:00:00,102,7.87,38.06
191,-11.413543185594246,21.06822180136292,2025-05-14 09:00:00,105,7.85,42.85
191,-11.413543185594246,21.06822180136292,2025-05-14 12:00:00,108,9.19,44.46
191,-11.413543185594246,21.06822180136292,2025-05-14 15:00:00,111,9.02,49.14
191,-11.413543185594246,21.06822180136292,2025-05-14 18:00:00,114,6.14,38.73
191,-11.413543185594246,21.06822180136292,2025-05-14 21:00:00,117,4.98,42.76
192,-11.336331873389309,21.38583616180678,2025-05-10 00:00:00,0,5.29,26.57
192,-11.336331873389309,21.38583616180678,2025-05-10 03:00:00,3,5.34,30.36
192,-11.336331873389309,21.38583616180678,2025-05-10 06:00:00,6,5.71,31.2
192,-11.336331873389309,21.38583616180678,2025-05-10 09:00:00,9,8.66,42.58
192,-11.336331873389309,21.38583616180678,2025-05-10 12:00:00,12,9.38,46.51
192,-11.336331873389309,21.38583616180678,2025-05-10 15:00:00,15,6.44,44.5
192,-11.336331873389309,21.38583616180678,2025-05-10 18:00:00,18,8.57,50.7
192,-11.336331873389309,21.38583616180678,2025-05-10 21:00:00,21,6.6,41.81
192,-11.336331873389309,21.38583616180678,2025-05-11 00:00:00,24,3.12,30.8
192,-11.336331873389309,21.38583616180678,2025-05-11 03:00:00,27,2.23,24.63
192,-11.336331873389309,21.38583616180678,2025-05-11 06:00:00,30,3.07,22.97
192,-11.336331873389309,21.38583616180678,2025-05-11 09:00:00,33,0.52,20.29
192,-11.336331873389309,21.38583616180678,2025-05-11 12:00:00,36,3.34,19.77
192,-11.336331873389309,21.38583616180678,2025-05-11 15:00:00,39,1.07,12.47
192,-11.336331873389309,21.38583616180678,2025-05-11 18:00:00,42,3.65,14.4
192,-11.336331873389309,21.38583616180678,2025-05-11 21:00:00,45,5.84,26.06
192,-11.336331873389309,21.38583616180678,2025-05-12 00:00:00,48,5.6,20.33
192,-11.336331873389309,21.38583616180678,2025-05-12 03:00:00,51,5.97,26.52
192,-11.336331873389309,21.38583616180678,2025-05-12 06:00:00,54,7.26,36.29
192,-11.336331873389309,21.38583616180678,2025-05-12 09:00:00,57,7.03,36.95
192,-11.336331873389309,21.38583616180678,2025-05-12 12:00:00,60,9.74,49.01
192,-11.336331873389309,21.38583616180678,2025-05-12 15:00:00,63,7.32,47.58
192,-11.336331873389309,21.38583616180678,2025-05-12 18:00:00,66,8.57,45.84
192,-11.336331873389309,21.38583616180678,2025-05-12 21:00:00,69,7.06,45.88
192,-11.336331873389309,21.38583616180678,2025-05-13 00:00:00,72,5.34,41.17
192,-11.336331873389309,21.38583616180678,2025-05-13 03:00:00,75,4.53,32.6
192,-11.336331873389309,21.38583616180678,2025-05-13 06:00:00,78,1.55,24.28
192,-11.336331873389309,21.38583616180678,2025-05-13 09:00:00,81,3.66,22.63
192,-11.336331873389309,21.38583616180678,2025-05-13 12:00:00,84,0.37,13.11
192,-11.336331873389309,21.38583616180678,2025-05-13 15:00:00,87,3.81,19.19
192,-11.336331873389309,21.38583616180678,2025-05-13 18:00:00,90,3.49,18.44
192,-11.336331873389309,21.38583616180678,2025-05-13 21:00:00,93,2.73,17.3
192,-11.336331873389309,21.38583616180678,2025-05-14 00:00:00,96,4.49,24.36
192,-11.336331873389309,21.38583616180678,2025-05-14 03:00:00,99,6.92,27.84
192,-11.336331873389309,21.38583616180678,2025-05-14 06:00:00,102,7.53,36.75
192,-11.336331873389309,21.38583616180678,2025-05-14 09:00:00,105,6.49,34.12
192,-11.336331873389309,21.38583616180678,2025-05-14 12:00:00,108,6.99,41.97
192,-11.336331873389309,21.38583616180678,2025-05-14 15:00:00,111,7.21,42.13
192,-11.336331873389309,21.38583616180678,2025-05-14 18:00:00,114,6.77,44.8
192,-11.336331873389309,21.38583616180678,2025-05-14 21:00:00,117,8.02,44.87
193,-11.266598050261972,21.702453068141537,2025-05-10 00:00:00,0,6.08,26.12
193,-11.266598050261972,21.702453068141537,2025-05-10 03:00:00,3,5.19,27.69
193,-11.266598050261972,21.702453068141537,2025-05-10 06:00:00,6,6.37,35.53
193,-11.266598050261972,21.702453068141537,2025-05-10 09:00:00,9,8.83,41.79
193,-11.266598050261972,21.702453068141537,2025-05-10 12:00:00,12,7.44,42.39
193,-11.266598050261972,21.702453068141537,2025-05-10 15:00:00,15,7.45,43.89
193,-11.266598050261972,21.702453068141537,2025-05-10 18:00:00,18,6.03,44.8
193,-11.266598050261972,21.702453068141537,2025-05-10 21:00:00,21,5.64,39.7
193,-11.266598050261972,21.702453068141537,2025-05-11 00:00:00,24,3.31,30.1
193,-11.266598050261972,21.702453068141537,2025-05-11 03:00:00,27,4.72,33.78
193,-11.266598050261972,21.702453068141537,2025-05-11 06:00:00,30,3.71,23.51
193,-11.266598050261972,21.702453068141537,2025-05-11 09:00:00,33,1.13,22.17
193,-11.266598050261972,21.702453068141537,2025-05-11 12:00:00,36,2.57,17.45
193,-11.266598050261972,21.702453068141537,2025-05-11 15:00:00,39,0.49,15.54
193,-11.266598050261972,21.702453068141537,2025-05-11 18:00:00,42,1.78,15.27
193,-11.266598050261972,21.702453068141537,2025-05-11 21:00:00,45,2.87,16.46
193,-11.266598050261972,21.702453068141537,2025-05-12 00:00:00,48,6.31,23.25
193,-11.266598050261972,21.702453068141537,2025-05-12 03:00:00,51,7.11,33.06
193,-11.266598050261972,21.702453068141537,2025-05-12 06:00:00,54,8.66,40.92
193,-11.266598050261972,21.702453068141537,2025-05-12 09:00:00,57,9.68,44.78
193,-11.266598050261972,21.702453068141537,2025-05-12 12:00:00,60,9.22,45.81
193,-11.266598050261972,21.702453068141537,2025-05-12 15:00:00,63,9.04,47.77
193,-11.266598050261972,21.702453068141537,2025-05-12 18:00:00,66,5.22,43.42
193,-11.266598050261972,21.702453068141537,2025-05-12 21:00:00,69,6.35,42.72
193,-11.266598050261972,21.702453068141537,2025-05-13 00:00:00,72,4.78,37.15
193,-11.266598050261972,21.702453068141537,2025-05-13 03:00:00,75,1.87,28.5
193,-11.266598050261972,21.702453068141537,2025-05-13 06:00:00,78,1.33,22.33
193,-11.266598050261972,21.702453068141537,2025-05-13 09:00:00,81,3.75,19.97
193,-11.266598050261972,21.702453068141537,2025-05-13 12:00:00,84,2.43,20.09
193,-11.266598050261972,21.702453068141537,2025-05-13 15:00:00,87,2.38,16.99
193,-11.266598050261972,21.702453068141537,2025-05-13 18:00:00,90,2.61,13.97
193,-11.266598050261972,21.702453068141537,2025-05-13 21:00:00,93,3.12,14.54
193,-11.266598050261972,21.702453068141537,2025-05-14 00:00:00,96,5.17,23.6
193,-11.266598050261972,21.702453068141537,2025-05-14 03:00:00,99,6.02,25.09
193,-11.266598050261972,21.702453068141537,2025-05-14 06:00:00,102,5.45,30.97
193,-11.266598050261972,21.702453068141537,2025-05-14 09:00:00,105,6.19,39.75
193,-11.266598050261972,21.702453068141537,2025-05-14 12:00:00,108,6.43,39.28
193,-11.266598050261972,21.702453068141537,2025-05-14 15:00:00,111,5.84,40.54
193,-11.266598050261972,21.702453068141537,2025-05-14 18:00:00,114,5.49,37.66
193,-11.266598050261972,21.702453068141537,2025-05-14 21:00:00,117,5.8,40.64
194,-11.788613980088819,21.13272346137888,2025-05-10 00:00:00,0,5.64,26.58
194,-11.788613980088819,21.13272346137888,2025-05-10 03:00:00,3,7.08,33.89
194,-11.788613980088819,21.13272346137888,2025-05-10 06:00:00,6,7.44,34.85
194,-11.788613980088819,21.13272346137888,2025-05-10 09:00:00,9,8.42,38.9
194,-11.788613980088819,21.13272346137888,2025-05-10 12:00:00,12,7.02,40.81
194,-11.788613980088819,21.13272346137888,2025-05-10 15:00:00,15,9.42,51.26
194,-11.788613980088819,21.13272346137888,2025-05-10 18:00:00,18,5.94,45.44
194,-11.788613980088819,21.13272346137888,2025-05-10 21:00:00,21,6.51,39.32
194,-11.788613980088819,21.13272346137888,2025-05-11 00:00:00,24,3.89,32.46
194,-11.788613980088819,21.13272346137888,2025-05-11 03:00:00,27,2.06,30.32
194,-11.788613980088819,21.13272346137888,2025-05-11 06:00:00,30,1.13,18.71
194,-11.788613980088819,21.13272346137888,2025-05-11 09:00:00,33,0.99,15.83
194,-11.788613980088819,21.13272346137888,2025-05-11 12:00:00,36,1.75,17.04
194,-11.788613980088819,21.13272346137888,2025-05-11 15:00:00,39,1.79,17.21
194,-11.788613980088819,21.13272346137888,2025-05-11 18:00:00,42,3.59,14.17
194,-11.788613980088819,21.13272346137888,2025-05-11 21:00:00,45,1.92,16.59
194,-11.788613980088819,21.13272346137888,2025-05-12 00:00:00,48,3.34,16.42
194,-11.788613980088819,21.13272346137888,2025-05-12 03:00:00,51,6.02,31.72
194,-11.788613980088819,21.13272346137888,2025-05-12 06:00:00,54,6.27,31.62
194,-11.788613980088819,21.13272346137888,2025-05-12 09:00:00,57,6.78,38.4
194,-11.788613980088819,21.13272346137888,2025-05-12 12:00:00,60,7.72,44.4
194,-11.788613980088819,21.13272346137888,2025-05-12 15:00:00,63,9.23,44.22
194,-11.788613980088819,21.13272346137888,2025-05-12 18:00:00,66,7.87,43.39
194,-11.788613980088819,21.13272346137888,2025-05-12 21:00:00,69,8.11,44.43
194,-11.788613980088819,21.13272346137888,2025-05-13 00:00:00,72,4.02,38.89
194,-11.788613980088819,21.13272346137888,2025-05-13 03:00:00,75,3.5,28.42
194,-11.788613980088819,21.13272346137888,2025-05-13 06:00:00,78,3.38,30.72
194,-11.788613980088819,21.13272346137888,2025-05-13 09:00:00,81,1.87,20.52
194,-11.788613980088819,21.13272346137888,2025-05-13 12:00:00,84,1.39,14.14
194,-11.788613980088819,21.13272346137888,2025-05-13 15:00:00,87,1.35,14.11
194,-11.788613980088819,21.13272346137888,2025-05-13 18:00:00,90,4.04,14.87
194,-11.788613980088819,21.13272346137888,2025-05-13 21:00:00,93,4.5,16.2
194,-11.788613980088819,21.13272346137888,2025-05-14 00:00:00,96,6.3,27.46
194,-11.788613980088819,21.13272346137888,2025-05-14 03:00:00,99,8.01,30.4
194,-11.788613980088819,21.13272346137888,2025-05-14 06:00:00,102,7.36,32.85
194,-11.788613980088819,21.13272346137888,2025-05-14 09:00:00,105,7.61,35.67
194,-11.788613980088819,21.13272346137888,2025-05-14 12:00:00,108,7.12,38.16
194,-11.788613980088819,21.13272346137888,2025-05-14 15:00:00,111,6.79,39.16
194,-11.788613980088819,21.13272346137888,2025-05-14 18:00:00,114,6.46,39.68
194,-11.788613980088819,21.13272346137888,2025-05-14 21:00:00,117,6.01,38.34
195,-11.827733897924299,21.727079800037966,2025-05-10 00:00:00,0,3.65,20.05
195,-11.827733897924299,21.727079800037966,2025-05-10 03:00:00,3,6.98,26.74
195,-11.827733897924299,21.727079800037966,2025-05-10 06:00:00,6,6.53,32.86
195,-11.827733897924299,21.727079800037966,2025-05-10 09:00:00,9,8.87,44.6
195,-11.827733897924299,21.727079800037966,2025-05-10 12:00:00,12,8.66,42.25
195,-11.827733897924299,21.727079800037966,2025-05-10 15:00:00,15,5.81,43.78
195,-11.827733897924299,21.727079800037966,2025-05-10 18:00:00,18,8.35,43.0
195,-11.827733897924299,21.727079800037966,2025-05-10 21:00:00,21,7.69,48.03
195,-11.827733897924299,21.727079800037966,2025-05-11 00:00:00,24,3.97,35.13
195,-11.827733897924299,21.727079800037966,2025-05-11 03:00:00,27,2.46,29.71
195,-11.827733897924299,21.727079800037966,2025-05-11 06:00:00,30,4.77,27.48
195,-11.827733897924299,21.727079800037966,2025-05-11 09:00:00,33,3.29,21.05
195,-11.827733897924299,21.727079800037966,2025-05-11 12:00:00,36,3.55,21.36
195,-11.827733897924299,21.727079800037966,2025-05-11 15:00:00,39,0.27,8.07
195,-11.827733897924299,21.727079800037966,2025-05-11 18:00:00,42,4.36,18.33
195,-11.827733897924299,21.727079800037966,2025-05-11 21:00:00,45,4.48,16.31
195,-11.827733897924299,21.727079800037966,2025-05-12 00:00:00,48,5.98,25.7
195,-11.827733897924299,21.727079800037966,2025-05-12 03:00:00,51,6.55,30.5
195,-11.827733897924299,21.727079800037966,2025-05-12 06:00:00,54,8.17,39.68
195,-11.827733897924299,21.727079800037966,2025-05-12 09:00:00,57,6.5,36.48
195,-11.827733897924299,21.727079800037966,2025-05-12 12:00:00,60,6.78,41.27
195,-11.827733897924299,21.727079800037966,2025-05-12 15:00:00,63,8.75,50.58
195,-11.827733897924299,21.727079800037966,2025-05-12 18:00:00,66,8.5,44.53
195,-11.827733897924299,21.727079800037966,2025-05-12 21:00:00,69,4.64,38.93
195,-11.827733897924299,21.727079800037966,2025-05-13 00:00:00,72,4.53,32.75
195,-11.827733897924299,21.727079800037966,2025-05-13 03:00:00,75,4.91,34.86
195,-11.827733897924299,21.727079800037966,2025-05-13 06:00:00,78,3.04,26.35
195,-11.827733897924299,21.727079800037966,2025-05-13 09:00:00,81,3.04,19.36
195,-11.827733897924299,21.727079800037966,2025-05-13 12:00:00,84,1.22,18.49
195,-11.827733897924299,21.727079800037966,2025-05-13 15:00:00,87,0.67,10.47
195,-11.827733897924299,21.727079800037966,2025-05-13 18:00:00,90,1.58,14.54
195,-11.827733897924299,21.727079800037966,2025-05-13 21:00:00,93,4.48,20.11
195,-11.827733897924299,21.727079800037966,2025-05-14 00:00:00,96,6.56,27.43
195,-11.827733897924299,21.727079800037966,2025-05-14 03:00:00,99,5.24,30.3
195,-11.827733897924299,21.727079800037966,2025-05-14 06:00:00,102,7.02,34.45
195,-11.827733897924299,21.727079800037966,2025-05-14 09:00:00,105,6.76,37.89
195,-11.827733897924299,21.727079800037966,2025-05-14 12:00:00,108,9.32,46.26
195,-11.827733897924299,21.727079800037966,2025-05-14 15:00:00,111,9.5,51.21
195,-11.827733897924299,21.727079800037966,2025-05-14 18:00:00,114,5.63,38.33
195,-11.827733897924299,21.727079800037966,2025-05-14 21:00:00,117,4.63,37.2
196,-11.318231018218066,21.09216372437425,2025-05-10 00:00:00,0,6.28,22.37
196,-11.318231018218066,21.09216372437425,2025-05-10 03:00:00,3,5.17,25.27
196,-11.318231018218066,21.09216372437425,2025-05-10 06:00:00,6,5.98,34.03
196,-11.318231018218066,21.09216372437425,2025-05-10 09:00:00,9,7.04,37.77
196,-11.318231018218066,21.09216372437425,2025-05-10 12:00:00,12,8.54,46.69
196,-11.318231018218066,21.09216372437425,2025-05-10 15:00:00,15,7.2,42.6
196,-11.318231018218066,21.09216372437425,2025-05-10 18:00:00,18,8.2,42.82
196,-11.318231018218066,21.09216372437425,2025-05-10 21:00:00,21,6.26,39.5
196,-11.318231018218066,21.09216372437425,2025-05-11 00:00:00,24,4.82,34.49
196,-11.318231018218066,21.09216372437425,2025-05-11 03:00:00,27,5.39,37.03
196,-11.318231018218066,21.09216372437425,2025-05-11 06:00:00,30,1.38,25.14
196,-11.318231018218066,21.09216372437425,2025-05-11 09:00:00,33,1.3,17.26
196,-11.318231018218066,21.09216372437425,2025-05-11 12:00:00,36,3.11,17.64
196,-11.318231018218066,21.09216372437425,2025-05-11 15:00:00,39,3.92,18.4
196,-11.318231018218066,21.09216372437425,2025-05-11 18:00:00,42,1.58,13.18
196,-11.318231018218066,21.09216372437425,2025-05-11 21:00:00,45,4.25,17.84
196,-11.318231018218066,21.09216372437425,2025-05-12 00:00:00,48,3.89,22.67
196,-11.318231018218066,21.09216372437425,2025-05-12 03:00:00,51,6.51,30.23
196,-11.318231018218066,21.09216372437425,2025-05-12 06:00:00,54,7.17,30.72
196,-11.318231018218066,21.09216372437425,2025-05-12 09:00:00,57,9.2,45.42
196,-11.318231018218066,21.09216372437425,2025-05-12 12:00:00,60,8.77,41.07
196,-11.318231018218066,21.09216372437425,2025-05-12 15:00:00,63,6.53,42.75
196,-11.318231018218066,21.09216372437425,2025-05-12 18:00:00,66,8.07,43.97
196,-11.318231018218066,21.09216372437425,2025-05-12 21:00:00,69,5.41,41.63
196,-11.318231018218066,21.09216372437425,2025-05-13 00:00:00,72,3.21,34.93
196,-11.318231018218066,21.09216372437425,2025-05-13 03:00:00,75,3.12,30.85
196,-11.318231018218066,21.09216372437425,2025-05-13 06:00:00,78,2.06,20.57
196,-11.318231018218066,21.09216372437425,2025-05-13 09:00:00,81,2.53,17.43
196,-11.318231018218066,21.09216372437425,2025-05-13 12:00:00,84,1.94,17.61
196,-11.318231018218066,21.09216372437425,2025-05-13 15:00:00,87,2.22,18.07
196,-11.318231018218066,21.09216372437425,2025-05-13 18:00:00,90,2.64,13.77
196,-11.318231018218066,21.09216372437425,2025-05-13 21:00:00,93,4.18,16.18
196,-11.318231018218066,21.09216372437425,2025-05-14 00:00:00,96,6.99,23.86
196,-11.318231018218066,21.09216372437425,2025-05-14 03:00:00,99,5.05,24.62
196,-11.318231018218066,21.09216372437425,2025-05-14 06:00:00,102,8.34,36.42
196,-11.318231018218066,21.09216372437425,2025-05-14 09:00:00,105,9.25,43.0
196,-11.318231018218066,21.09216372437425,2025-05-14 12:00:00,108,8.99,47.11
196,-11.318231018218066,21.09216372437425,2025-05-14 15:00:00,111,9.66,45.31
196,-11.318231018218066,21.09216372437425,2025-05-14 18:00:00,114,7.06,40.13
196,-11.318231018218066,21.09216372437425,2025-05-14 21:00:00,117,5.47,43.44
197,-11.979018513990953,21.228909121572556,2025-05-10 00:00:00,0,5.61,24.1
197,-11.979018513990953,21.228909121572556,2025-05-10 03:00:00,3,6.01,28.33
197,-11.979018513990953,21.228909121572556,2025-05-10 06:00:00,6,8.83,37.92
197,-11.979018513990953,21.228909121572556,2025-05-10 09:00:00,9,7.85,41.68
197,-11.979018513990953,21.228909121572556,2025-05-10 12:00:00,12,8.36,44.32
197,-11.979018513990953,21.228909121572556,2025-05-10 15:00:00,15,8.16,47.5
197,-11.979018513990953,21.228909121572556,2025-05-10 18:00:00,18,5.53,42.5
197,-11.979018513990953,21.228909121572556,2025-05-10 21:00:00,21,4.99,41.63
197,-11.979018513990953,21.228909121572556,2025-05-11 00:00:00,24,3.56,37.74
197,-11.979018513990953,21.228909121572556,2025-05-11 03:00:00,27,5.55,35.93
197,-11.979018513990953,21.228909121572556,2025-05-11 06:00:00,30,1.51,19.39
197,-11.979018513990953,21.228909121572556,2025-05-11 09:00:00,33,4.21,24.3
197,-11.979018513990953,21.228909121572556,2025-05-11 12:00:00,36,1.24,14.83
197,-11.979018513990953,21.228909121572556,2025-05-11 15:00:00,39,1.21,13.95
197,-11.979018513990953,21.228909121572556,2025-05-11 18:00:00,42,4.86,20.78
197,-11.979018513990953,21.228909121572556,2025-05-11 21:00:00,45,2.53,12.52
197,-11.979018513990953,21.228909121572556,2025-05-12 00:00:00,48,6.29,25.85
197,-11.979018513990953,21.228909121572556,2025-05-12 03:00:00,51,5.41,27.7
197,-11.979018513990953,21.228909121572556,2025-05-12 06:00:00,54,8.91,36.29
197,-11.979018513990953,21.228909121572556,2025-05-12 09:00:00,57,6.82,37.78
197,-11.979018513990953,21.228909121572556,2025-05-12 12:00:00,60,7.69,39.0
197,-11.979018513990953,21.228909121572556,2025-05-12 15:00:00,63,8.59,44.0
197,-11.979018513990953,21.228909121572556,2025-05-12 18:00:00,66,7.18,43.16
197,-11.979018513990953,21.228909121572556,2025-05-12 21:00:00,69,6.11,39.52
197,-11.979018513990953,21.228909121572556,2025-05-13 00:00:00,72,3.01,33.65
197,-11.979018513990953,21.228909121572556,2025-05-13 03:00:00,75,2.45,29.21
197,-11.979018513990953,21.228909121572556,2025-05-13 06:00:00,78,3.83,30.5
197,-11.979018513990953,21.228909121572556,2025-05-13 09:00:00,81,1.94,17.71
197,-11.979018513990953,21.228909121572556,2025-05-13 12:00:00,84,2.88,18.23
197,-11.979018513990953,21.228909121572556,2025-05-13 15:00:00,87,3.96,19.83
197,-11.979018513990953,21.228909121572556,2025-05-13 18:00:00,90,2.34,11.62
197,-11.979018513990953,21.228909121572556,2025-05-13 21:00:00,93,4.32,17.06
197,-11.979018513990953,21.228909121572556,2025-05-14 00:00:00,96,6.61,24.96
197,-11.979018513990953,21.228909121572556,2025-05-14 03:00:00,99,5.21,23.65
197,-11.979018513990953,21.228909121572556,2025-05-14 06:00:00,102,6.44,35.85
197,-11.979018513990953,21.228909121572556,2025-05-14 09:00:00,105,6.73,33.68
197,-11.979018513990953,21.228909121572556,2025-05-14 12:00:00,108,8.02,45.46
197,-11.979018513990953,21.228909121572556,2025-05-14 15:00:00,111,8.32,45.4
197,-11.979018513990953,21.228909121572556,2025-05-14 18:00:00,114,5.36,41.58
197,-11.979018513990953,21.228909121572556,2025-05-14 21:00:00,117,8.02,43.45
198,-11.913085647811506,21.149533096206845,2025-05-10 00:00:00,0,3.38,20.78
198,-11.913085647811506,21.149533096206845,2025-05-10 03:00:00,3,6.78,33.1
198,-11.913085647811506,21.149533096206845,2025-05-10 06:00:00,6,5.29,29.77
198,-11.913085647811506,21.149533096206845,2025-05-10 09:00:00,9,6.3,39.27
198,-11.913085647811506,21.149533096206845,2025-05-10 12:00:00,12,8.33,47.56
198,-11.913085647811506,21.149533096206845,2025-05-10 15:00:00,15,9.74,51.3
198,-11.913085647811506,21.149533096206845,2025-05-10 18:00:00,18,6.24,42.18
198,-11.913085647811506,21.149533096206845,2025-05-10 21:00:00,21,7.41,40.54
198,-11.913085647811506,21.149533096206845,2025-05-11 00:00:00,24,4.31,33.32
198,-11.913085647811506,21.149533096206845,2025-05-11 03:00:00,27,4.18,33.08
198,-11.913085647811506,21.149533096206845,2025-05-11 06:00:00,30,1.36,22.5
198,-11.913085647811506,21.149533096206845,2025-05-11 09:00:00,33,2.31,17.01
198,-11.913085647811506,21.149533096206845,2025-05-11 12:00:00,36,2.35,20.31
198,-11.913085647811506,21.149533096206845,2025-05-11 15:00:00,39,1.87,15.1
198,-11.913085647811506,21.149533096206845,2025-05-11 18:00:00,42,4.72,21.37
198,-11.913085647811506,21.149533096206845,2025-05-11 21:00:00,45,4.33,16.82
198,-11.913085647811506,21.149533096206845,2025-05-12 00:00:00,48,6.23,25.63
198,-11.913085647811506,21.149533096206845,2025-05-12 03:00:00,51,4.34,24.44
198,-11.913085647811506,21.149533096206845,2025-05-12 06:00:00,54,6.99,37.57
198,-11.913085647811506,21.149533096206845,2025-05-12 09:00:00,57,9.74,40.94
198,-11.913085647811506,21.149533096206845,2025-05-12 12:00:00,60,9.82,45.89
198,-11.913085647811506,21.149533096206845,2025-05-12 15:00:00,63,9.23,45.72
198,-11.913085647811506,21.149533096206845,2025-05-12 18:00:00,66,6.84,47.03
198,-11.913085647811506,21.149533096206845,2025-05-12 21:00:00,69,4.53,37.09
198,-11.913085647811506,21.149533096206845,2025-05-13 00:00:00,72,5.73,38.81
198,-11.913085647811506,21.149533096206845,2025-05-13 03:00:00,75,4.96,37.53
198,-11.913085647811506,21.149533096206845,2025-05-13 06:00:00,78,1.35,23.86
198,-11.913085647811506,21.149533096206845,2025-05-13 09:00:00,81,0.37,13.88
198,-11.913085647811506,21.149533096206845,2025-05-13 12:00:00,84,2.45,20.21
198,-11.913085647811506,21.149533096206845,2025-05-13 15:00:00,87,2.27,13.27
198,-11.913085647811506,21.149533096206845,2025-05-13 18:00:00,90,1.25,9.11
198,-11.913085647811506,21.149533096206845,2025-05-13 21:00:00,93,4.74,23.35
198,-11.913085647811506,21.149533096206845,2025-05-14 00:00:00,96,5.67,25.35
198,-11.913085647811506,21.149533096206845,2025-05-14 03:00:00,99,7.67,30.3
198,-11.913085647811506,21.149533096206845,2025-05-14 06:00:00,102,5.85,30.59
198,-11.913085647811506,21.149533096206845,2025-05-14 09:00:00,105,6.4,32.63
198,-11.913085647811506,21.149533096206845,2025-05-14 12:00:00,108,9.84,50.7
198,-11.913085647811506,21.149533096206845,2025-05-14 15:00:00,111,7.5,41.05
198,-11.913085647811506,21.149533096206845,2025-05-14 18:00:00,114,6.48,41.24
198,-11.913085647811506,21.149533096206845,2025-05-14 21:00:00,117,6.76,44.02
199,-11.93747699569247,21.477227800740206,2025-05-10 00:00:00,0,5.61,23.13
199,-11.93747699569247,21.477227800740206,2025-05-10 03:00:00,3,4.87,22.23
199,-11.93747699569247,21.477227800740206,2025-05-10 06:00:00,6,6.06,30.87
199,-11.93747699569247,21.477227800740206,2025-05-10 09:00:00,9,9.19,43.29
199,-11.93747699569247,21.477227800740206,2025-05-10 12:00:00,12,6.04,35.61
199,-11.93747699569247,21.477227800740206,2025-05-10 15:00:00,15,8.17,42.75
199,-11.93747699569247,21.477227800740206,2025-05-10 18:00:00,18,5.64,38.08
199,-11.93747699569247,21.477227800740206,2025-05-10 21:00:00,21,6.23,43.48
199,-11.93747699569247,21.477227800740206,2025-05-11 00:00:00,24,3.74,36.33
199,-11.93747699569247,21.477227800740206,2025-05-11 03:00:00,27,2.07,23.98
199,-11.93747699569247,21.477227800740206,2025-05-11 06:00:00,30,3.59,25.64
199,-11.93747699569247,21.477227800740206,2025-05-11 09:00:00,33,3.78,22.78
199,-11.93747699569247,21.477227800740206,2025-05-11 12:00:00,36,0.03,11.81
199,-11.93747699569247,21.477227800740206,2025-05-11 15:00:00,39,0.34,14.57
199,-11.93747699569247,21.477227800740206,2025-05-11 18:00:00,42,4.05,14.64
199,-11.93747699569247,21.477227800740206,2025-05-11 21:00:00,45,2.62,18.52
199,-11.93747699569247,21.477227800740206,2025-05-12 00:00:00,48,4.86,25.88
199,-11.93747699569247,21.477227800740206,2025-05-12 03:00:00,51,4.29,24.18
199,-11.93747699569247,21.477227800740206,2025-05-12 06:00:00,54,5.88,30.88
199,-11.93747699569247,21.477227800740206,2025-05-12 09:00:00,57,6.92,41.45
199,-11.93747699569247,21.477227800740206,2025-05-12 12:00:00,60,9.91,44.34
199,-11.93747699569247,21.477227800740206,2025-05-12 15:00:00,63,9.61,51.07
199,-11.93747699569247,21.477227800740206,2025-05-12 18:00:00,66,7.35,46.18
199,-11.93747699569247,21.477227800740206,2025-05-12 21:00:00,69,7.91,43.6
199,-11.93747699569247,21.477227800740206,2025-05-13 00:00:00,72,6.48,41.04
199,-11.93747699569247,21.477227800740206,2025-05-13 03:00:00,75,2.97,26.85
199,-11.93747699569247,21.477227800740206,2025-05-13 06:00:00,78,4.38,25.57
199,-11.93747699569247,21.477227800740206,2025-05-13 09:00:00,81,2.13,20.26
199,-11.93747699569247,21.477227800740206,2025-05-13 12:00:00,84,1.9,18.97
199,-11.93747699569247,21.477227800740206,2025-05-13 15:00:00,87,4.16,16.42
199,-11.93747699569247,21.477227800740206,2025-05-13 18:00:00,90,2.67,17.18
199,-11.93747699569247,21.477227800740206,2025-05-13 21:00:00,93,5.76,19.4
199,-11.93747699569247,21.477227800740206,2025-05-14 00:00:00,96,4.19,22.61
199,-11.93747699569247,21.477227800740206,2025-05-14 03:00:00,99,6.12,31.46
199,-11.93747699569247,21.477227800740206,2025-05-14 06:00:00,102,7.35,31.48
199,-11.93747699569247,21.477227800740206,2025-05-14 09:00:00,105,6.27,35.35
199,-11.93747699569247,21.477227800740206,2025-05-14 12:00:00,108,9.14,48.93
199,-11.93747699569247,21.477227800740206,2025-05-14 15:00:00,111,7.04,45.41
199,-11.93747699569247,21.477227800740206,2025-05-14 18:00:00,114,8.29,49.52
199,-11.93747699569247,21.477227800740206,2025-05-14 21:00:00,117,7.28,45.5
200,-11.889292285961192,21.07242171401044,2025-05-10 00:00:00,0,6.39,24.14
200,-11.889292285961192,21.07242171401044,2025-05-10 03:00:00,3,6.33,31.94
200,-11.889292285961192,21.07242171401044,2025-05-10 06:00:00,6,6.92,36.72
200,-11.889292285961192,21.07242171401044,2025-05-10 09:00:00,9,8.15,42.3
200,-11.889292285961192,21.07242171401044,2025-05-10 12:00:00,12,7.79,43.32
200,-11.889292285961192,21.07242171401044,2025-05-10 15:00:00,15,9.13,48.16
200,-11.889292285961192,21.07242171401044,2025-05-10 18:00:00,18,5.68,43.2
200,-11.889292285961192,21.07242171401044,2025-05-10 21:00:00,21,5.55,36.58
200,-11.889292285961192,21.07242171401044,2025-05-11 00:00:00,24,4.19,33.87
200,-11.889292285961192,21.07242171401044,2025-05-11 03:00:00,27,2.55,30.64
200,-11.889292285961192,21.07242171401044,2025-05-11 06:00:00,30,1.18,18.59
200,-11.889292285961192,21.07242171401044,2025-05-11 09:00:00,33,0.35,19.15
200,-11.889292285961192,21.07242171401044,2025-05-11 12:00:00,36,2.14,15.35
200,-11.889292285961192,21.07242171401044,2025-05-11 15:00:00,39,3.14,20.57
200,-11.889292285961192,21.07242171401044,2025-05-11 18:00:00,42,1.16,10.9
200,-11.889292285961192,21.07242171401044,2025-05-11 21:00:00,45,3.15,15.61
200,-11.889292285961192,21.07242171401044,2025-05-12 00:00:00,48,5.48,21.34
200,-11.889292285961192,21.07242171401044,2025-05-12 03:00:00,51,7.91,29.96
200,-11.889292285961192,21.07242171401044,2025-05-12 06:00:00,54,7.5,31.71
200,-11.889292285961192,21.07242171401044,2025-05-12 09:00:00,57,9.75,40.41
200,-11.889292285961192,21.07242171401044,2025-05-12 12:00:00,60,9.37,44.04
200,-11.889292285961192,21.07242171401044,2025-05-12 15:00:00,63,9.41,46.12
200,-11.889292285961192,21.07242171401044,2025-05-12 18:00:00,66,8.95,50.09
200,-11.889292285961192,21.07242171401044,2025-05-12 21:00:00,69,6.9,42.11
200,-11.889292285961192,21.07242171401044,2025-05-13 00:00:00,72,5.72,42.31
200,-11.889292285961192,21.07242171401044,2025-05-13 03:00:00,75,3.23,31.68
200,-11.889292285961192,21.07242171401044,2025-05-13 06:00:00,78,2.04,27.48
200,-11.889292285961192,21.07242171401044,2025-05-13 09:00:00,81,2.42,20.04
200,-11.889292285961192,21.07242171401044,2025-05-13 12:00:00,84,0.37,9.67
200,-11.889292285961192,21.07242171401044,2025-05-13 15:00:00,87,2.37,18.04
200,-11.889292285961192,21.07242171401044,2025-05-13 18:00:00,90,3.98,14.12
200,-11.889292285961192,21.07242171401044,2025-05-13 21:00:00,93,1.87,13.33
200,-11.889292285961192,21.07242171401044,2025-05-14 00:00:00,96,6.48,28.78
200,-11.889292285961192,21.07242171401044,2025-05-14 03:00:00,99,4.42,28.56
200,-11.889292285961192,21.07242171401044,2025-05-14 06:00:00,102,6.23,32.7
200,-11.889292285961192,21.07242171401044,2025-05-14 09:00:00,105,8.99,43.72
200,-11.889292285961192,21.07242171401044,2025-05-14 12:00:00,108,6.71,36.78
200,-11.889292285961192,21.07242171401044,2025-05-14 15:00:00,111,8.16,42.32
200,-11.889292285961192,21.07242171401044,2025-05-14 18:00:00,114,8.14,46.08
200,-11.889292285961192,21.07242171401044,2025-05-14 21:00:00,117,5.14,35.92
201,-11.698545918399963,21.262959234483855,2025-05-10 00:00:00,0,4.84,24.64
201,-11.698545918399963,21.262959234483855,2025-05-10 03:00:00,3,6.76,27.71
201,-11.698545918399963,21.262959234483855,2025-05-10 06:00:00,6,5.85,28.79
201,-11.698545918399963,21.262959234483855,2025-05-10 09:00:00,9,7.26,41.23
201,-11.698545918399963,21.262959234483855,2025-05-10 12:00:00,12,6.12,40.44
201,-11.698545918399963,21.262959234483855,2025-05-10 15:00:00,15,5.88,40.0
201,-11.698545918399963,21.262959234483855,2025-05-10 18:00:00,18,7.91,46.49
201,-11.698545918399963,21.262959234483855,2025-05-10 21:00:00,21,6.15,37.66
201,-11.698545918399963,21.262959234483855,2025-05-11 00:00:00,24,6.15,42.75
201,-11.698545918399963,21.262959234483855,2025-05-11 03:00:00,27,3.26,30.28
201,-11.698545918399963,21.262959234483855,2025-05-11 06:00:00,30,4.42,32.3
201,-11.698545918399963,21.262959234483855,2025-05-11 09:00:00,33,1.58,22.27
201,-11.698545918399963,21.262959234483855,2025-05-11 12:00:00,36,0.8,18.06
201,-11.698545918399963,21.262959234483855,2025-05-11 15:00:00,39,2.48,16.27
201,-11.698545918399963,21.262959234483855,2025-05-11 18:00:00,42,4.79,16.7
201,-11.698545918399963,21.262959234483855,2025-05-11 21:00:00,45,4.4,21.25
201,-11.698545918399963,21.262959234483855,2025-05-12 00:00:00,48,4.24,24.28
201,-11.698545918399963,21.262959234483855,2025-05-12 03:00:00,51,6.67,29.88
201,-11.698545918399963,21.262959234483855,2025-05-12 06:00:00,54,8.64,33.41
201,-11.698545918399963,21.262959234483855,2025-05-12 09:00:00,57,8.97,41.18
201,-11.698545918399963,21.262959234483855,2025-05-12 12:00:00,60,8.49,43.03
201,-11.698545918399963,21.262959234483855,2025-05-12 15:00:00,63,8.97,45.67
201,-11.698545918399963,21.262959234483855,2025-05-12 18:00:00,66,7.75,48.42
201,-11.698545918399963,21.262959234483855,2025-05-12 21:00:00,69,7.92,45.26
201,-11.698545918399963,21.262959234483855,2025-05-13 00:00:00,72,6.0,41.08
201,-11.698545918399963,21.262959234483855,2025-05-13 03:00:00,75,2.72,25.77
201,-11.698545918399963,21.262959234483855,2025-05-13 06:00:00,78,4.6,28.1
201,-11.698545918399963,21.262959234483855,2025-05-13 09:00:00,81,1.66,20.41
201,-11.698545918399963,21.262959234483855,2025-05-13 12:00:00,84,0.1,12.2
201,-11.698545918399963,21.262959234483855,2025-05-13 15:00:00,87,0.63,13.71
201,-11.698545918399963,21.262959234483855,2025-05-13 18:00:00,90,2.29,18.32
201,-11.698545918399963,21.262959234483855,2025-05-13 21:00:00,93,3.73,20.79
201,-11.698545918399963,21.262959234483855,2025-05-14 00:00:00,96,4.72,24.96
201,-11.698545918399963,21.262959234483855,2025-05-14 03:00:00,99,5.01,26.06
201,-11.698545918399963,21.262959234483855,2025-05-14 06:00:00,102,8.3,33.85
201,-11.698545918399963,21.262959234483855,2025-05-14 09:00:00,105,6.35,35.99
201,-11.698545918399963,21.262959234483855,2025-05-14 12:00:00,108,9.21,42.67
201,-11.698545918399963,21.262959234483855,2025-05-14 15:00:00,111,6.44,38.71
201,-11.698545918399963,21.262959234483855,2025-05-14 18:00:00,114,6.42,45.52
201,-11.698545918399963,21.262959234483855,2025-05-14 21:00:00,117,5.15,39.92
202,-11.99586756441856,21.14467366361206,2025-05-10 00:00:00,0,4.02,19.89
202,-11.99586756441856,21.14467366361206,2025-05-10 03:00:00,3,5.69,26.12
202,-11.99586756441856,21.14467366361206,2025-05-10 06:00:00,6,7.21,34.43
202,-11.99586756441856,21.14467366361206,2025-05-10 09:00:00,9,5.78,38.8
202,-11.99586756441856,21.14467366361206,2025-05-10 12:00:00,12,8.88,44.53
202,-11.99586756441856,21.14467366361206,2025-05-10 15:00:00,15,8.83,48.9
202,-11.99586756441856,21.14467366361206,2025-05-10 18:00:00,18,8.6,46.25
202,-11.99586756441856,21.14467366361206,2025-05-10 21:00:00,21,5.46,40.51
202,-11.99586756441856,21.14467366361206,2025-05-11 00:00:00,24,6.89,38.93
202,-11.99586756441856,21.14467366361206,2025-05-11 03:00:00,27,5.83,38.34
202,-11.99586756441856,21.14467366361206,2025-05-11 06:00:00,30,1.83,25.99
202,-11.99586756441856,21.14467366361206,2025-05-11 09:00:00,33,2.9,23.44
202,-11.99586756441856,21.14467366361206,2025-05-11 12:00:00,36,0.28,15.96
202,-11.99586756441856,21.14467366361206,2025-05-11 15:00:00,39,0.97,15.87
202,-11.99586756441856,21.14467366361206,2025-05-11 18:00:00,42,1.78,17.01
202,-11.99586756441856,21.14467366361206,2025-05-11 21:00:00,45,2.52,12.12
202,-11.99586756441856,21.14467366361206,2025-05-12 00:00:00,48,5.24,24.82
202,-11.99586756441856,21.14467366361206,2025-05-12 03:00:00,51,4.79,22.8
202,-11.99586756441856,21.14467366361206,2025-05-12 06:00:00,54,8.46,36.32
202,-11.99586756441856,21.14467366361206,2025-05-12 09:00:00,57,8.06,36.14
202,-11.99586756441856,21.14467366361206,2025-05-12 12:00:00,60,7.49,42.68
202,-11.99586756441856,21.14467366361206,2025-05-12 15:00:00,63,6.76,41.54
202,-11.99586756441856,21.14467366361206,2025-05-12 18:00:00,66,8.06,48.98
202,-11.99586756441856,21.14467366361206,2025-05-12 21:00:00,69,8.14,43.32
202,-11.99586756441856,21.14467366361206,2025-05-13 00:00:00,72,4.94,34.3
202,-11.99586756441856,21.14467366361206,2025-05-13 03:00:00,75,4.51,32.05
202,-11.99586756441856,21.14467366361206,2025-05-13 06:00:00,78,2.05,24.35
202,-11.99586756441856,21.14467366361206,2025-05-13 09:00:00,81,1.22,18.31
202,-11.99586756441856,21.14467366361206,2025-05-13 12:00:00,84,1.73,14.61
202,-11.99586756441856,21.14467366361206,2025-05-13 15:00:00,87,2.85,16.53
202,-11.99586756441856,21.14467366361206,2025-05-13 18:00:00,90,0.92,9.95
202,-11.99586756441856,21.14467366361206,2025-05-13 21:00:00,93,2.61,12.74
202,-11.99586756441856,21.14467366361206,2025-05-14 00:00:00,96,6.62,25.92
202,-11.99586756441856,21.14467366361206,2025-05-14 03:00:00,99,4.78,28.5
202,-11.99586756441856,21.14467366361206,2025-05-14 06:00:00,102,8.35,40.65
202,-11.99586756441856,21.14467366361206,2025-05-14 09:00:00,105,8.97,42.97
202,-11.99586756441856,21.14467366361206,2025-05-14 12:00:00,108,8.38,47.41
202,-11.99586756441856,21.14467366361206,2025-05-14 15:00:00,111,8.82,43.08
202,-11.99586756441856,21.14467366361206,2025-05-14 18:00:00,114,7.18,44.15
202,-11.99586756441856,21.14467366361206,2025-05-14 21:00:00,117,7.07,45.97
203,-11.42325723243169,21.35168135963391,2025-05-10 00:00:00,0,3.17,21.94
203,-11.42325723243169,21.35168135963391,2025-05-10 03:00:00,3,6.43,27.05
203,-11.42325723243169,21.35168135963391,2025-05-10 06:00:00,6,8.72,40.55
203,-11.42325723243169,21.35168135963391,2025-05-10 09:00:00,9,8.13,41.88
203,-11.42325723243169,21.35168135963391,2025-05-10 12:00:00,12,6.34,39.52
203,-11.42325723243169,21.35168135963391,2025-05-10 15:00:00,15,8.25,46.23
203,-11.42325723243169,21.35168135963391,2025-05-10 18:00:00,18,6.88,41.73
203,-11.42325723243169,21.35168135963391,2025-05-10 21:00:00,21,7.47,45.67
203,-11.42325723243169,21.35168135963391,2025-05-11 00:00:00,24,6.84,38.12
203,-11.42325723243169,21.35168135963391,2025-05-11 03:00:00,27,2.14,24.32
203,-11.42325723243169,21.35168135963391,2025-05-11 06:00:00,30,3.95,27.42
203,-11.42325723243169,21.35168135963391,2025-05-11 09:00:00,33,1.92,22.7
203,-11.42325723243169,21.35168135963391,2025-05-11 12:00:00,36,3.05,20.81
203,-11.42325723243169,21.35168135963391,2025-05-11 15:00:00,39,0.7,15.49
203,-11.42325723243169,21.35168135963391,2025-05-11 18:00:00,42,1.23,10.45
203,-11.42325723243169,21.35168135963391,2025-05-11 21:00:00,45,3.59,20.03
203,-11.42325723243169,21.35168135963391,2025-05-12 00:00:00,48,3.43,17.62
203,-11.42325723243169,21.35168135963391,2025-05-12 03:00:00,51,8.05,30.72
203,-11.42325723243169,21.35168135963391,2025-05-12 06:00:00,54,7.31,37.22
203,-11.42325723243169,21.35168135963391,2025-05-12 09:00:00,57,8.66,39.05
203,-11.42325723243169,21.35168135963391,2025-05-12 12:00:00,60,7.68,42.06
203,-11.42325723243169,21.35168135963391,2025-05-12 15:00:00,63,7.29,42.45
203,-11.42325723243169,21.35168135963391,2025-05-12 18:00:00,66,7.36,41.39
203,-11.42325723243169,21.35168135963391,2025-05-12 21:00:00,69,6.04,37.89
203,-11.42325723243169,21.35168135963391,2025-05-13 00:00:00,72,4.67,40.26
203,-11.42325723243169,21.35168135963391,2025-05-13 03:00:00,75,2.68,31.55
203,-11.42325723243169,21.35168135963391,2025-05-13 06:00:00,78,3.45,23.77
203,-11.42325723243169,21.35168135963391,2025-05-13 09:00:00,81,3.71,24.75
203,-11.42325723243169,21.35168135963391,2025-05-13 12:00:00,84,0.76,13.27
203,-11.42325723243169,21.35168135963391,2025-05-13 15:00:00,87,3.34,21.05
203,-11.42325723243169,21.35168135963391,2025-05-13 18:00:00,90,1.33,12.1
203,-11.42325723243169,21.35168135963391,2025-05-13 21:00:00,93,5.12,17.67
203,-11.42325723243169,21.35168135963391,2025-05-14 00:00:00,96,3.17,21.09
203,-11.42325723243169,21.35168135963391,2025-05-14 03:00:00,99,6.04,25.46
203,-11.42325723243169,21.35168135963391,2025-05-14 06:00:00,102,9.04,36.33
203,-11.42325723243169,21.35168135963391,2025-05-14 09:00:00,105,9.77,42.27
203,-11.42325723243169,21.35168135963391,2025-05-14 12:00:00,108,8.13,45.5
203,-11.42325723243169,21.35168135963391,2025-05-14 15:00:00,111,9.24,50.13
203,-11.42325723243169,21.35168135963391,2025-05-14 18:00:00,114,6.03,44.31
203,-11.42325723243169,21.35168135963391,2025-05-14 21:00:00,117,4.9,36.48
204,-11.75792077402448,21.301756384151933,2025-05-10 00:00:00,0,3.85,21.56
204,-11.75792077402448,21.301756384151933,2025-05-10 03:00:00,3,5.3,28.33
204,-11.75792077402448,21.301756384151933,2025-05-10 06:00:00,6,8.07,35.32
204,-11.75792077402448,21.301756384151933,2025-05-10 09:00:00,9,5.93,33.06
204,-11.75792077402448,21.301756384151933,2025-05-10 12:00:00,12,7.0,39.34
204,-11.75792077402448,21.301756384151933,2025-05-10 15:00:00,15,7.94,48.78
204,-11.75792077402448,21.301756384151933,2025-05-10 18:00:00,18,5.19,42.68
204,-11.75792077402448,21.301756384151933,2025-05-10 21:00:00,21,7.27,39.94
204,-11.75792077402448,21.301756384151933,2025-05-11 00:00:00,24,4.91,37.91
204,-11.75792077402448,21.301756384151933,2025-05-11 03:00:00,27,5.24,38.28
204,-11.75792077402448,21.301756384151933,2025-05-11 06:00:00,30,4.38,28.86
204,-11.75792077402448,21.301756384151933,2025-05-11 09:00:00,33,1.81,18.78
204,-11.75792077402448,21.301756384151933,2025-05-11 12:00:00,36,2.7,16.36
204,-11.75792077402448,21.301756384151933,2025-05-11 15:00:00,39,1.56,11.92
204,-11.75792077402448,21.301756384151933,2025-05-11 18:00:00,42,4.15,20.86
204,-11.75792077402448,21.301756384151933,2025-05-11 21:00:00,45,2.72,17.55
204,-11.75792077402448,21.301756384151933,2025-05-12 00:00:00,48,3.62,20.23
204,-11.75792077402448,21.301756384151933,2025-05-12 03:00:00,51,8.07,34.75
204,-11.75792077402448,21.301756384151933,2025-05-12 06:00:00,54,5.97,28.9
204,-11.75792077402448,21.301756384151933,2025-05-12 09:00:00,57,6.4,40.11
204,-11.75792077402448,21.301756384151933,2025-05-12 12:00:00,60,6.9,44.81
204,-11.75792077402448,21.301756384151933,2025-05-12 15:00:00,63,8.54,45.08
204,-11.75792077402448,21.301756384151933,2025-05-12 18:00:00,66,5.26,42.32
204,-11.75792077402448,21.301756384151933,2025-05-12 21:00:00,69,6.37,38.13
204,-11.75792077402448,21.301756384151933,2025-05-13 00:00:00,72,4.75,38.83
204,-11.75792077402448,21.301756384151933,2025-05-13 03:00:00,75,4.22,32.38
204,-11.75792077402448,21.301756384151933,2025-05-13 06:00:00,78,2.89,24.56
204,-11.75792077402448,21.301756384151933,2025-05-13 09:00:00,81,0.43,16.98
204,-11.75792077402448,21.301756384151933,2025-05-13 12:00:00,84,2.32,17.97
204,-11.75792077402448,21.301756384151933,2025-05-13 15:00:00,87,3.55,21.73
204,-11.75792077402448,21.301756384151933,2025-05-13 18:00:00,90,3.61,17.05
204,-11.75792077402448,21.301756384151933,2025-05-13 21:00:00,93,3.39,19.85
204,-11.75792077402448,21.301756384151933,2025-05-14 00:00:00,96,4.14,17.64
204,-11.75792077402448,21.301756384151933,2025-05-14 03:00:00,99,7.17,33.8
204,-11.75792077402448,21.301756384151933,2025-05-14 06:00:00,102,8.87,36.07
204,-11.75792077402448,21.301756384151933,2025-05-14 09:00:00,105,6.67,37.92
204,-11.75792077402448,21.301756384151933,2025-05-14 12:00:00,108,8.23,43.6
204,-11.75792077402448,21.301756384151933,2025-05-14 15:00:00,111,7.38,42.72
204,-11.75792077402448,21.301756384151933,2025-05-14 18:00:00,114,8.82,44.56
204,-11.75792077402448,21.301756384151933,2025-05-14 21:00:00,117,6.5,45.3
205,-11.941432480754159,21.37342488395807,2025-05-10 00:00:00,0,3.92,22.63
205,-11.941432480754159,21.37342488395807,2025-05-10 03:00:00,3,5.61,27.33
205,-11.941432480754159,21.37342488395807,2025-05-10 06:00:00,6,8.25,35.58
205,-11.941432480754159,21.37342488395807,2025-05-10 09:00:00,9,7.28,42.07
205,-11.941432480754159,21.37342488395807,2025-05-10 12:00:00,12,8.74,41.27
205,-11.941432480754159,21.37342488395807,2025-05-10 15:00:00,15,6.02,43.69
205,-11.941432480754159,21.37342488395807,2025-05-10 18:00:00,18,5.33,38.19
205,-11.941432480754159,21.37342488395807,2025-05-10 21:00:00,21,7.0,40.93
205,-11.941432480754159,21.37342488395807,2025-05-11 00:00:00,24,4.84,39.2
205,-11.941432480754159,21.37342488395807,2025-05-11 03:00:00,27,5.29,37.6
205,-11.941432480754159,21.37342488395807,2025-05-11 06:00:00,30,1.13,22.12
205,-11.941432480754159,21.37342488395807,2025-05-11 09:00:00,33,3.97,23.17
205,-11.941432480754159,21.37342488395807,2025-05-11 12:00:00,36,2.66,15.34
205,-11.941432480754159,21.37342488395807,2025-05-11 15:00:00,39,3.7,19.89
205,-11.941432480754159,21.37342488395807,2025-05-11 18:00:00,42,2.07,13.94
205,-11.941432480754159,21.37342488395807,2025-05-11 21:00:00,45,5.36,21.28
205,-11.941432480754159,21.37342488395807,2025-05-12 00:00:00,48,5.31,26.74
205,-11.941432480754159,21.37342488395807,2025-05-12 03:00:00,51,5.73,30.02
205,-11.941432480754159,21.37342488395807,2025-05-12 06:00:00,54,8.22,38.73
205,-11.941432480754159,21.37342488395807,2025-05-12 09:00:00,57,8.62,44.09
205,-11.941432480754159,21.37342488395807,2025-05-12 12:00:00,60,9.09,45.49
205,-11.941432480754159,21.37342488395807,2025-05-12 15:00:00,63,9.6,48.0
205,-11.941432480754159,21.37342488395807,2025-05-12 18:00:00,66,7.4,43.74
205,-11.941432480754159,21.37342488395807,2025-05-12 21:00:00,69,7.8,44.18
205,-11.941432480754159,21.37342488395807,2025-05-13 00:00:00,72,4.6,38.2
205,-11.941432480754159,21.37342488395807,2025-05-13 03:00:00,75,2.91,25.65
205,-11.941432480754159,21.37342488395807,2025-05-13 06:00:00,78,3.43,25.43
205,-11.941432480754159,21.37342488395807,2025-05-13 09:00:00,81,2.94,21.3
205,-11.941432480754159,21.37342488395807,2025-05-13 12:00:00,84,0.65,11.16
205,-11.941432480754159,21.37342488395807,2025-05-13 15:00:00,87,1.82,17.65
205,-11.941432480754159,21.37342488395807,2025-05-13 18:00:00,90,1.28,13.9
205,-11.941432480754159,21.37342488395807,2025-05-13 21:00:00,93,2.76,19.75
205,-11.941432480754159,21.37342488395807,2025-05-14 00:00:00,96,5.72,23.03
205,-11.941432480754159,21.37342488395807,2025-05-14 03:00:00,99,6.01,28.96
205,-11.941432480754159,21.37342488395807,2025-05-14 06:00:00,102,6.62,36.73
205,-11.941432480754159,21.37342488395807,2025-05-14 09:00:00,105,6.56,33.98
205,-11.941432480754159,21.37342488395807,2025-05-14 12:00:00,108,7.41,41.94
205,-11.941432480754159,21.37342488395807,2025-05-14 15:00:00,111,8.71,44.82
205,-11.941432480754159,21.37342488395807,2025-05-14 18:00:00,114,6.81,45.94
205,-11.941432480754159,21.37342488395807,2025-05-14 21:00:00,117,7.07,44.6
206,-11.651467851881243,21.49009994586976,2025-05-10 00:00:00,0,5.51,20.15
206,-11.651467851881243,21.49009994586976,2025-05-10 03:00:00,3,5.35,28.4
206,-11.651467851881243,21.49009994586976,2025-05-10 06:00:00,6,6.29,32.75
206,-11.651467851881243,21.49009994586976,2025-05-10 09:00:00,9,9.32,43.16
206,-11.651467851881243,21.49009994586976,2025-05-10 12:00:00,12,6.3,36.03
206,-11.651467851881243,21.49009994586976,2025-05-10 15:00:00,15,8.09,42.59
206,-11.651467851881243,21.49009994586976,2025-05-10 18:00:00,18,8.1,42.61
206,-11.651467851881243,21.49009994586976,2025-05-10 21:00:00,21,5.23,40.79
206,-11.651467851881243,21.49009994586976,2025-05-11 00:00:00,24,3.13,31.48
206,-11.651467851881243,21.49009994586976,2025-05-11 03:00:00,27,1.92,25.64
206,-11.651467851881243,21.49009994586976,2025-05-11 06:00:00,30,3.86,23.96
206,-11.651467851881243,21.49009994586976,2025-05-11 09:00:00,33,3.33,21.87
206,-11.651467851881243,21.49009994586976,2025-05-11 12:00:00,36,0.6,13.99
206,-11.651467851881243,21.49009994586976,2025-05-11 15:00:00,39,1.39,11.38
206,-11.651467851881243,21.49009994586976,2025-05-11 18:00:00,42,4.26,20.38
206,-11.651467851881243,21.49009994586976,2025-05-11 21:00:00,45,4.57,22.08
206,-11.651467851881243,21.49009994586976,2025-05-12 00:00:00,48,5.6,26.88
206,-11.651467851881243,21.49009994586976,2025-05-12 03:00:00,51,5.49,27.88
206,-11.651467851881243,21.49009994586976,2025-05-12 06:00:00,54,8.81,39.32
206,-11.651467851881243,21.49009994586976,2025-05-12 09:00:00,57,5.93,31.76
206,-11.651467851881243,21.49009994586976,2025-05-12 12:00:00,60,8.77,48.54
206,-11.651467851881243,21.49009994586976,2025-05-12 15:00:00,63,6.39,40.68
206,-11.651467851881243,21.49009994586976,2025-05-12 18:00:00,66,8.58,46.91
206,-11.651467851881243,21.49009994586976,2025-05-12 21:00:00,69,8.03,48.63
206,-11.651467851881243,21.49009994586976,2025-05-13 00:00:00,72,6.0,35.81
206,-11.651467851881243,21.49009994586976,2025-05-13 03:00:00,75,2.78,25.64
206,-11.651467851881243,21.49009994586976,2025-05-13 06:00:00,78,1.53,25.11
206,-11.651467851881243,21.49009994586976,2025-05-13 09:00:00,81,2.63,22.95
206,-11.651467851881243,21.49009994586976,2025-05-13 12:00:00,84,0.69,14.82
206,-11.651467851881243,21.49009994586976,2025-05-13 15:00:00,87,2.33,12.96
206,-11.651467851881243,21.49009994586976,2025-05-13 18:00:00,90,3.29,12.76
206,-11.651467851881243,21.49009994586976,2025-05-13 21:00:00,93,3.34,14.26
206,-11.651467851881243,21.49009994586976,2025-05-14 00:00:00,96,3.48,17.99
206,-11.651467851881243,21.49009994586976,2025-05-14 03:00:00,99,5.66,28.13
206,-11.651467851881243,21.49009994586976,2025-05-14 06:00:00,102,6.98,34.97
206,-11.651467851881243,21.49009994586976,2025-05-14 09:00:00,105,6.64,36.94
206,-11.651467851881243,21.49009994586976,2025-05-14 12:00:00,108,7.31,44.29
206,-11.651467851881243,21.49009994586976,2025-05-14 15:00:00,111,7.82,44.8
206,-11.651467851881243,21.49009994586976,2025-05-14 18:00:00,114,5.32,40.11
206,-11.651467851881243,21.49009994586976,2025-05-14 21:00:00,117,5.35,37.67
207,-11.838080801901073,21.194991827740477,2025-05-10 00:00:00,0,3.43,22.87
207,-11.838080801901073,21.194991827740477,2025-05-10 03:00:00,3,7.1,33.78
207,-11.838080801901073,21.194991827740477,2025-05-10 06:00:00,6,8.7,38.69
207,-11.838080801901073,21.194991827740477,2025-05-10 09:00:00,9,9.73,44.39
207,-11.838080801901073,21.194991827740477,2025-05-10 12:00:00,12,7.71,40.76
207,-11.838080801901073,21.194991827740477,2025-05-10 15:00:00,15,6.3,40.41
207,-11.838080801901073,21.194991827740477,2025-05-10 18:00:00,18,6.63,42.97
207,-11.838080801901073,21.194991827740477,2025-05-10 21:00:00,21,6.01,41.71
207,-11.838080801901073,21.194991827740477,2025-05-11 00:00:00,24,6.1,38.03
207,-11.838080801901073,21.194991827740477,2025-05-11 03:00:00,27,2.03,26.78
207,-11.838080801901073,21.194991827740477,2025-05-11 06:00:00,30,2.69,26.65
207,-11.838080801901073,21.194991827740477,2025-05-11 09:00:00,33,4.2,22.84
207,-11.838080801901073,21.194991827740477,2025-05-11 12:00:00,36,0.97,11.02
207,-11.838080801901073,21.194991827740477,2025-05-11 15:00:00,39,1.62,14.73
207,-11.838080801901073,21.194991827740477,2025-05-11 18:00:00,42,1.41,15.86
207,-11.838080801901073,21.194991827740477,2025-05-11 21:00:00,45,2.63,13.9
207,-11.838080801901073,21.194991827740477,2025-05-12 00:00:00,48,6.7,23.89
207,-11.838080801901073,21.194991827740477,2025-05-12 03:00:00,51,7.2,31.09
207,-11.838080801901073,21.194991827740477,2025-05-12 06:00:00,54,5.77,28.04
207,-11.838080801901073,21.194991827740477,2025-05-12 09:00:00,57,7.39,39.6
207,-11.838080801901073,21.194991827740477,2025-05-12 12:00:00,60,6.12,41.94
207,-11.838080801901073,21.194991827740477,2025-05-12 15:00:00,63,8.43,47.3
207,-11.838080801901073,21.194991827740477,2025-05-12 18:00:00,66,5.98,42.75
207,-11.838080801901073,21.194991827740477,2025-05-12 21:00:00,69,6.95,43.08
207,-11.838080801901073,21.194991827740477,2025-05-13 00:00:00,72,3.92,34.04
207,-11.838080801901073,21.194991827740477,2025-05-13 03:00:00,75,2.77,32.72
207,-11.838080801901073,21.194991827740477,2025-05-13 06:00:00,78,4.66,30.64
207,-11.838080801901073,21.194991827740477,2025-05-13 09:00:00,81,3.67,20.88
207,-11.838080801901073,21.194991827740477,2025-05-13 12:00:00,84,1.41,18.42
207,-11.838080801901073,21.194991827740477,2025-05-13 15:00:00,87,2.53,16.08
207,-11.838080801901073,21.194991827740477,2025-05-13 18:00:00,90,1.34,11.04
207,-11.838080801901073,21.194991827740477,2025-05-13 21:00:00,93,5.22,19.06
207,-11.838080801901073,21.194991827740477,2025-05-14 00:00:00,96,6.6,24.63
207,-11.838080801901073,21.194991827740477,2025-05-14 03:00:00,99,7.43,29.02
207,-11.838080801901073,21.194991827740477,2025-05-14 06:00:00,102,7.67,35.84
207,-11.838080801901073,21.194991827740477,2025-05-14 09:00:00,105,7.92,39.78
207,-11.838080801901073,21.194991827740477,2025-05-14 12:00:00,108,7.86,43.67
207,-11.838080801901073,21.194991827740477,2025-05-14 15:00:00,111,9.02,45.45
207,-11.838080801901073,21.194991827740477,2025-05-14 18:00:00,114,6.76,42.86
207,-11.838080801901073,21.194991827740477,2025-05-14 21:00:00,117,5.87,39.78
208,-11.321654040405868,21.16248305359762,2025-05-10 00:00:00,0,5.08,24.32
208,-11.321654040405868,21.16248305359762,2025-05-10 03:00:00,3,5.52,24.68
208,-11.321654040405868,21.16248305359762,2025-05-10 06:00:00,6,7.79,39.11
208,-11.321654040405868,21.16248305359762,2025-05-10 09:00:00,9,6.48,35.79
208,-11.321654040405868,21.16248305359762,2025-05-10 12:00:00,12,9.88,48.89
208,-11.321654040405868,21.16248305359762,2025-05-10 15:00:00,15,8.17,43.48
208,-11.321654040405868,21.16248305359762,2025-05-10 18:00:00,18,7.27,41.33
208,-11.321654040405868,21.16248305359762,2025-05-10 21:00:00,21,5.74,37.56
208,-11.321654040405868,21.16248305359762,2025-05-11 00:00:00,24,6.78,39.44
208,-11.321654040405868,21.16248305359762,2025-05-11 03:00:00,27,3.62,33.17
208,-11.321654040405868,21.16248305359762,2025-05-11 06:00:00,30,4.05,31.25
208,-11.321654040405868,21.16248305359762,2025-05-11 09:00:00,33,0.7,17.11
208,-11.321654040405868,21.16248305359762,2025-05-11 12:00:00,36,1.06,18.42
208,-11.321654040405868,21.16248305359762,2025-05-11 15:00:00,39,3.82,16.04
208,-11.321654040405868,21.16248305359762,2025-05-11 18:00:00,42,3.59,14.95
208,-11.321654040405868,21.16248305359762,2025-05-11 21:00:00,45,4.94,23.03
208,-11.321654040405868,21.16248305359762,2025-05-12 00:00:00,48,4.68,23.17
208,-11.321654040405868,21.16248305359762,2025-05-12 03:00:00,51,5.94,28.75
208,-11.321654040405868,21.16248305359762,2025-05-12 06:00:00,54,6.88,37.72
208,-11.321654040405868,21.16248305359762,2025-05-12 09:00:00,57,6.72,36.18
208,-11.321654040405868,21.16248305359762,2025-05-12 12:00:00,60,8.66,46.89
208,-11.321654040405868,21.16248305359762,2025-05-12 15:00:00,63,8.62,43.28
208,-11.321654040405868,21.16248305359762,2025-05-12 18:00:00,66,8.58,45.83
208,-11.321654040405868,21.16248305359762,2025-05-12 21:00:00,69,5.75,40.1
208,-11.321654040405868,21.16248305359762,2025-05-13 00:00:00,72,5.77,42.21
208,-11.321654040405868,21.16248305359762,2025-05-13 03:00:00,75,2.77,29.46
208,-11.321654040405868,21.16248305359762,2025-05-13 06:00:00,78,2.89,29.69
208,-11.321654040405868,21.16248305359762,2025-05-13 09:00:00,81,1.35,22.66
208,-11.321654040405868,21.16248305359762,2025-05-13 12:00:00,84,2.68,15.99
208,-11.321654040405868,21.16248305359762,2025-05-13 15:00:00,87,3.91,20.44
208,-11.321654040405868,21.16248305359762,2025-05-13 18:00:00,90,4.03,17.57
208,-11.321654040405868,21.16248305359762,2025-05-13 21:00:00,93,5.15,18.26
208,-11.321654040405868,21.16248305359762,2025-05-14 00:00:00,96,5.02,22.72
208,-11.321654040405868,21.16248305359762,2025-05-14 03:00:00,99,6.32,27.21
208,-11.321654040405868,21.16248305359762,2025-05-14 06:00:00,102,8.99,38.73
208,-11.321654040405868,21.16248305359762,2025-05-14 09:00:00,105,8.47,38.21
208,-11.321654040405868,21.16248305359762,2025-05-14 12:00:00,108,6.36,42.15
208,-11.321654040405868,21.16248305359762,2025-05-14 15:00:00,111,6.22,44.83
208,-11.321654040405868,21.16248305359762,2025-05-14 18:00:00,114,6.73,44.33
208,-11.321654040405868,21.16248305359762,2025-05-14 21:00:00,117,5.6,40.17
209,-11.443072673824885,21.596870132955356,2025-05-10 00:00:00,0,3.22,18.58
209,-11.443072673824885,21.596870132955356,2025-05-10 03:00:00,3,4.57,21.83
209,-11.443072673824885,21.596870132955356,2025-05-10 06:00:00,6,5.6,30.76
209,-11.443072673824885,21.596870132955356,2025-05-10 09:00:00,9,5.85,32.64
209,-11.443072673824885,21.596870132955356,2025-05-10 12:00:00,12,7.42,44.47
209,-11.443072673824885,21.596870132955356,2025-05-10 15:00:00,15,7.22,45.76
209,-11.443072673824885,21.596870132955356,2025-05-10 18:00:00,18,8.52,44.2
209,-11.443072673824885,21.596870132955356,2025-05-10 21:00:00,21,7.73,41.27
209,-11.443072673824885,21.596870132955356,2025-05-11 00:00:00,24,3.45,31.67
209,-11.443072673824885,21.596870132955356,2025-05-11 03:00:00,27,2.83,28.95
209,-11.443072673824885,21.596870132955356,2025-05-11 06:00:00,30,4.07,30.08
209,-11.443072673824885,21.596870132955356,2025-05-11 09:00:00,33,3.0,20.06
209,-11.443072673824885,21.596870132955356,2025-05-11 12:00:00,36,2.58,17.41
209,-11.443072673824885,21.596870132955356,2025-05-11 15:00:00,39,0.63,13.38
209,-11.443072673824885,21.596870132955356,2025-05-11 18:00:00,42,1.63,15.61
209,-11.443072673824885,21.596870132955356,2025-05-11 21:00:00,45,5.15,18.51
209,-11.443072673824885,21.596870132955356,2025-05-12 00:00:00,48,4.33,21.81
209,-11.443072673824885,21.596870132955356,2025-05-12 03:00:00,51,7.8,29.16
209,-11.443072673824885,21.596870132955356,2025-05-12 06:00:00,54,7.71,37.45
209,-11.443072673824885,21.596870132955356,2025-05-12 09:00:00,57,5.83,32.91
209,-11.443072673824885,21.596870132955356,2025-05-12 12:00:00,60,7.79,40.4
209,-11.443072673824885,21.596870132955356,2025-05-12 15:00:00,63,5.98,40.31
209,-11.443072673824885,21.596870132955356,2025-05-12 18:00:00,66,6.13,42.67
209,-11.443072673824885,21.596870132955356,2025-05-12 21:00:00,69,4.59,40.59
209,-11.443072673824885,21.596870132955356,2025-05-13 00:00:00,72,4.23,34.88
209,-11.443072673824885,21.596870132955356,2025-05-13 03:00:00,75,2.4,29.31
209,-11.443072673824885,21.596870132955356,2025-05-13 06:00:00,78,4.51,28.44
209,-11.443072673824885,21.596870132955356,2025-05-13 09:00:00,81,1.86,20.59
209,-11.443072673824885,21.596870132955356,2025-05-13 12:00:00,84,3.21,22.96
209,-11.443072673824885,21.596870132955356,2025-05-13 15:00:00,87,3.48,18.23
209,-11.443072673824885,21.596870132955356,2025-05-13 18:00:00,90,4.03,14.24
209,-11.443072673824885,21.596870132955356,2025-05-13 21:00:00,93,2.25,13.61
209,-11.443072673824885,21.596870132955356,2025-05-14 00:00:00,96,6.08,25.25
209,-11.443072673824885,21.596870132955356,2025-05-14 03:00:00,99,7.41,34.19
209,-11.443072673824885,21.596870132955356,2025-05-14 06:00:00,102,5.35,28.03
209,-11.443072673824885,21.596870132955356,2025-05-14 09:00:00,105,5.97,38.28
209,-11.443072673824885,21.596870132955356,2025-05-14 12:00:00,108,8.47,43.17
209,-11.443072673824885,21.596870132955356,2025-05-14 15:00:00,111,9.29,46.86
209,-11.443072673824885,21.596870132955356,2025-05-14 18:00:00,114,8.0,45.5
209,-11.443072673824885,21.596870132955356,2025-05-14 21:00:00,117,7.91,41.62
210,-11.352524280331448,21.071460691478872,2025-05-10 00:00:00,0,4.3,22.81
210,-11.352524280331448,21.071460691478872,2025-05-10 03:00:00,3,7.64,29.78
210,-11.352524280331448,21.071460691478872,2025-05-10 06:00:00,6,6.3,34.85
210,-11.352524280331448,21.071460691478872,2025-05-10 09:00:00,9,6.49,39.88
210,-11.352524280331448,21.071460691478872,2025-05-10 12:00:00,12,8.3,43.59
210,-11.352524280331448,21.071460691478872,2025-05-10 15:00:00,15,9.63,47.62
210,-11.352524280331448,21.071460691478872,2025-05-10 18:00:00,18,7.84,43.56
210,-11.352524280331448,21.071460691478872,2025-05-10 21:00:00,21,4.18,34.47
210,-11.352524280331448,21.071460691478872,2025-05-11 00:00:00,24,6.83,42.71
210,-11.352524280331448,21.071460691478872,2025-05-11 03:00:00,27,3.75,28.12
210,-11.352524280331448,21.071460691478872,2025-05-11 06:00:00,30,3.19,25.32
210,-11.352524280331448,21.071460691478872,2025-05-11 09:00:00,33,3.77,24.7
210,-11.352524280331448,21.071460691478872,2025-05-11 12:00:00,36,3.34,16.2
210,-11.352524280331448,21.071460691478872,2025-05-11 15:00:00,39,1.99,11.77
210,-11.352524280331448,21.071460691478872,2025-05-11 18:00:00,42,4.46,15.26
210,-11.352524280331448,21.071460691478872,2025-05-11 21:00:00,45,3.18,16.24
210,-11.352524280331448,21.071460691478872,2025-05-12 00:00:00,48,6.62,28.76
210,-11.352524280331448,21.071460691478872,2025-05-12 03:00:00,51,7.83,28.95
210,-11.352524280331448,21.071460691478872,2025-05-12 06:00:00,54,7.99,38.56
210,-11.352524280331448,21.071460691478872,2025-05-12 09:00:00,57,6.69,33.52
210,-11.352524280331448,21.071460691478872,2025-05-12 12:00:00,60,9.09,43.18
210,-11.352524280331448,21.071460691478872,2025-05-12 15:00:00,63,6.01,43.7
210,-11.352524280331448,21.071460691478872,2025-05-12 18:00:00,66,8.07,44.35
210,-11.352524280331448,21.071460691478872,2025-05-12 21:00:00,69,7.5,47.03
210,-11.352524280331448,21.071460691478872,2025-05-13 00:00:00,72,4.89,34.69
210,-11.352524280331448,21.071460691478872,2025-05-13 03:00:00,75,4.27,28.47
210,-11.352524280331448,21.071460691478872,2025-05-13 06:00:00,78,1.02,25.28
210,-11.352524280331448,21.071460691478872,2025-05-13 09:00:00,81,2.7,21.35
210,-11.352524280331448,21.071460691478872,2025-05-13 12:00:00,84,0.32,17.1
210,-11.352524280331448,21.071460691478872,2025-05-13 15:00:00,87,1.72,13.91
210,-11.352524280331448,21.071460691478872,2025-05-13 18:00:00,90,3.97,21.6
210,-11.352524280331448,21.071460691478872,2025-05-13 21:00:00,93,5.22,17.22
210,-11.352524280331448,21.071460691478872,2025-05-14 00:00:00,96,5.06,24.96
210,-11.352524280331448,21.071460691478872,2025-05-14 03:00:00,99,7.59,28.53
210,-11.352524280331448,21.071460691478872,2025-05-14 06:00:00,102,6.29,31.99
210,-11.352524280331448,21.071460691478872,2025-05-14 09:00:00,105,9.31,41.28
210,-11.352524280331448,21.071460691478872,2025-05-14 12:00:00,108,6.37,41.18
210,-11.352524280331448,21.071460691478872,2025-05-14 15:00:00,111,6.1,40.22
210,-11.352524280331448,21.071460691478872,2025-05-14 18:00:00,114,8.48,44.11
210,-11.352524280331448,21.071460691478872,2025-05-14 21:00:00,117,8.02,43.15
211,-11.683424883517846,21.2739666926391,2025-05-10 00:00:00,0,6.28,24.81
211,-11.683424883517846,21.2739666926391,2025-05-10 03:00:00,3,5.57,24.41
211,-11.683424883517846,21.2739666926391,2025-05-10 06:00:00,6,5.31,29.02
211,-11.683424883517846,21.2739666926391,2025-05-10 09:00:00,9,6.2,37.66
211,-11.683424883517846,21.2739666926391,2025-05-10 12:00:00,12,7.35,40.35
211,-11.683424883517846,21.2739666926391,2025-05-10 15:00:00,15,9.33,51.43
211,-11.683424883517846,21.2739666926391,2025-05-10 18:00:00,18,5.7,40.48
211,-11.683424883517846,21.2739666926391,2025-05-10 21:00:00,21,4.56,38.47
211,-11.683424883517846,21.2739666926391,2025-05-11 00:00:00,24,3.68,37.04
211,-11.683424883517846,21.2739666926391,2025-05-11 03:00:00,27,3.98,33.21
211,-11.683424883517846,21.2739666926391,2025-05-11 06:00:00,30,3.61,23.27
211,-11.683424883517846,21.2739666926391,2025-05-11 09:00:00,33,2.12,21.63
211,-11.683424883517846,21.2739666926391,2025-05-11 12:00:00,36,1.55,14.98
211,-11.683424883517846,21.2739666926391,2025-05-11 15:00:00,39,1.97,16.96
211,-11.683424883517846,21.2739666926391,2025-05-11 18:00:00,42,4.2,17.64
211,-11.683424883517846,21.2739666926391,2025-05-11 21:00:00,45,2.82,14.17
211,-11.683424883517846,21.2739666926391,2025-05-12 00:00:00,48,5.6,27.19
211,-11.683424883517846,21.2739666926391,2025-05-12 03:00:00,51,5.9,24.82
211,-11.683424883517846,21.2739666926391,2025-05-12 06:00:00,54,6.67,32.0
211,-11.683424883517846,21.2739666926391,2025-05-12 09:00:00,57,8.81,39.04
211,-11.683424883517846,21.2739666926391,2025-05-12 12:00:00,60,6.38,38.08
211,-11.683424883517846,21.2739666926391,2025-05-12 15:00:00,63,7.18,43.34
211,-11.683424883517846,21.2739666926391,2025-05-12 18:00:00,66,8.37,47.51
211,-11.683424883517846,21.2739666926391,2025-05-12 21:00:00,69,6.18,42.5
211,-11.683424883517846,21.2739666926391,2025-05-13 00:00:00,72,5.36,40.99
211,-11.683424883517846,21.2739666926391,2025-05-13 03:00:00,75,2.84,27.19
211,-11.683424883517846,21.2739666926391,2025-05-13 06:00:00,78,2.28,27.64
211,-11.683424883517846,21.2739666926391,2025-05-13 09:00:00,81,1.53,19.17
211,-11.683424883517846,21.2739666926391,2025-05-13 12:00:00,84,1.41,11.79
211,-11.683424883517846,21.2739666926391,2025-05-13 15:00:00,87,2.56,15.7
211,-11.683424883517846,21.2739666926391,2025-05-13 18:00:00,90,2.05,12.83
211,-11.683424883517846,21.2739666926391,2025-05-13 21:00:00,93,2.7,12.74
211,-11.683424883517846,21.2739666926391,2025-05-14 00:00:00,96,4.87,24.99
211,-11.683424883517846,21.2739666926391,2025-05-14 03:00:00,99,5.78,29.33
211,-11.683424883517846,21.2739666926391,2025-05-14 06:00:00,102,7.95,36.52
211,-11.683424883517846,21.2739666926391,2025-05-14 09:00:00,105,5.95,39.18
211,-11.683424883517846,21.2739666926391,2025-05-14 12:00:00,108,8.76,42.55
211,-11.683424883517846,21.2739666926391,2025-05-14 15:00:00,111,6.53,41.02
211,-11.683424883517846,21.2739666926391,2025-05-14 18:00:00,114,7.32,46.59
211,-11.683424883517846,21.2739666926391,2025-05-14 21:00:00,117,5.95,44.92
212,-11.669747452874718,21.422586551102743,2025-05-10 00:00:00,0,4.15,20.23
212,-11.669747452874718,21.422586551102743,2025-05-10 03:00:00,3,6.19,29.03
212,-11.669747452874718,21.422586551102743,2025-05-10 06:00:00,6,6.77,29.94
212,-11.669747452874718,21.422586551102743,2025-05-10 09:00:00,9,7.02,38.61
212,-11.669747452874718,21.422586551102743,2025-05-10 12:00:00,12,7.26,40.96
212,-11.669747452874718,21.422586551102743,2025-05-10 15:00:00,15,7.7,46.73
212,-11.669747452874718,21.422586551102743,2025-05-10 18:00:00,18,5.52,41.89
212,-11.669747452874718,21.422586551102743,2025-05-10 21:00:00,21,7.1,42.72
212,-11.669747452874718,21.422586551102743,2025-05-11 00:00:00,24,6.71,38.95
212,-11.669747452874718,21.422586551102743,2025-05-11 03:00:00,27,3.11,32.66
212,-11.669747452874718,21.422586551102743,2025-05-11 06:00:00,30,2.43,22.75
212,-11.669747452874718,21.422586551102743,2025-05-11 09:00:00,33,3.67,26.71
212,-11.669747452874718,21.422586551102743,2025-05-11 12:00:00,36,0.86,14.41
212,-11.669747452874718,21.422586551102743,2025-05-11 15:00:00,39,1.93,17.38
212,-11.669747452874718,21.422586551102743,2025-05-11 18:00:00,42,4.7,15.98
212,-11.669747452874718,21.422586551102743,2025-05-11 21:00:00,45,3.79,16.35
212,-11.669747452874718,21.422586551102743,2025-05-12 00:00:00,48,6.44,26.74
212,-11.669747452874718,21.422586551102743,2025-05-12 03:00:00,51,4.6,23.54
212,-11.669747452874718,21.422586551102743,2025-05-12 06:00:00,54,8.04,38.66
212,-11.669747452874718,21.422586551102743,2025-05-12 09:00:00,57,7.04,37.73
212,-11.669747452874718,21.422586551102743,2025-05-12 12:00:00,60,6.16,41.31
212,-11.669747452874718,21.422586551102743,2025-05-12 15:00:00,63,8.41,45.34
212,-11.669747452874718,21.422586551102743,2025-05-12 18:00:00,66,6.76,47.4
212,-11.669747452874718,21.422586551102743,2025-05-12 21:00:00,69,6.78,40.37
212,-11.669747452874718,21.422586551102743,2025-05-13 00:00:00,72,3.65,35.85
212,-11.669747452874718,21.422586551102743,2025-05-13 03:00:00,75,1.9,27.91
212,-11.669747452874718,21.422586551102743,2025-05-13 06:00:00,78,1.9,20.79
212,-11.669747452874718,21.422586551102743,2025-05-13 09:00:00,81,2.37,20.12
212,-11.669747452874718,21.422586551102743,2025-05-13 12:00:00,84,2.77,19.03
212,-11.669747452874718,21.422586551102743,2025-05-13 15:00:00,87,1.83,11.32
212,-11.669747452874718,21.422586551102743,2025-05-13 18:00:00,90,4.24,16.18
212,-11.669747452874718,21.422586551102743,2025-05-13 21:00:00,93,5.78,20.91
212,-11.669747452874718,21.422586551102743,2025-05-14 00:00:00,96,4.44,24.31
212,-11.669747452874718,21.422586551102743,2025-05-14 03:00:00,99,6.31,28.55
212,-11.669747452874718,21.422586551102743,2025-05-14 06:00:00,102,5.15,26.46
212,-11.669747452874718,21.422586551102743,2025-05-14 09:00:00,105,7.85,43.51
212,-11.669747452874718,21.422586551102743,2025-05-14 12:00:00,108,9.82,49.86
212,-11.669747452874718,21.422586551102743,2025-05-14 15:00:00,111,8.99,46.79
212,-11.669747452874718,21.422586551102743,2025-05-14 18:00:00,114,5.14,36.91
212,-11.669747452874718,21.422586551102743,2025-05-14 21:00:00,117,4.91,40.56
213,-11.922514093839697,21.585400693075986,2025-05-10 00:00:00,0,6.95,24.15
213,-11.922514093839697,21.585400693075986,2025-05-10 03:00:00,3,5.48,31.03
213,-11.922514093839697,21.585400693075986,2025-05-10 06:00:00,6,5.52,32.41
213,-11.922514093839697,21.585400693075986,2025-05-10 09:00:00,9,9.11,39.01
213,-11.922514093839697,21.585400693075986,2025-05-10 12:00:00,12,7.32,39.81
213,-11.922514093839697,21.585400693075986,2025-05-10 15:00:00,15,6.37,44.64
213,-11.922514093839697,21.585400693075986,2025-05-10 18:00:00,18,7.12,42.05
213,-11.922514093839697,21.585400693075986,2025-05-10 21:00:00,21,6.97,41.31
213,-11.922514093839697,21.585400693075986,2025-05-11 00:00:00,24,6.42,38.58
213,-11.922514093839697,21.585400693075986,2025-05-11 03:00:00,27,5.8,34.88
213,-11.922514093839697,21.585400693075986,2025-05-11 06:00:00,30,1.95,19.95
213,-11.922514093839697,21.585400693075986,2025-05-11 09:00:00,33,0.77,20.6
213,-11.922514093839697,21.585400693075986,2025-05-11 12:00:00,36,1.78,16.55
213,-11.922514093839697,21.585400693075986,2025-05-11 15:00:00,39,0.61,11.45
213,-11.922514093839697,21.585400693075986,2025-05-11 18:00:00,42,3.27,16.02
213,-11.922514093839697,21.585400693075986,2025-05-11 21:00:00,45,2.25,16.45
213,-11.922514093839697,21.585400693075986,2025-05-12 00:00:00,48,3.36,18.93
213,-11.922514093839697,21.585400693075986,2025-05-12 03:00:00,51,7.38,32.34
213,-11.922514093839697,21.585400693075986,2025-05-12 06:00:00,54,8.86,37.51
213,-11.922514093839697,21.585400693075986,2025-05-12 09:00:00,57,7.68,35.52
213,-11.922514093839697,21.585400693075986,2025-05-12 12:00:00,60,7.88,41.24
213,-11.922514093839697,21.585400693075986,2025-05-12 15:00:00,63,8.07,46.01
213,-11.922514093839697,21.585400693075986,2025-05-12 18:00:00,66,5.67,44.1
213,-11.922514093839697,21.585400693075986,2025-05-12 21:00:00,69,7.43,46.29
213,-11.922514093839697,21.585400693075986,2025-05-13 00:00:00,72,3.21,34.38
213,-11.922514093839697,21.585400693075986,2025-05-13 03:00:00,75,4.69,29.35
213,-11.922514093839697,21.585400693075986,2025-05-13 06:00:00,78,1.24,19.67
213,-11.922514093839697,21.585400693075986,2025-05-13 09:00:00,81,1.63,22.72
213,-11.922514093839697,21.585400693075986,2025-05-13 12:00:00,84,1.65,13.71
213,-11.922514093839697,21.585400693075986,2025-05-13 15:00:00,87,1.97,15.6
213,-11.922514093839697,21.585400693075986,2025-05-13 18:00:00,90,4.87,21.94
213,-11.922514093839697,21.585400693075986,2025-05-13 21:00:00,93,4.31,17.76
213,-11.922514093839697,21.585400693075986,2025-05-14 00:00:00,96,3.69,17.97
213,-11.922514093839697,21.585400693075986,2025-05-14 03:00:00,99,8.13,30.4
213,-11.922514093839697,21.585400693075986,2025-05-14 06:00:00,102,7.23,32.33
213,-11.922514093839697,21.585400693075986,2025-05-14 09:00:00,105,7.78,37.08
213,-11.922514093839697,21.585400693075986,2025-05-14 12:00:00,108,9.41,49.44
213,-11.922514093839697,21.585400693075986,2025-05-14 15:00:00,111,9.54,49.07
213,-11.922514093839697,21.585400693075986,2025-05-14 18:00:00,114,6.86,45.23
213,-11.922514093839697,21.585400693075986,2025-05-14 21:00:00,117,5.38,39.43
214,-11.843804531333156,21.047455420052998,2025-05-10 00:00:00,0,3.09,17.18
214,-11.843804531333156,21.047455420052998,2025-05-10 03:00:00,3,7.96,31.82
214,-11.843804531333156,21.047455420052998,2025-05-10 06:00:00,6,7.36,38.65
214,-11.843804531333156,21.047455420052998,2025-05-10 09:00:00,9,8.56,38.1
214,-11.843804531333156,21.047455420052998,2025-05-10 12:00:00,12,7.15,39.96
214,-11.843804531333156,21.047455420052998,2025-05-10 15:00:00,15,7.79,44.93
214,-11.843804531333156,21.047455420052998,2025-05-10 18:00:00,18,6.34,41.1
214,-11.843804531333156,21.047455420052998,2025-05-10 21:00:00,21,7.43,47.61
214,-11.843804531333156,21.047455420052998,2025-05-11 00:00:00,24,3.86,37.16
214,-11.843804531333156,21.047455420052998,2025-05-11 03:00:00,27,4.66,34.09
214,-11.843804531333156,21.047455420052998,2025-05-11 06:00:00,30,4.78,32.62
214,-11.843804531333156,21.047455420052998,2025-05-11 09:00:00,33,1.56,22.43
214,-11.843804531333156,21.047455420052998,2025-05-11 12:00:00,36,3.57,17.01
214,-11.843804531333156,21.047455420052998,2025-05-11 15:00:00,39,4.09,20.95
214,-11.843804531333156,21.047455420052998,2025-05-11 18:00:00,42,3.92,18.0
214,-11.843804531333156,21.047455420052998,2025-05-11 21:00:00,45,5.22,21.62
214,-11.843804531333156,21.047455420052998,2025-05-12 00:00:00,48,4.37,23.94
214,-11.843804531333156,21.047455420052998,2025-05-12 03:00:00,51,4.83,28.51
214,-11.843804531333156,21.047455420052998,2025-05-12 06:00:00,54,5.61,34.88
214,-11.843804531333156,21.047455420052998,2025-05-12 09:00:00,57,9.47,45.13
214,-11.843804531333156,21.047455420052998,2025-05-12 12:00:00,60,6.82,39.05
214,-11.843804531333156,21.047455420052998,2025-05-12 15:00:00,63,6.72,39.06
214,-11.843804531333156,21.047455420052998,2025-05-12 18:00:00,66,6.79,45.16
214,-11.843804531333156,21.047455420052998,2025-05-12 21:00:00,69,5.29,36.27
214,-11.843804531333156,21.047455420052998,2025-05-13 00:00:00,72,6.89,37.0
214,-11.843804531333156,21.047455420052998,2025-05-13 03:00:00,75,4.79,36.31
214,-11.843804531333156,21.047455420052998,2025-05-13 06:00:00,78,4.05,31.48
214,-11.843804531333156,21.047455420052998,2025-05-13 09:00:00,81,1.83,18.58
214,-11.843804531333156,21.047455420052998,2025-05-13 12:00:00,84,2.0,14.29
214,-11.843804531333156,21.047455420052998,2025-05-13 15:00:00,87,4.14,21.36
214,-11.843804531333156,21.047455420052998,2025-05-13 18:00:00,90,2.98,15.02
214,-11.843804531333156,21.047455420052998,2025-05-13 21:00:00,93,5.56,23.59
214,-11.843804531333156,21.047455420052998,2025-05-14 00:00:00,96,3.67,18.76
214,-11.843804531333156,21.047455420052998,2025-05-14 03:00:00,99,6.85,31.53
214,-11.843804531333156,21.047455420052998,2025-05-14 06:00:00,102,7.24,31.7
214,-11.843804531333156,21.047455420052998,2025-05-14 09:00:00,105,8.41,36.83
214,-11.843804531333156,21.047455420052998,2025-05-14 12:00:00,108,8.5,47.07
214,-11.843804531333156,21.047455420052998,2025-05-14 15:00:00,111,6.08,43.21
214,-11.843804531333156,21.047455420052998,2025-05-14 18:00:00,114,8.95,47.29
214,-11.843804531333156,21.047455420052998,2025-05-14 21:00:00,117,7.67,43.73
215,-11.868194674896078,21.724066691457363,2025-05-10 00:00:00,0,4.43,22.44
215,-11.868194674896078,21.724066691457363,2025-05-10 03:00:00,3,7.48,33.34
215,-11.868194674896078,21.724066691457363,2025-05-10 06:00:00,6,5.39,30.62
215,-11.868194674896078,21.724066691457363,2025-05-10 09:00:00,9,5.97,32.17
215,-11.868194674896078,21.724066691457363,2025-05-10 12:00:00,12,8.01,43.33
215,-11.868194674896078,21.724066691457363,2025-05-10 15:00:00,15,6.94,41.32
215,-11.868194674896078,21.724066691457363,2025-05-10 18:00:00,18,7.05,44.5
215,-11.868194674896078,21.724066691457363,2025-05-10 21:00:00,21,6.0,40.1
215,-11.868194674896078,21.724066691457363,2025-05-11 00:00:00,24,4.06,36.05
215,-11.868194674896078,21.724066691457363,2025-05-11 03:00:00,27,5.03,36.21
215,-11.868194674896078,21.724066691457363,2025-05-11 06:00:00,30,1.51,26.34
215,-11.868194674896078,21.724066691457363,2025-05-11 09:00:00,33,0.77,18.65
215,-11.868194674896078,21.724066691457363,2025-05-11 12:00:00,36,3.3,20.94
215,-11.868194674896078,21.724066691457363,2025-05-11 15:00:00,39,1.77,15.15
215,-11.868194674896078,21.724066691457363,2025-05-11 18:00:00,42,1.32,9.41
215,-11.868194674896078,21.724066691457363,2025-05-11 21:00:00,45,2.74,13.95
215,-11.868194674896078,21.724066691457363,2025-05-12 00:00:00,48,4.7,20.94
215,-11.868194674896078,21.724066691457363,2025-05-12 03:00:00,51,7.14,26.53
215,-11.868194674896078,21.724066691457363,2025-05-12 06:00:00,54,8.33,34.64
215,-11.868194674896078,21.724066691457363,2025-05-12 09:00:00,57,7.32,41.08
215,-11.868194674896078,21.724066691457363,2025-05-12 12:00:00,60,6.25,42.24
215,-11.868194674896078,21.724066691457363,2025-05-12 15:00:00,63,7.17,41.94
215,-11.868194674896078,21.724066691457363,2025-05-12 18:00:00,66,7.53,45.57
215,-11.868194674896078,21.724066691457363,2025-05-12 21:00:00,69,7.31,46.61
215,-11.868194674896078,21.724066691457363,2025-05-13 00:00:00,72,4.98,34.97
215,-11.868194674896078,21.724066691457363,2025-05-13 03:00:00,75,3.37,28.97
215,-11.868194674896078,21.724066691457363,2025-05-13 06:00:00,78,2.27,23.65
215,-11.868194674896078,21.724066691457363,2025-05-13 09:00:00,81,2.64,22.36
215,-11.868194674896078,21.724066691457363,2025-05-13 12:00:00,84,3.8,18.44
215,-11.868194674896078,21.724066691457363,2025-05-13 15:00:00,87,2.77,18.95
215,-11.868194674896078,21.724066691457363,2025-05-13 18:00:00,90,3.54,16.01
215,-11.868194674896078,21.724066691457363,2025-05-13 21:00:00,93,4.85,23.53
215,-11.868194674896078,21.724066691457363,2025-05-14 00:00:00,96,6.44,26.56
215,-11.868194674896078,21.724066691457363,2025-05-14 03:00:00,99,4.79,28.43
215,-11.868194674896078,21.724066691457363,2025-05-14 06:00:00,102,6.89,34.94
215,-11.868194674896078,21.724066691457363,2025-05-14 09:00:00,105,9.24,38.91
215,-11.868194674896078,21.724066691457363,2025-05-14 12:00:00,108,9.46,46.53
215,-11.868194674896078,21.724066691457363,2025-05-14 15:00:00,111,8.38,48.49
215,-11.868194674896078,21.724066691457363,2025-05-14 18:00:00,114,9.07,46.95
215,-11.868194674896078,21.724066691457363,2025-05-14 21:00:00,117,4.89,40.46
216,-11.369612075546385,21.615623426868517,2025-05-10 00:00:00,0,6.85,24.08
216,-11.369612075546385,21.615623426868517,2025-05-10 03:00:00,3,5.98,24.63
216,-11.369612075546385,21.615623426868517,2025-05-10 06:00:00,6,8.34,37.38
216,-11.369612075546385,21.615623426868517,2025-05-10 09:00:00,9,6.25,36.72
216,-11.369612075546385,21.615623426868517,2025-05-10 12:00:00,12,9.48,47.81
216,-11.369612075546385,21.615623426868517,2025-05-10 15:00:00,15,8.59,44.26
216,-11.369612075546385,21.615623426868517,2025-05-10 18:00:00,18,8.1,43.93
216,-11.369612075546385,21.615623426868517,2025-05-10 21:00:00,21,5.8,41.18
216,-11.369612075546385,21.615623426868517,2025-05-11 00:00:00,24,3.71,32.61
216,-11.369612075546385,21.615623426868517,2025-05-11 03:00:00,27,5.83,32.95
216,-11.369612075546385,21.615623426868517,2025-05-11 06:00:00,30,3.31,26.15
216,-11.369612075546385,21.615623426868517,2025-05-11 09:00:00,33,1.59,19.9
216,-11.369612075546385,21.615623426868517,2025-05-11 12:00:00,36,3.33,20.73
216,-11.369612075546385,21.615623426868517,2025-05-11 15:00:00,39,2.73,18.51
216,-11.369612075546385,21.615623426868517,2025-05-11 18:00:00,42,3.01,14.25
216,-11.369612075546385,21.615623426868517,2025-05-11 21:00:00,45,2.77,19.02
216,-11.369612075546385,21.615623426868517,2025-05-12 00:00:00,48,5.4,27.35
216,-11.369612075546385,21.615623426868517,2025-05-12 03:00:00,51,6.97,31.63
216,-11.369612075546385,21.615623426868517,2025-05-12 06:00:00,54,6.33,29.23
216,-11.369612075546385,21.615623426868517,2025-05-12 09:00:00,57,9.41,38.86
216,-11.369612075546385,21.615623426868517,2025-05-12 12:00:00,60,9.88,49.99
216,-11.369612075546385,21.615623426868517,2025-05-12 15:00:00,63,6.23,39.65
216,-11.369612075546385,21.615623426868517,2025-05-12 18:00:00,66,5.41,44.75
216,-11.369612075546385,21.615623426868517,2025-05-12 21:00:00,69,5.08,42.57
216,-11.369612075546385,21.615623426868517,2025-05-13 00:00:00,72,5.48,34.28
216,-11.369612075546385,21.615623426868517,2025-05-13 03:00:00,75,4.61,30.93
216,-11.369612075546385,21.615623426868517,2025-05-13 06:00:00,78,1.85,21.55
216,-11.369612075546385,21.615623426868517,2025-05-13 09:00:00,81,0.65,18.19
216,-11.369612075546385,21.615623426868517,2025-05-13 12:00:00,84,2.21,19.88
216,-11.369612075546385,21.615623426868517,2025-05-13 15:00:00,87,1.84,13.86
216,-11.369612075546385,21.615623426868517,2025-05-13 18:00:00,90,3.37,18.11
216,-11.369612075546385,21.615623426868517,2025-05-13 21:00:00,93,3.67,16.8
216,-11.369612075546385,21.615623426868517,2025-05-14 00:00:00,96,5.62,24.08
216,-11.369612075546385,21.615623426868517,2025-05-14 03:00:00,99,4.8,26.38
216,-11.369612075546385,21.615623426868517,2025-05-14 06:00:00,102,5.72,33.91
216,-11.369612075546385,21.615623426868517,2025-05-14 09:00:00,105,8.03,42.37
216,-11.369612075546385,21.615623426868517,2025-05-14 12:00:00,108,6.7,36.74
216,-11.369612075546385,21.615623426868517,2025-05-14 15:00:00,111,8.74,49.05
216,-11.369612075546385,21.615623426868517,2025-05-14 18:00:00,114,5.61,42.91
216,-11.369612075546385,21.615623426868517,2025-05-14 21:00:00,117,5.39,38.53
217,-11.640831097508586,21.363407718542764,2025-05-10 00:00:00,0,4.91,24.13
217,-11.640831097508586,21.363407718542764,2025-05-10 03:00:00,3,4.88,25.9
217,-11.640831097508586,21.363407718542764,2025-05-10 06:00:00,6,7.48,34.46
217,-11.640831097508586,21.363407718542764,2025-05-10 09:00:00,9,7.97,41.74
217,-11.640831097508586,21.363407718542764,2025-05-10 12:00:00,12,9.13,43.57
217,-11.640831097508586,21.363407718542764,2025-05-10 15:00:00,15,8.57,49.41
217,-11.640831097508586,21.363407718542764,2025-05-10 18:00:00,18,6.06,45.4
217,-11.640831097508586,21.363407718542764,2025-05-10 21:00:00,21,7.85,48.76
217,-11.640831097508586,21.363407718542764,2025-05-11 00:00:00,24,3.14,34.27
217,-11.640831097508586,21.363407718542764,2025-05-11 03:00:00,27,3.0,26.9
217,-11.640831097508586,21.363407718542764,2025-05-11 06:00:00,30,4.53,30.96
217,-11.640831097508586,21.363407718542764,2025-05-11 09:00:00,33,4.14,28.01
217,-11.640831097508586,21.363407718542764,2025-05-11 12:00:00,36,2.43,19.16
217,-11.640831097508586,21.363407718542764,2025-05-11 15:00:00,39,1.64,13.57
217,-11.640831097508586,21.363407718542764,2025-05-11 18:00:00,42,4.49,15.67
217,-11.640831097508586,21.363407718542764,2025-05-11 21:00:00,45,4.91,19.78
217,-11.640831097508586,21.363407718542764,2025-05-12 00:00:00,48,5.53,20.86
217,-11.640831097508586,21.363407718542764,2025-05-12 03:00:00,51,7.16,31.6
217,-11.640831097508586,21.363407718542764,2025-05-12 06:00:00,54,9.01,36.31
217,-11.640831097508586,21.363407718542764,2025-05-12 09:00:00,57,6.99,38.49
217,-11.640831097508586,21.363407718542764,2025-05-12 12:00:00,60,9.87,44.16
217,-11.640831097508586,21.363407718542764,2025-05-12 15:00:00,63,6.41,44.92
217,-11.640831097508586,21.363407718542764,2025-05-12 18:00:00,66,7.23,43.34
217,-11.640831097508586,21.363407718542764,2025-05-12 21:00:00,69,7.08,46.81
217,-11.640831097508586,21.363407718542764,2025-05-13 00:00:00,72,6.82,44.6
217,-11.640831097508586,21.363407718542764,2025-05-13 03:00:00,75,2.88,25.91
217,-11.640831097508586,21.363407718542764,2025-05-13 06:00:00,78,3.28,23.14
217,-11.640831097508586,21.363407718542764,2025-05-13 09:00:00,81,0.68,13.8
217,-11.640831097508586,21.363407718542764,2025-05-13 12:00:00,84,1.54,12.71
217,-11.640831097508586,21.363407718542764,2025-05-13 15:00:00,87,1.69,13.88
217,-11.640831097508586,21.363407718542764,2025-05-13 18:00:00,90,3.47,14.33
217,-11.640831097508586,21.363407718542764,2025-05-13 21:00:00,93,5.57,19.29
217,-11.640831097508586,21.363407718542764,2025-05-14 00:00:00,96,4.83,26.06
217,-11.640831097508586,21.363407718542764,2025-05-14 03:00:00,99,6.5,28.55
217,-11.640831097508586,21.363407718542764,2025-05-14 06:00:00,102,7.1,36.88
217,-11.640831097508586,21.363407718542764,2025-05-14 09:00:00,105,9.36,38.76
217,-11.640831097508586,21.363407718542764,2025-05-14 12:00:00,108,6.01,42.97
217,-11.640831097508586,21.363407718542764,2025-05-14 15:00:00,111,8.46,48.47
217,-11.640831097508586,21.363407718542764,2025-05-14 18:00:00,114,8.48,45.2
217,-11.640831097508586,21.363407718542764,2025-05-14 21:00:00,117,6.97,44.82
218,-11.46436806630247,21.656400596223776,2025-05-10 00:00:00,0,3.89,22.95
218,-11.46436806630247,21.656400596223776,2025-05-10 03:00:00,3,4.69,27.88
218,-11.46436806630247,21.656400596223776,2025-05-10 06:00:00,6,6.4,29.24
218,-11.46436806630247,21.656400596223776,2025-05-10 09:00:00,9,6.25,36.21
218,-11.46436806630247,21.656400596223776,2025-05-10 12:00:00,12,7.12,38.22
218,-11.46436806630247,21.656400596223776,2025-05-10 15:00:00,15,9.44,48.56
218,-11.46436806630247,21.656400596223776,2025-05-10 18:00:00,18,7.24,47.1
218,-11.46436806630247,21.656400596223776,2025-05-10 21:00:00,21,7.02,42.09
218,-11.46436806630247,21.656400596223776,2025-05-11 00:00:00,24,6.53,41.88
218,-11.46436806630247,21.656400596223776,2025-05-11 03:00:00,27,5.63,34.33
218,-11.46436806630247,21.656400596223776,2025-05-11 06:00:00,30,2.74,27.8
218,-11.46436806630247,21.656400596223776,2025-05-11 09:00:00,33,2.81,18.09
218,-11.46436806630247,21.656400596223776,2025-05-11 12:00:00,36,3.82,17.28
218,-11.46436806630247,21.656400596223776,2025-05-11 15:00:00,39,0.66,9.28
218,-11.46436806630247,21.656400596223776,2025-05-11 18:00:00,42,2.96,15.72
218,-11.46436806630247,21.656400596223776,2025-05-11 21:00:00,45,2.08,16.93
218,-11.46436806630247,21.656400596223776,2025-05-12 00:00:00,48,6.65,24.01
218,-11.46436806630247,21.656400596223776,2025-05-12 03:00:00,51,5.58,30.11
218,-11.46436806630247,21.656400596223776,2025-05-12 06:00:00,54,6.57,36.21
218,-11.46436806630247,21.656400596223776,2025-05-12 09:00:00,57,6.97,39.03
218,-11.46436806630247,21.656400596223776,2025-05-12 12:00:00,60,6.84,39.45
218,-11.46436806630247,21.656400596223776,2025-05-12 15:00:00,63,6.13,37.92
218,-11.46436806630247,21.656400596223776,2025-05-12 18:00:00,66,8.98,48.45
218,-11.46436806630247,21.656400596223776,2025-05-12 21:00:00,69,5.51,40.64
218,-11.46436806630247,21.656400596223776,2025-05-13 00:00:00,72,4.53,35.22
218,-11.46436806630247,21.656400596223776,2025-05-13 03:00:00,75,2.05,30.79
218,-11.46436806630247,21.656400596223776,2025-05-13 06:00:00,78,4.84,30.63
218,-11.46436806630247,21.656400596223776,2025-05-13 09:00:00,81,3.36,23.64
218,-11.46436806630247,21.656400596223776,2025-05-13 12:00:00,84,0.75,12.58
218,-11.46436806630247,21.656400596223776,2025-05-13 15:00:00,87,1.6,14.25
218,-11.46436806630247,21.656400596223776,2025-05-13 18:00:00,90,2.07,15.39
218,-11.46436806630247,21.656400596223776,2025-05-13 21:00:00,93,2.95,13.94
218,-11.46436806630247,21.656400596223776,2025-05-14 00:00:00,96,3.59,19.84
218,-11.46436806630247,21.656400596223776,2025-05-14 03:00:00,99,7.2,30.3
218,-11.46436806630247,21.656400596223776,2025-05-14 06:00:00,102,5.8,28.69
218,-11.46436806630247,21.656400596223776,2025-05-14 09:00:00,105,6.13,39.18
218,-11.46436806630247,21.656400596223776,2025-05-14 12:00:00,108,7.1,45.24
218,-11.46436806630247,21.656400596223776,2025-05-14 15:00:00,111,9.66,50.53
218,-11.46436806630247,21.656400596223776,2025-05-14 18:00:00,114,8.32,48.24
218,-11.46436806630247,21.656400596223776,2025-05-14 21:00:00,117,8.05,42.59
219,-11.964065715252616,21.7068079615443,2025-05-10 00:00:00,0,3.27,17.47
219,-11.964065715252616,21.7068079615443,2025-05-10 03:00:00,3,7.09,30.53
219,-11.964065715252616,21.7068079615443,2025-05-10 06:00:00,6,5.56,34.76
219,-11.964065715252616,21.7068079615443,2025-05-10 09:00:00,9,7.88,37.75
219,-11.964065715252616,21.7068079615443,2025-05-10 12:00:00,12,8.81,45.35
219,-11.964065715252616,21.7068079615443,2025-05-10 15:00:00,15,6.68,40.12
219,-11.964065715252616,21.7068079615443,2025-05-10 18:00:00,18,5.27,40.34
219,-11.964065715252616,21.7068079615443,2025-05-10 21:00:00,21,4.33,40.88
219,-11.964065715252616,21.7068079615443,2025-05-11 00:00:00,24,6.69,39.02
219,-11.964065715252616,21.7068079615443,2025-05-11 03:00:00,27,4.86,35.96
219,-11.964065715252616,21.7068079615443,2025-05-11 06:00:00,30,3.21,23.09
219,-11.964065715252616,21.7068079615443,2025-05-11 09:00:00,33,0.35,20.23
219,-11.964065715252616,21.7068079615443,2025-05-11 12:00:00,36,3.28,16.39
219,-11.964065715252616,21.7068079615443,2025-05-11 15:00:00,39,3.23,20.26
219,-11.964065715252616,21.7068079615443,2025-05-11 18:00:00,42,3.71,16.16
219,-11.964065715252616,21.7068079615443,2025-05-11 21:00:00,45,4.43,18.89
219,-11.964065715252616,21.7068079615443,2025-05-12 00:00:00,48,6.49,24.86
219,-11.964065715252616,21.7068079615443,2025-05-12 03:00:00,51,4.23,21.8
219,-11.964065715252616,21.7068079615443,2025-05-12 06:00:00,54,6.53,36.5
219,-11.964065715252616,21.7068079615443,2025-05-12 09:00:00,57,8.58,44.72
219,-11.964065715252616,21.7068079615443,2025-05-12 12:00:00,60,8.84,43.43
219,-11.964065715252616,21.7068079615443,2025-05-12 15:00:00,63,7.03,47.2
219,-11.964065715252616,21.7068079615443,2025-05-12 18:00:00,66,6.14,46.06
219,-11.964065715252616,21.7068079615443,2025-05-12 21:00:00,69,7.6,44.77
219,-11.964065715252616,21.7068079615443,2025-05-13 00:00:00,72,3.95,33.85
219,-11.964065715252616,21.7068079615443,2025-05-13 03:00:00,75,3.75,30.54
219,-11.964065715252616,21.7068079615443,2025-05-13 06:00:00,78,2.57,28.84
219,-11.964065715252616,21.7068079615443,2025-05-13 09:00:00,81,2.78,25.57
219,-11.964065715252616,21.7068079615443,2025-05-13 12:00:00,84,0.74,14.5
219,-11.964065715252616,21.7068079615443,2025-05-13 15:00:00,87,1.17,14.31
219,-11.964065715252616,21.7068079615443,2025-05-13 18:00:00,90,1.77,16.69
219,-11.964065715252616,21.7068079615443,2025-05-13 21:00:00,93,3.11,15.59
219,-11.964065715252616,21.7068079615443,2025-05-14 00:00:00,96,6.5,28.48
219,-11.964065715252616,21.7068079615443,2025-05-14 03:00:00,99,5.86,24.03
219,-11.964065715252616,21.7068079615443,2025-05-14 06:00:00,102,6.24,32.65
219,-11.964065715252616,21.7068079615443,2025-05-14 09:00:00,105,7.99,37.87
219,-11.964065715252616,21.7068079615443,2025-05-14 12:00:00,108,8.02,40.68
219,-11.964065715252616,21.7068079615443,2025-05-14 15:00:00,111,8.81,45.87
219,-11.964065715252616,21.7068079615443,2025-05-14 18:00:00,114,7.63,45.42
219,-11.964065715252616,21.7068079615443,2025-05-14 21:00:00,117,6.9,39.21
220,-11.946297115053794,21.612441252490118,2025-05-10 00:00:00,0,6.12,24.17
220,-11.946297115053794,21.612441252490118,2025-05-10 03:00:00,3,6.18,27.19
220,-11.946297115053794,21.612441252490118,2025-05-10 06:00:00,6,7.44,30.93
220,-11.946297115053794,21.612441252490118,2025-05-10 09:00:00,9,9.39,43.56
220,-11.946297115053794,21.612441252490118,2025-05-10 12:00:00,12,8.9,48.24
220,-11.946297115053794,21.612441252490118,2025-05-10 15:00:00,15,7.39,47.84
220,-11.946297115053794,21.612441252490118,2025-05-10 18:00:00,18,7.1,45.34
220,-11.946297115053794,21.612441252490118,2025-05-10 21:00:00,21,7.56,46.44
220,-11.946297115053794,21.612441252490118,2025-05-11 00:00:00,24,4.6,33.4
220,-11.946297115053794,21.612441252490118,2025-05-11 03:00:00,27,2.96,31.23
220,-11.946297115053794,21.612441252490118,2025-05-11 06:00:00,30,2.79,23.65
220,-11.946297115053794,21.612441252490118,2025-05-11 09:00:00,33,1.72,15.73
220,-11.946297115053794,21.612441252490118,2025-05-11 12:00:00,36,1.42,16.72
220,-11.946297115053794,21.612441252490118,2025-05-11 15:00:00,39,2.86,14.27
220,-11.946297115053794,21.612441252490118,2025-05-11 18:00:00,42,3.71,14.38
220,-11.946297115053794,21.612441252490118,2025-05-11 21:00:00,45,4.39,16.93
220,-11.946297115053794,21.612441252490118,2025-05-12 00:00:00,48,4.3,20.39
220,-11.946297115053794,21.612441252490118,2025-05-12 03:00:00,51,6.78,27.01
220,-11.946297115053794,21.612441252490118,2025-05-12 06:00:00,54,6.39,34.53
220,-11.946297115053794,21.612441252490118,2025-05-12 09:00:00,57,7.03,41.6
220,-11.946297115053794,21.612441252490118,2025-05-12 12:00:00,60,7.23,45.01
220,-11.946297115053794,21.612441252490118,2025-05-12 15:00:00,63,6.96,44.7
220,-11.946297115053794,21.612441252490118,2025-05-12 18:00:00,66,7.47,47.41
220,-11.946297115053794,21.612441252490118,2025-05-12 21:00:00,69,6.25,41.68
220,-11.946297115053794,21.612441252490118,2025-05-13 00:00:00,72,4.67,35.31
220,-11.946297115053794,21.612441252490118,2025-05-13 03:00:00,75,3.24,28.2
220,-11.946297115053794,21.612441252490118,2025-05-13 06:00:00,78,1.01,23.6
220,-11.946297115053794,21.612441252490118,2025-05-13 09:00:00,81,1.26,18.32
220,-11.946297115053794,21.612441252490118,2025-05-13 12:00:00,84,1.08,18.27
220,-11.946297115053794,21.612441252490118,2025-05-13 15:00:00,87,1.42,14.84
220,-11.946297115053794,21.612441252490118,2025-05-13 18:00:00,90,3.69,14.13
220,-11.946297115053794,21.612441252490118,2025-05-13 21:00:00,93,2.92,14.27
220,-11.946297115053794,21.612441252490118,2025-05-14 00:00:00,96,3.17,18.26
220,-11.946297115053794,21.612441252490118,2025-05-14 03:00:00,99,5.02,25.29
220,-11.946297115053794,21.612441252490118,2025-05-14 06:00:00,102,6.13,29.47
220,-11.946297115053794,21.612441252490118,2025-05-14 09:00:00,105,6.81,35.78
220,-11.946297115053794,21.612441252490118,2025-05-14 12:00:00,108,7.4,43.69
220,-11.946297115053794,21.612441252490118,2025-05-14 15:00:00,111,9.28,50.79
220,-11.946297115053794,21.612441252490118,2025-05-14 18:00:00,114,6.4,40.0
220,-11.946297115053794,21.612441252490118,2025-05-14 21:00:00,117,6.86,42.92
221,-11.907698994264328,21.383639567925655,2025-05-10 00:00:00,0,3.55,18.03
221,-11.907698994264328,21.383639567925655,2025-05-10 03:00:00,3,4.23,25.54
221,-11.907698994264328,21.383639567925655,2025-05-10 06:00:00,6,8.79,41.56
221,-11.907698994264328,21.383639567925655,2025-05-10 09:00:00,9,9.4,38.78
221,-11.907698994264328,21.383639567925655,2025-05-10 12:00:00,12,7.62,42.66
221,-11.907698994264328,21.383639567925655,2025-05-10 15:00:00,15,9.43,51.2
221,-11.907698994264328,21.383639567925655,2025-05-10 18:00:00,18,6.37,41.66
221,-11.907698994264328,21.383639567925655,2025-05-10 21:00:00,21,7.84,47.38
221,-11.907698994264328,21.383639567925655,2025-05-11 00:00:00,24,4.9,39.01
221,-11.907698994264328,21.383639567925655,2025-05-11 03:00:00,27,5.73,36.9
221,-11.907698994264328,21.383639567925655,2025-05-11 06:00:00,30,1.65,24.96
221,-11.907698994264328,21.383639567925655,2025-05-11 09:00:00,33,0.33,19.96
221,-11.907698994264328,21.383639567925655,2025-05-11 12:00:00,36,2.25,16.59
221,-11.907698994264328,21.383639567925655,2025-05-11 15:00:00,39,3.72,18.14
221,-11.907698994264328,21.383639567925655,2025-05-11 18:00:00,42,1.62,11.58
221,-11.907698994264328,21.383639567925655,2025-05-11 21:00:00,45,3.29,20.93
221,-11.907698994264328,21.383639567925655,2025-05-12 00:00:00,48,6.47,25.56
221,-11.907698994264328,21.383639567925655,2025-05-12 03:00:00,51,5.11,28.32
221,-11.907698994264328,21.383639567925655,2025-05-12 06:00:00,54,5.95,33.78
221,-11.907698994264328,21.383639567925655,2025-05-12 09:00:00,57,8.07,38.76
221,-11.907698994264328,21.383639567925655,2025-05-12 12:00:00,60,7.45,43.99
221,-11.907698994264328,21.383639567925655,2025-05-12 15:00:00,63,7.17,44.59
221,-11.907698994264328,21.383639567925655,2025-05-12 18:00:00,66,8.4,46.25
221,-11.907698994264328,21.383639567925655,2025-05-12 21:00:00,69,4.3,35.84
221,-11.907698994264328,21.383639567925655,2025-05-13 00:00:00,72,6.67,40.69
221,-11.907698994264328,21.383639567925655,2025-05-13 03:00:00,75,5.31,36.08
221,-11.907698994264328,21.383639567925655,2025-05-13 06:00:00,78,4.56,27.94
221,-11.907698994264328,21.383639567925655,2025-05-13 09:00:00,81,2.74,21.99
221,-11.907698994264328,21.383639567925655,2025-05-13 12:00:00,84,1.32,14.58
221,-11.907698994264328,21.383639567925655,2025-05-13 15:00:00,87,4.08,22.77
221,-11.907698994264328,21.383639567925655,2025-05-13 18:00:00,90,2.74,11.83
221,-11.907698994264328,21.383639567925655,2025-05-13 21:00:00,93,3.67,21.54
221,-11.907698994264328,21.383639567925655,2025-05-14 00:00:00,96,4.8,22.94
221,-11.907698994264328,21.383639567925655,2025-05-14 03:00:00,99,6.94,28.0
221,-11.907698994264328,21.383639567925655,2025-05-14 06:00:00,102,7.35,37.75
221,-11.907698994264328,21.383639567925655,2025-05-14 09:00:00,105,8.32,40.84
221,-11.907698994264328,21.383639567925655,2025-05-14 12:00:00,108,8.99,43.26
221,-11.907698994264328,21.383639567925655,2025-05-14 15:00:00,111,8.11,47.64
221,-11.907698994264328,21.383639567925655,2025-05-14 18:00:00,114,5.9,44.03
221,-11.907698994264328,21.383639567925655,2025-05-14 21:00:00,117,4.96,42.91
222,-11.969305455504342,21.709818853122716,2025-05-10 00:00:00,0,3.43,18.22
222,-11.969305455504342,21.709818853122716,2025-05-10 03:00:00,3,4.57,27.25
222,-11.969305455504342,21.709818853122716,2025-05-10 06:00:00,6,5.34,30.92
222,-11.969305455504342,21.709818853122716,2025-05-10 09:00:00,9,8.63,40.13
222,-11.969305455504342,21.709818853122716,2025-05-10 12:00:00,12,7.45,40.82
222,-11.969305455504342,21.709818853122716,2025-05-10 15:00:00,15,7.56,48.09
222,-11.969305455504342,21.709818853122716,2025-05-10 18:00:00,18,5.34,44.19
222,-11.969305455504342,21.709818853122716,2025-05-10 21:00:00,21,5.22,40.83
222,-11.969305455504342,21.709818853122716,2025-05-11 00:00:00,24,5.69,35.28
222,-11.969305455504342,21.709818853122716,2025-05-11 03:00:00,27,3.2,29.67
222,-11.969305455504342,21.709818853122716,2025-05-11 06:00:00,30,4.41,30.23
222,-11.969305455504342,21.709818853122716,2025-05-11 09:00:00,33,3.12,21.62
222,-11.969305455504342,21.709818853122716,2025-05-11 12:00:00,36,3.17,22.09
222,-11.969305455504342,21.709818853122716,2025-05-11 15:00:00,39,2.08,11.86
222,-11.969305455504342,21.709818853122716,2025-05-11 18:00:00,42,1.17,9.6
222,-11.969305455504342,21.709818853122716,2025-05-11 21:00:00,45,2.58,12.5
222,-11.969305455504342,21.709818853122716,2025-05-12 00:00:00,48,3.74,17.46
222,-11.969305455504342,21.709818853122716,2025-05-12 03:00:00,51,5.31,24.49
222,-11.969305455504342,21.709818853122716,2025-05-12 06:00:00,54,5.26,34.23
222,-11.969305455504342,21.709818853122716,2025-05-12 09:00:00,57,9.07,45.31
222,-11.969305455504342,21.709818853122716,2025-05-12 12:00:00,60,8.22,44.13
222,-11.969305455504342,21.709818853122716,2025-05-12 15:00:00,63,6.15,39.77
222,-11.969305455504342,21.709818853122716,2025-05-12 18:00:00,66,6.58,41.91
222,-11.969305455504342,21.709818853122716,2025-05-12 21:00:00,69,5.06,39.72
222,-11.969305455504342,21.709818853122716,2025-05-13 00:00:00,72,5.29,39.6
222,-11.969305455504342,21.709818853122716,2025-05-13 03:00:00,75,3.84,31.89
222,-11.969305455504342,21.709818853122716,2025-05-13 06:00:00,78,2.83,24.4
222,-11.969305455504342,21.709818853122716,2025-05-13 09:00:00,81,2.41,22.2
222,-11.969305455504342,21.709818853122716,2025-05-13 12:00:00,84,1.46,18.61
222,-11.969305455504342,21.709818853122716,2025-05-13 15:00:00,87,0.61,11.1
222,-11.969305455504342,21.709818853122716,2025-05-13 18:00:00,90,2.85,14.42
222,-11.969305455504342,21.709818853122716,2025-05-13 21:00:00,93,4.41,15.9
222,-11.969305455504342,21.709818853122716,2025-05-14 00:00:00,96,4.62,22.49
222,-11.969305455504342,21.709818853122716,2025-05-14 03:00:00,99,7.03,26.81
222,-11.969305455504342,21.709818853122716,2025-05-14 06:00:00,102,5.16,33.74
222,-11.969305455504342,21.709818853122716,2025-05-14 09:00:00,105,7.18,39.82
222,-11.969305455504342,21.709818853122716,2025-05-14 12:00:00,108,8.56,44.72
222,-11.969305455504342,21.709818853122716,2025-05-14 15:00:00,111,8.31,48.08
222,-11.969305455504342,21.709818853122716,2025-05-14 18:00:00,114,5.69,39.62
222,-11.969305455504342,21.709818853122716,2025-05-14 21:00:00,117,4.82,40.11
223,-11.439851914614149,21.189785888870464,2025-05-10 00:00:00,0,4.63,19.3
223,-11.439851914614149,21.189785888870464,2025-05-10 03:00:00,3,5.63,30.67
223,-11.439851914614149,21.189785888870464,2025-05-10 06:00:00,6,8.69,37.88
223,-11.439851914614149,21.189785888870464,2025-05-10 09:00:00,9,7.99,37.41
223,-11.439851914614149,21.189785888870464,2025-05-10 12:00:00,12,9.46,48.14
223,-11.439851914614149,21.189785888870464,2025-05-10 15:00:00,15,7.29,45.96
223,-11.439851914614149,21.189785888870464,2025-05-10 18:00:00,18,8.06,45.05
223,-11.439851914614149,21.189785888870464,2025-05-10 21:00:00,21,6.18,41.09
223,-11.439851914614149,21.189785888870464,2025-05-11 00:00:00,24,5.25,39.88
223,-11.439851914614149,21.189785888870464,2025-05-11 03:00:00,27,4.01,30.28
223,-11.439851914614149,21.189785888870464,2025-05-11 06:00:00,30,3.71,25.01
223,-11.439851914614149,21.189785888870464,2025-05-11 09:00:00,33,2.78,22.58
223,-11.439851914614149,21.189785888870464,2025-05-11 12:00:00,36,3.13,20.15
223,-11.439851914614149,21.189785888870464,2025-05-11 15:00:00,39,1.31,12.09
223,-11.439851914614149,21.189785888870464,2025-05-11 18:00:00,42,0.96,14.07
223,-11.439851914614149,21.189785888870464,2025-05-11 21:00:00,45,5.66,25.25
223,-11.439851914614149,21.189785888870464,2025-05-12 00:00:00,48,4.54,19.89
223,-11.439851914614149,21.189785888870464,2025-05-12 03:00:00,51,6.66,27.91
223,-11.439851914614149,21.189785888870464,2025-05-12 06:00:00,54,6.02,31.52
223,-11.439851914614149,21.189785888870464,2025-05-12 09:00:00,57,8.92,44.14
223,-11.439851914614149,21.189785888870464,2025-05-12 12:00:00,60,7.5,38.22
223,-11.439851914614149,21.189785888870464,2025-05-12 15:00:00,63,6.43,45.14
223,-11.439851914614149,21.189785888870464,2025-05-12 18:00:00,66,6.84,41.84
223,-11.439851914614149,21.189785888870464,2025-05-12 21:00:00,69,5.99,40.33
223,-11.439851914614149,21.189785888870464,2025-05-13 00:00:00,72,5.32,34.33
223,-11.439851914614149,21.189785888870464,2025-05-13 03:00:00,75,5.07,37.12
223,-11.439851914614149,21.189785888870464,2025-05-13 06:00:00,78,2.0,23.51
223,-11.439851914614149,21.189785888870464,2025-05-13 09:00:00,81,0.8,14.67
223,-11.439851914614149,21.189785888870464,2025-05-13 12:00:00,84,1.34,15.56
223,-11.439851914614149,21.189785888870464,2025-05-13 15:00:00,87,0.64,10.15
223,-11.439851914614149,21.189785888870464,2025-05-13 18:00:00,90,2.34,13.83
223,-11.439851914614149,21.189785888870464,2025-05-13 21:00:00,93,4.48,16.45
223,-11.439851914614149,21.189785888870464,2025-05-14 00:00:00,96,6.14,24.48
223,-11.439851914614149,21.189785888870464,2025-05-14 03:00:00,99,6.86,27.63
223,-11.439851914614149,21.189785888870464,2025-05-14 06:00:00,102,7.82,38.61
223,-11.439851914614149,21.189785888870464,2025-05-14 09:00:00,105,8.66,40.71
223,-11.439851914614149,21.189785888870464,2025-05-14 12:00:00,108,7.69,43.05
223,-11.439851914614149,21.189785888870464,2025-05-14 15:00:00,111,5.93,43.03
223,-11.439851914614149,21.189785888870464,2025-05-14 18:00:00,114,5.48,37.43
223,-11.439851914614149,21.189785888870464,2025-05-14 21:00:00,117,6.53,43.87
224,-11.538249983231296,21.07041186140047,2025-05-10 00:00:00,0,6.83,27.22
224,-11.538249983231296,21.07041186140047,2025-05-10 03:00:00,3,5.46,29.5
224,-11.538249983231296,21.07041186140047,2025-05-10 06:00:00,6,6.71,30.06
224,-11.538249983231296,21.07041186140047,2025-05-10 09:00:00,9,6.21,35.55
224,-11.538249983231296,21.07041186140047,2025-05-10 12:00:00,12,9.95,44.26
224,-11.538249983231296,21.07041186140047,2025-05-10 15:00:00,15,8.42,42.11
224,-11.538249983231296,21.07041186140047,2025-05-10 18:00:00,18,7.17,47.2
224,-11.538249983231296,21.07041186140047,2025-05-10 21:00:00,21,6.31,43.16
224,-11.538249983231296,21.07041186140047,2025-05-11 00:00:00,24,3.14,36.22
224,-11.538249983231296,21.07041186140047,2025-05-11 03:00:00,27,2.14,31.13
224,-11.538249983231296,21.07041186140047,2025-05-11 06:00:00,30,2.98,22.1
224,-11.538249983231296,21.07041186140047,2025-05-11 09:00:00,33,0.93,14.26
224,-11.538249983231296,21.07041186140047,2025-05-11 12:00:00,36,1.51,17.2
224,-11.538249983231296,21.07041186140047,2025-05-11 15:00:00,39,2.34,11.97
224,-11.538249983231296,21.07041186140047,2025-05-11 18:00:00,42,2.75,11.83
224,-11.538249983231296,21.07041186140047,2025-05-11 21:00:00,45,2.35,13.21
224,-11.538249983231296,21.07041186140047,2025-05-12 00:00:00,48,4.16,17.41
224,-11.538249983231296,21.07041186140047,2025-05-12 03:00:00,51,4.39,24.53
224,-11.538249983231296,21.07041186140047,2025-05-12 06:00:00,54,7.29,34.12
224,-11.538249983231296,21.07041186140047,2025-05-12 09:00:00,57,7.79,37.12
224,-11.538249983231296,21.07041186140047,2025-05-12 12:00:00,60,8.04,40.17
224,-11.538249983231296,21.07041186140047,2025-05-12 15:00:00,63,7.49,46.23
224,-11.538249983231296,21.07041186140047,2025-05-12 18:00:00,66,6.53,44.08
224,-11.538249983231296,21.07041186140047,2025-05-12 21:00:00,69,5.42,43.11
224,-11.538249983231296,21.07041186140047,2025-05-13 00:00:00,72,4.86,35.35
224,-11.538249983231296,21.07041186140047,2025-05-13 03:00:00,75,2.95,27.69
224,-11.538249983231296,21.07041186140047,2025-05-13 06:00:00,78,3.76,24.97
224,-11.538249983231296,21.07041186140047,2025-05-13 09:00:00,81,2.85,22.69
224,-11.538249983231296,21.07041186140047,2025-05-13 12:00:00,84,3.94,23.66
224,-11.538249983231296,21.07041186140047,2025-05-13 15:00:00,87,2.29,11.53
224,-11.538249983231296,21.07041186140047,2025-05-13 18:00:00,90,1.4,15.35
224,-11.538249983231296,21.07041186140047,2025-05-13 21:00:00,93,4.33,18.02
224,-11.538249983231296,21.07041186140047,2025-05-14 00:00:00,96,3.6,19.15
224,-11.538249983231296,21.07041186140047,2025-05-14 03:00:00,99,4.51,26.67
224,-11.538249983231296,21.07041186140047,2025-05-14 06:00:00,102,7.42,35.76
224,-11.538249983231296,21.07041186140047,2025-05-14 09:00:00,105,6.82,34.25
224,-11.538249983231296,21.07041186140047,2025-05-14 12:00:00,108,6.34,40.2
224,-11.538249983231296,21.07041186140047,2025-05-14 15:00:00,111,7.2,44.67
224,-11.538249983231296,21.07041186140047,2025-05-14 18:00:00,114,6.12,39.79
224,-11.538249983231296,21.07041186140047,2025-05-14 21:00:00,117,8.11,46.13
225,-11.467343568613682,21.063447662877234,2025-05-10 00:00:00,0,3.74,16.81
225,-11.467343568613682,21.063447662877234,2025-05-10 03:00:00,3,4.69,27.79
225,-11.467343568613682,21.063447662877234,2025-05-10 06:00:00,6,7.09,32.58
225,-11.467343568613682,21.063447662877234,2025-05-10 09:00:00,9,6.5,36.62
225,-11.467343568613682,21.063447662877234,2025-05-10 12:00:00,12,8.68,45.97
225,-11.467343568613682,21.063447662877234,2025-05-10 15:00:00,15,9.66,50.65
225,-11.467343568613682,21.063447662877234,2025-05-10 18:00:00,18,7.68,46.88
225,-11.467343568613682,21.063447662877234,2025-05-10 21:00:00,21,5.51,39.94
225,-11.467343568613682,21.063447662877234,2025-05-11 00:00:00,24,3.08,34.39
225,-11.467343568613682,21.063447662877234,2025-05-11 03:00:00,27,4.51,35.74
225,-11.467343568613682,21.063447662877234,2025-05-11 06:00:00,30,4.5,30.18
225,-11.467343568613682,21.063447662877234,2025-05-11 09:00:00,33,0.72,14.13
225,-11.467343568613682,21.063447662877234,2025-05-11 12:00:00,36,0.45,12.62
225,-11.467343568613682,21.063447662877234,2025-05-11 15:00:00,39,0.99,15.23
225,-11.467343568613682,21.063447662877234,2025-05-11 18:00:00,42,2.83,14.66
225,-11.467343568613682,21.063447662877234,2025-05-11 21:00:00,45,4.24,15.53
225,-11.467343568613682,21.063447662877234,2025-05-12 00:00:00,48,5.59,21.02
225,-11.467343568613682,21.063447662877234,2025-05-12 03:00:00,51,6.86,32.91
225,-11.467343568613682,21.063447662877234,2025-05-12 06:00:00,54,6.46,32.79
225,-11.467343568613682,21.063447662877234,2025-05-12 09:00:00,57,7.25,40.99
225,-11.467343568613682,21.063447662877234,2025-05-12 12:00:00,60,8.62,42.77
225,-11.467343568613682,21.063447662877234,2025-05-12 15:00:00,63,9.71,45.19
225,-11.467343568613682,21.063447662877234,2025-05-12 18:00:00,66,8.04,47.37
225,-11.467343568613682,21.063447662877234,2025-05-12 21:00:00,69,6.39,41.2
225,-11.467343568613682,21.063447662877234,2025-05-13 00:00:00,72,4.23,35.54
225,-11.467343568613682,21.063447662877234,2025-05-13 03:00:00,75,2.96,32.36
225,-11.467343568613682,21.063447662877234,2025-05-13 06:00:00,78,2.67,24.56
225,-11.467343568613682,21.063447662877234,2025-05-13 09:00:00,81,0.31,13.79
225,-11.467343568613682,21.063447662877234,2025-05-13 12:00:00,84,3.79,17.73
225,-11.467343568613682,21.063447662877234,2025-05-13 15:00:00,87,1.15,16.96
225,-11.467343568613682,21.063447662877234,2025-05-13 18:00:00,90,1.47,13.48
225,-11.467343568613682,21.063447662877234,2025-05-13 21:00:00,93,4.02,21.89
225,-11.467343568613682,21.063447662877234,2025-05-14 00:00:00,96,3.63,20.05
225,-11.467343568613682,21.063447662877234,2025-05-14 03:00:00,99,8.07,33.7
225,-11.467343568613682,21.063447662877234,2025-05-14 06:00:00,102,7.98,36.0
225,-11.467343568613682,21.063447662877234,2025-05-14 09:00:00,105,7.33,36.04
225,-11.467343568613682,21.063447662877234,2025-05-14 12:00:00,108,6.29,38.15
225,-11.467343568613682,21.063447662877234,2025-05-14 15:00:00,111,6.59,40.64
225,-11.467343568613682,21.063447662877234,2025-05-14 18:00:00,114,7.13,43.33
225,-11.467343568613682,21.063447662877234,2025-05-14 21:00:00,117,6.29,43.65
226,-11.66334029800965,21.16736238127026,2025-05-10 00:00:00,0,5.36,22.0
226,-11.66334029800965,21.16736238127026,2025-05-10 03:00:00,3,5.12,22.79
226,-11.66334029800965,21.16736238127026,2025-05-10 06:00:00,6,6.81,31.65
226,-11.66334029800965,21.16736238127026,2025-05-10 09:00:00,9,7.27,38.33
226,-11.66334029800965,21.16736238127026,2025-05-10 12:00:00,12,9.65,48.43
226,-11.66334029800965,21.16736238127026,2025-05-10 15:00:00,15,9.0,51.21
226,-11.66334029800965,21.16736238127026,2025-05-10 18:00:00,18,6.13,46.08
226,-11.66334029800965,21.16736238127026,2025-05-10 21:00:00,21,7.3,46.38
226,-11.66334029800965,21.16736238127026,2025-05-11 00:00:00,24,4.53,32.43
226,-11.66334029800965,21.16736238127026,2025-05-11 03:00:00,27,2.38,28.67
226,-11.66334029800965,21.16736238127026,2025-05-11 06:00:00,30,4.36,24.91
226,-11.66334029800965,21.16736238127026,2025-05-11 09:00:00,33,0.72,17.83
226,-11.66334029800965,21.16736238127026,2025-05-11 12:00:00,36,1.76,13.52
226,-11.66334029800965,21.16736238127026,2025-05-11 15:00:00,39,1.67,14.21
226,-11.66334029800965,21.16736238127026,2025-05-11 18:00:00,42,1.59,11.51
226,-11.66334029800965,21.16736238127026,2025-05-11 21:00:00,45,4.74,24.11
226,-11.66334029800965,21.16736238127026,2025-05-12 00:00:00,48,5.46,19.87
226,-11.66334029800965,21.16736238127026,2025-05-12 03:00:00,51,7.39,30.87
226,-11.66334029800965,21.16736238127026,2025-05-12 06:00:00,54,9.03,40.76
226,-11.66334029800965,21.16736238127026,2025-05-12 09:00:00,57,8.57,37.15
226,-11.66334029800965,21.16736238127026,2025-05-12 12:00:00,60,8.6,41.22
226,-11.66334029800965,21.16736238127026,2025-05-12 15:00:00,63,8.32,42.56
226,-11.66334029800965,21.16736238127026,2025-05-12 18:00:00,66,5.34,41.1
226,-11.66334029800965,21.16736238127026,2025-05-12 21:00:00,69,7.57,45.64
226,-11.66334029800965,21.16736238127026,2025-05-13 00:00:00,72,5.0,40.48
226,-11.66334029800965,21.16736238127026,2025-05-13 03:00:00,75,2.4,28.36
226,-11.66334029800965,21.16736238127026,2025-05-13 06:00:00,78,2.38,21.07
226,-11.66334029800965,21.16736238127026,2025-05-13 09:00:00,81,3.09,18.71
226,-11.66334029800965,21.16736238127026,2025-05-13 12:00:00,84,1.44,16.96
226,-11.66334029800965,21.16736238127026,2025-05-13 15:00:00,87,0.81,14.73
226,-11.66334029800965,21.16736238127026,2025-05-13 18:00:00,90,3.7,21.0
226,-11.66334029800965,21.16736238127026,2025-05-13 21:00:00,93,3.27,20.24
226,-11.66334029800965,21.16736238127026,2025-05-14 00:00:00,96,3.32,16.18
226,-11.66334029800965,21.16736238127026,2025-05-14 03:00:00,99,8.12,36.02
226,-11.66334029800965,21.16736238127026,2025-05-14 06:00:00,102,7.64,37.59
226,-11.66334029800965,21.16736238127026,2025-05-14 09:00:00,105,9.72,41.04
226,-11.66334029800965,21.16736238127026,2025-05-14 12:00:00,108,9.92,44.43
226,-11.66334029800965,21.16736238127026,2025-05-14 15:00:00,111,6.32,38.99
226,-11.66334029800965,21.16736238127026,2025-05-14 18:00:00,114,6.28,41.33
226,-11.66334029800965,21.16736238127026,2025-05-14 21:00:00,117,6.81,40.51
227,-11.81095311485326,21.51314574265527,2025-05-10 00:00:00,0,4.45,23.59
227,-11.81095311485326,21.51314574265527,2025-05-10 03:00:00,3,5.49,23.87
227,-11.81095311485326,21.51314574265527,2025-05-10 06:00:00,6,6.84,34.92
227,-11.81095311485326,21.51314574265527,2025-05-10 09:00:00,9,6.72,33.77
227,-11.81095311485326,21.51314574265527,2025-05-10 12:00:00,12,6.28,36.0
227,-11.81095311485326,21.51314574265527,2025-05-10 15:00:00,15,7.98,44.05
227,-11.81095311485326,21.51314574265527,2025-05-10 18:00:00,18,5.22,41.79
227,-11.81095311485326,21.51314574265527,2025-05-10 21:00:00,21,7.76,47.66
227,-11.81095311485326,21.51314574265527,2025-05-11 00:00:00,24,6.88,39.36
227,-11.81095311485326,21.51314574265527,2025-05-11 03:00:00,27,4.98,34.51
227,-11.81095311485326,21.51314574265527,2025-05-11 06:00:00,30,0.93,21.65
227,-11.81095311485326,21.51314574265527,2025-05-11 09:00:00,33,1.73,22.66
227,-11.81095311485326,21.51314574265527,2025-05-11 12:00:00,36,2.11,14.26
227,-11.81095311485326,21.51314574265527,2025-05-11 15:00:00,39,3.49,14.02
227,-11.81095311485326,21.51314574265527,2025-05-11 18:00:00,42,3.54,19.75
227,-11.81095311485326,21.51314574265527,2025-05-11 21:00:00,45,3.25,20.91
227,-11.81095311485326,21.51314574265527,2025-05-12 00:00:00,48,3.03,22.95
227,-11.81095311485326,21.51314574265527,2025-05-12 03:00:00,51,7.72,31.04
227,-11.81095311485326,21.51314574265527,2025-05-12 06:00:00,54,8.83,37.23
227,-11.81095311485326,21.51314574265527,2025-05-12 09:00:00,57,6.58,38.99
227,-11.81095311485326,21.51314574265527,2025-05-12 12:00:00,60,9.82,47.39
227,-11.81095311485326,21.51314574265527,2025-05-12 15:00:00,63,5.99,44.26
227,-11.81095311485326,21.51314574265527,2025-05-12 18:00:00,66,7.18,43.79
227,-11.81095311485326,21.51314574265527,2025-05-12 21:00:00,69,7.92,46.71
227,-11.81095311485326,21.51314574265527,2025-05-13 00:00:00,72,6.93,38.06
227,-11.81095311485326,21.51314574265527,2025-05-13 03:00:00,75,2.23,31.5
227,-11.81095311485326,21.51314574265527,2025-05-13 06:00:00,78,3.99,30.44
227,-11.81095311485326,21.51314574265527,2025-05-13 09:00:00,81,1.68,23.43
227,-11.81095311485326,21.51314574265527,2025-05-13 12:00:00,84,0.03,14.08
227,-11.81095311485326,21.51314574265527,2025-05-13 15:00:00,87,0.38,7.57
227,-11.81095311485326,21.51314574265527,2025-05-13 18:00:00,90,1.05,15.55
227,-11.81095311485326,21.51314574265527,2025-05-13 21:00:00,93,3.19,19.02
227,-11.81095311485326,21.51314574265527,2025-05-14 00:00:00,96,6.83,30.55
227,-11.81095311485326,21.51314574265527,2025-05-14 03:00:00,99,8.1,30.39
227,-11.81095311485326,21.51314574265527,2025-05-14 06:00:00,102,8.53,37.55
227,-11.81095311485326,21.51314574265527,2025-05-14 09:00:00,105,9.37,40.62
227,-11.81095311485326,21.51314574265527,2025-05-14 12:00:00,108,6.98,39.61
227,-11.81095311485326,21.51314574265527,2025-05-14 15:00:00,111,8.39,48.55
227,-11.81095311485326,21.51314574265527,2025-05-14 18:00:00,114,6.87,45.77
227,-11.81095311485326,21.51314574265527,2025-05-14 21:00:00,117,4.29,36.11
228,-11.555058830370967,21.637773464856064,2025-05-10 00:00:00,0,4.7,18.81
228,-11.555058830370967,21.637773464856064,2025-05-10 03:00:00,3,7.66,27.66
228,-11.555058830370967,21.637773464856064,2025-05-10 06:00:00,6,8.58,36.19
228,-11.555058830370967,21.637773464856064,2025-05-10 09:00:00,9,9.66,39.25
228,-11.555058830370967,21.637773464856064,2025-05-10 12:00:00,12,9.63,45.63
228,-11.555058830370967,21.637773464856064,2025-05-10 15:00:00,15,8.91,45.55
228,-11.555058830370967,21.637773464856064,2025-05-10 18:00:00,18,5.89,41.08
228,-11.555058830370967,21.637773464856064,2025-05-10 21:00:00,21,5.0,41.86
228,-11.555058830370967,21.637773464856064,2025-05-11 00:00:00,24,3.54,33.42
228,-11.555058830370967,21.637773464856064,2025-05-11 03:00:00,27,2.94,30.62
228,-11.555058830370967,21.637773464856064,2025-05-11 06:00:00,30,4.79,33.08
228,-11.555058830370967,21.637773464856064,2025-05-11 09:00:00,33,1.59,19.94
228,-11.555058830370967,21.637773464856064,2025-05-11 12:00:00,36,3.52,20.69
228,-11.555058830370967,21.637773464856064,2025-05-11 15:00:00,39,0.47,8.98
228,-11.555058830370967,21.637773464856064,2025-05-11 18:00:00,42,2.28,12.75
228,-11.555058830370967,21.637773464856064,2025-05-11 21:00:00,45,3.18,20.45
228,-11.555058830370967,21.637773464856064,2025-05-12 00:00:00,48,4.34,24.47
228,-11.555058830370967,21.637773464856064,2025-05-12 03:00:00,51,6.32,30.0
228,-11.555058830370967,21.637773464856064,2025-05-12 06:00:00,54,6.39,33.86
228,-11.555058830370967,21.637773464856064,2025-05-12 09:00:00,57,7.94,41.38
228,-11.555058830370967,21.637773464856064,2025-05-12 12:00:00,60,9.3,43.49
228,-11.555058830370967,21.637773464856064,2025-05-12 15:00:00,63,6.56,40.19
228,-11.555058830370967,21.637773464856064,2025-05-12 18:00:00,66,7.9,44.3
228,-11.555058830370967,21.637773464856064,2025-05-12 21:00:00,69,6.01,41.25
228,-11.555058830370967,21.637773464856064,2025-05-13 00:00:00,72,6.62,40.15
228,-11.555058830370967,21.637773464856064,2025-05-13 03:00:00,75,5.59,32.75
228,-11.555058830370967,21.637773464856064,2025-05-13 06:00:00,78,1.88,20.51
228,-11.555058830370967,21.637773464856064,2025-05-13 09:00:00,81,0.43,13.59
228,-11.555058830370967,21.637773464856064,2025-05-13 12:00:00,84,2.87,15.56
228,-11.555058830370967,21.637773464856064,2025-05-13 15:00:00,87,0.74,12.39
228,-11.555058830370967,21.637773464856064,2025-05-13 18:00:00,90,2.83,17.67
228,-11.555058830370967,21.637773464856064,2025-05-13 21:00:00,93,3.96,16.49
228,-11.555058830370967,21.637773464856064,2025-05-14 00:00:00,96,5.99,26.5
228,-11.555058830370967,21.637773464856064,2025-05-14 03:00:00,99,4.46,23.67
228,-11.555058830370967,21.637773464856064,2025-05-14 06:00:00,102,8.28,33.77
228,-11.555058830370967,21.637773464856064,2025-05-14 09:00:00,105,7.8,35.82
228,-11.555058830370967,21.637773464856064,2025-05-14 12:00:00,108,6.6,37.46
228,-11.555058830370967,21.637773464856064,2025-05-14 15:00:00,111,7.84,41.88
228,-11.555058830370967,21.637773464856064,2025-05-14 18:00:00,114,8.88,47.3
228,-11.555058830370967,21.637773464856064,2025-05-14 21:00:00,117,7.86,44.11
229,-11.766545882928574,21.34696887711446,2025-05-10 00:00:00,0,4.97,21.5
229,-11.766545882928574,21.34696887711446,2025-05-10 03:00:00,3,6.91,31.81
229,-11.766545882928574,21.34696887711446,2025-05-10 06:00:00,6,8.67,38.32
229,-11.766545882928574,21.34696887711446,2025-05-10 09:00:00,9,8.27,39.65
229,-11.766545882928574,21.34696887711446,2025-05-10 12:00:00,12,7.86,42.24
229,-11.766545882928574,21.34696887711446,2025-05-10 15:00:00,15,6.86,39.73
229,-11.766545882928574,21.34696887711446,2025-05-10 18:00:00,18,7.17,45.93
229,-11.766545882928574,21.34696887711446,2025-05-10 21:00:00,21,5.15,35.87
229,-11.766545882928574,21.34696887711446,2025-05-11 00:00:00,24,5.74,35.63
229,-11.766545882928574,21.34696887711446,2025-05-11 03:00:00,27,4.4,28.9
229,-11.766545882928574,21.34696887711446,2025-05-11 06:00:00,30,3.61,28.9
229,-11.766545882928574,21.34696887711446,2025-05-11 09:00:00,33,2.25,19.18
229,-11.766545882928574,21.34696887711446,2025-05-11 12:00:00,36,0.72,16.56
229,-11.766545882928574,21.34696887711446,2025-05-11 15:00:00,39,3.6,19.93
229,-11.766545882928574,21.34696887711446,2025-05-11 18:00:00,42,4.48,22.36
229,-11.766545882928574,21.34696887711446,2025-05-11 21:00:00,45,2.27,15.92
229,-11.766545882928574,21.34696887711446,2025-05-12 00:00:00,48,6.37,26.19
229,-11.766545882928574,21.34696887711446,2025-05-12 03:00:00,51,5.6,29.73
229,-11.766545882928574,21.34696887711446,2025-05-12 06:00:00,54,7.06,33.72
229,-11.766545882928574,21.34696887711446,2025-05-12 09:00:00,57,7.58,42.89
229,-11.766545882928574,21.34696887711446,2025-05-12 12:00:00,60,7.68,45.38
229,-11.766545882928574,21.34696887711446,2025-05-12 15:00:00,63,8.11,43.51
229,-11.766545882928574,21.34696887711446,2025-05-12 18:00:00,66,7.13,45.23
229,-11.766545882928574,21.34696887711446,2025-05-12 21:00:00,69,6.7,41.42
229,-11.766545882928574,21.34696887711446,2025-05-13 00:00:00,72,5.29,41.08
229,-11.766545882928574,21.34696887711446,2025-05-13 03:00:00,75,2.95,31.71
229,-11.766545882928574,21.34696887711446,2025-05-13 06:00:00,78,4.25,29.11
229,-11.766545882928574,21.34696887711446,2025-05-13 09:00:00,81,1.5,20.98
229,-11.766545882928574,21.34696887711446,2025-05-13 12:00:00,84,0.38,16.52
229,-11.766545882928574,21.34696887711446,2025-05-13 15:00:00,87,1.08,11.72
229,-11.766545882928574,21.34696887711446,2025-05-13 18:00:00,90,4.82,19.33
229,-11.766545882928574,21.34696887711446,2025-05-13 21:00:00,93,3.47,20.46
229,-11.766545882928574,21.34696887711446,2025-05-14 00:00:00,96,4.76,22.12
229,-11.766545882928574,21.34696887711446,2025-05-14 03:00:00,99,6.34,29.75
229,-11.766545882928574,21.34696887711446,2025-05-14 06:00:00,102,6.09,28.21
229,-11.766545882928574,21.34696887711446,2025-05-14 09:00:00,105,6.08,33.23
229,-11.766545882928574,21.34696887711446,2025-05-14 12:00:00,108,8.36,41.5
229,-11.766545882928574,21.34696887711446,2025-05-14 15:00:00,111,8.07,43.21
229,-11.766545882928574,21.34696887711446,2025-05-14 18:00:00,114,5.46,37.81
229,-11.766545882928574,21.34696887711446,2025-05-14 21:00:00,117,7.36,44.71
230,-11.54005705483459,21.026757617874424,2025-05-10 00:00:00,0,6.67,25.79
230,-11.54005705483459,21.026757617874424,2025-05-10 03:00:00,3,6.9,26.84
230,-11.54005705483459,21.026757617874424,2025-05-10 06:00:00,6,5.99,35.86
230,-11.54005705483459,21.026757617874424,2025-05-10 09:00:00,9,8.52,42.15
230,-11.54005705483459,21.026757617874424,2025-05-10 12:00:00,12,7.67,44.64
230,-11.54005705483459,21.026757617874424,2025-05-10 15:00:00,15,7.98,43.04
230,-11.54005705483459,21.026757617874424,2025-05-10 18:00:00,18,8.15,48.6
230,-11.54005705483459,21.026757617874424,2025-05-10 21:00:00,21,4.98,39.05
230,-11.54005705483459,21.026757617874424,2025-05-11 00:00:00,24,3.46,30.48
230,-11.54005705483459,21.026757617874424,2025-05-11 03:00:00,27,2.24,24.59
230,-11.54005705483459,21.026757617874424,2025-05-11 06:00:00,30,4.82,33.38
230,-11.54005705483459,21.026757617874424,2025-05-11 09:00:00,33,3.3,22.84
230,-11.54005705483459,21.026757617874424,2025-05-11 12:00:00,36,1.43,16.85
230,-11.54005705483459,21.026757617874424,2025-05-11 15:00:00,39,4.01,17.3
230,-11.54005705483459,21.026757617874424,2025-05-11 18:00:00,42,1.97,13.9
230,-11.54005705483459,21.026757617874424,2025-05-11 21:00:00,45,3.76,16.99
230,-11.54005705483459,21.026757617874424,2025-05-12 00:00:00,48,3.38,18.67
230,-11.54005705483459,21.026757617874424,2025-05-12 03:00:00,51,5.39,28.26
230,-11.54005705483459,21.026757617874424,2025-05-12 06:00:00,54,8.76,35.48
230,-11.54005705483459,21.026757617874424,2025-05-12 09:00:00,57,5.89,39.09
230,-11.54005705483459,21.026757617874424,2025-05-12 12:00:00,60,9.55,43.41
230,-11.54005705483459,21.026757617874424,2025-05-12 15:00:00,63,7.13,42.21
230,-11.54005705483459,21.026757617874424,2025-05-12 18:00:00,66,6.27,38.96
230,-11.54005705483459,21.026757617874424,2025-05-12 21:00:00,69,4.8,39.82
230,-11.54005705483459,21.026757617874424,2025-05-13 00:00:00,72,6.39,39.68
230,-11.54005705483459,21.026757617874424,2025-05-13 03:00:00,75,2.41,32.21
230,-11.54005705483459,21.026757617874424,2025-05-13 06:00:00,78,1.05,20.87
230,-11.54005705483459,21.026757617874424,2025-05-13 09:00:00,81,2.73,24.42
230,-11.54005705483459,21.026757617874424,2025-05-13 12:00:00,84,0.84,14.65
230,-11.54005705483459,21.026757617874424,2025-05-13 15:00:00,87,2.66,12.15
230,-11.54005705483459,21.026757617874424,2025-05-13 18:00:00,90,4.09,15.65
230,-11.54005705483459,21.026757617874424,2025-05-13 21:00:00,93,5.5,20.44
230,-11.54005705483459,21.026757617874424,2025-05-14 00:00:00,96,6.38,23.29
230,-11.54005705483459,21.026757617874424,2025-05-14 03:00:00,99,4.63,23.61
230,-11.54005705483459,21.026757617874424,2025-05-14 06:00:00,102,8.39,36.37
230,-11.54005705483459,21.026757617874424,2025-05-14 09:00:00,105,8.09,40.43
230,-11.54005705483459,21.026757617874424,2025-05-14 12:00:00,108,8.61,44.4
230,-11.54005705483459,21.026757617874424,2025-05-14 15:00:00,111,8.0,42.18
230,-11.54005705483459,21.026757617874424,2025-05-14 18:00:00,114,7.25,48.14
230,-11.54005705483459,21.026757617874424,2025-05-14 21:00:00,117,6.28,40.69
231,-11.91311899407459,21.401881874604218,2025-05-10 00:00:00,0,5.28,26.34
231,-11.91311899407459,21.401881874604218,2025-05-10 03:00:00,3,7.8,28.53
231,-11.91311899407459,21.401881874604218,2025-05-10 06:00:00,6,6.96,35.88
231,-11.91311899407459,21.401881874604218,2025-05-10 09:00:00,9,9.72,44.19
231,-11.91311899407459,21.401881874604218,2025-05-10 12:00:00,12,8.45,46.08
231,-11.91311899407459,21.401881874604218,2025-05-10 15:00:00,15,7.41,45.14
231,-11.91311899407459,21.401881874604218,2025-05-10 18:00:00,18,6.17,42.41
231,-11.91311899407459,21.401881874604218,2025-05-10 21:00:00,21,7.39,46.16
231,-11.91311899407459,21.401881874604218,2025-05-11 00:00:00,24,5.85,41.8
231,-11.91311899407459,21.401881874604218,2025-05-11 03:00:00,27,4.35,31.36
231,-11.91311899407459,21.401881874604218,2025-05-11 06:00:00,30,3.42,27.61
231,-11.91311899407459,21.401881874604218,2025-05-11 09:00:00,33,3.31,24.67
231,-11.91311899407459,21.401881874604218,2025-05-11 12:00:00,36,2.79,17.75
231,-11.91311899407459,21.401881874604218,2025-05-11 15:00:00,39,3.4,19.81
231,-11.91311899407459,21.401881874604218,2025-05-11 18:00:00,42,4.09,17.44
231,-11.91311899407459,21.401881874604218,2025-05-11 21:00:00,45,3.13,17.42
231,-11.91311899407459,21.401881874604218,2025-05-12 00:00:00,48,4.19,19.57
231,-11.91311899407459,21.401881874604218,2025-05-12 03:00:00,51,6.79,32.89
231,-11.91311899407459,21.401881874604218,2025-05-12 06:00:00,54,8.39,37.23
231,-11.91311899407459,21.401881874604218,2025-05-12 09:00:00,57,7.87,38.19
231,-11.91311899407459,21.401881874604218,2025-05-12 12:00:00,60,6.25,37.66
231,-11.91311899407459,21.401881874604218,2025-05-12 15:00:00,63,7.56,41.71
231,-11.91311899407459,21.401881874604218,2025-05-12 18:00:00,66,6.89,45.25
231,-11.91311899407459,21.401881874604218,2025-05-12 21:00:00,69,5.28,41.54
231,-11.91311899407459,21.401881874604218,2025-05-13 00:00:00,72,3.03,29.92
231,-11.91311899407459,21.401881874604218,2025-05-13 03:00:00,75,3.02,33.35
231,-11.91311899407459,21.401881874604218,2025-05-13 06:00:00,78,4.22,29.37
231,-11.91311899407459,21.401881874604218,2025-05-13 09:00:00,81,2.79,18.79
231,-11.91311899407459,21.401881874604218,2025-05-13 12:00:00,84,1.64,18.72
231,-11.91311899407459,21.401881874604218,2025-05-13 15:00:00,87,2.9,16.44
231,-11.91311899407459,21.401881874604218,2025-05-13 18:00:00,90,1.39,9.91
231,-11.91311899407459,21.401881874604218,2025-05-13 21:00:00,93,3.86,19.44
231,-11.91311899407459,21.401881874604218,2025-05-14 00:00:00,96,4.75,25.91
231,-11.91311899407459,21.401881874604218,2025-05-14 03:00:00,99,5.89,26.73
231,-11.91311899407459,21.401881874604218,2025-05-14 06:00:00,102,7.17,31.3
231,-11.91311899407459,21.401881874604218,2025-05-14 09:00:00,105,9.31,41.19
231,-11.91311899407459,21.401881874604218,2025-05-14 12:00:00,108,7.28,41.57
231,-11.91311899407459,21.401881874604218,2025-05-14 15:00:00,111,6.76,44.63
231,-11.91311899407459,21.401881874604218,2025-05-14 18:00:00,114,8.96,51.12
231,-11.91311899407459,21.401881874604218,2025-05-14 21:00:00,117,6.01,44.99
232,-11.358942849709551,21.623087939960076,2025-05-10 00:00:00,0,4.2,24.34
232,-11.358942849709551,21.623087939960076,2025-05-10 03:00:00,3,4.65,25.41
232,-11.358942849709551,21.623087939960076,2025-05-10 06:00:00,6,8.62,33.31
232,-11.358942849709551,21.623087939960076,2025-05-10 09:00:00,9,7.86,38.48
232,-11.358942849709551,21.623087939960076,2025-05-10 12:00:00,12,9.96,43.07
232,-11.358942849709551,21.623087939960076,2025-05-10 15:00:00,15,5.89,41.64
232,-11.358942849709551,21.623087939960076,2025-05-10 18:00:00,18,8.14,42.42
232,-11.358942849709551,21.623087939960076,2025-05-10 21:00:00,21,4.31,40.65
232,-11.358942849709551,21.623087939960076,2025-05-11 00:00:00,24,3.21,35.96
232,-11.358942849709551,21.623087939960076,2025-05-11 03:00:00,27,3.71,28.18
232,-11.358942849709551,21.623087939960076,2025-05-11 06:00:00,30,1.79,23.07
232,-11.358942849709551,21.623087939960076,2025-05-11 09:00:00,33,2.83,19.08
232,-11.358942849709551,21.623087939960076,2025-05-11 12:00:00,36,0.19,16.6
232,-11.358942849709551,21.623087939960076,2025-05-11 15:00:00,39,0.33,7.63
232,-11.358942849709551,21.623087939960076,2025-05-11 18:00:00,42,3.35,17.53
232,-11.358942849709551,21.623087939960076,2025-05-11 21:00:00,45,3.87,15.23
232,-11.358942849709551,21.623087939960076,2025-05-12 00:00:00,48,6.47,29.26
232,-11.358942849709551,21.623087939960076,2025-05-12 03:00:00,51,6.99,29.1
232,-11.358942849709551,21.623087939960076,2025-05-12 06:00:00,54,7.77,33.58
232,-11.358942849709551,21.623087939960076,2025-05-12 09:00:00,57,5.9,35.8
232,-11.358942849709551,21.623087939960076,2025-05-12 12:00:00,60,8.91,48.86
232,-11.358942849709551,21.623087939960076,2025-05-12 15:00:00,63,6.27,40.0
232,-11.358942849709551,21.623087939960076,2025-05-12 18:00:00,66,6.94,44.97
232,-11.358942849709551,21.623087939960076,2025-05-12 21:00:00,69,7.84,43.02
232,-11.358942849709551,21.623087939960076,2025-05-13 00:00:00,72,3.06,35.14
232,-11.358942849709551,21.623087939960076,2025-05-13 03:00:00,75,4.11,30.32
232,-11.358942849709551,21.623087939960076,2025-05-13 06:00:00,78,1.97,27.17
232,-11.358942849709551,21.623087939960076,2025-05-13 09:00:00,81,1.13,17.89
232,-11.358942849709551,21.623087939960076,2025-05-13 12:00:00,84,3.47,22.39
232,-11.358942849709551,21.623087939960076,2025-05-13 15:00:00,87,3.29,19.1
232,-11.358942849709551,21.623087939960076,2025-05-13 18:00:00,90,3.82,15.18
232,-11.358942849709551,21.623087939960076,2025-05-13 21:00:00,93,5.47,22.31
232,-11.358942849709551,21.623087939960076,2025-05-14 00:00:00,96,5.75,28.23
232,-11.358942849709551,21.623087939960076,2025-05-14 03:00:00,99,7.74,35.57
232,-11.358942849709551,21.623087939960076,2025-05-14 06:00:00,102,7.77,34.84
232,-11.358942849709551,21.623087939960076,2025-05-14 09:00:00,105,8.86,40.77
232,-11.358942849709551,21.623087939960076,2025-05-14 12:00:00,108,7.32,38.97
232,-11.358942849709551,21.623087939960076,2025-05-14 15:00:00,111,7.3,41.11
232,-11.358942849709551,21.623087939960076,2025-05-14 18:00:00,114,8.19,43.21
232,-11.358942849709551,21.623087939960076,2025-05-14 21:00:00,117,8.08,45.51
233,-11.359941311402968,21.35219183719973,2025-05-10 00:00:00,0,5.37,23.39
233,-11.359941311402968,21.35219183719973,2025-05-10 03:00:00,3,5.75,23.79
233,-11.359941311402968,21.35219183719973,2025-05-10 06:00:00,6,7.0,35.58
233,-11.359941311402968,21.35219183719973,2025-05-10 09:00:00,9,7.92,41.53
233,-11.359941311402968,21.35219183719973,2025-05-10 12:00:00,12,7.29,42.91
233,-11.359941311402968,21.35219183719973,2025-05-10 15:00:00,15,9.53,50.98
233,-11.359941311402968,21.35219183719973,2025-05-10 18:00:00,18,9.06,51.44
233,-11.359941311402968,21.35219183719973,2025-05-10 21:00:00,21,7.13,44.56
233,-11.359941311402968,21.35219183719973,2025-05-11 00:00:00,24,3.3,34.51
233,-11.359941311402968,21.35219183719973,2025-05-11 03:00:00,27,3.89,28.58
233,-11.359941311402968,21.35219183719973,2025-05-11 06:00:00,30,1.16,22.45
233,-11.359941311402968,21.35219183719973,2025-05-11 09:00:00,33,1.73,18.82
233,-11.359941311402968,21.35219183719973,2025-05-11 12:00:00,36,3.71,21.62
233,-11.359941311402968,21.35219183719973,2025-05-11 15:00:00,39,0.36,11.83
233,-11.359941311402968,21.35219183719973,2025-05-11 18:00:00,42,3.88,15.28
233,-11.359941311402968,21.35219183719973,2025-05-11 21:00:00,45,4.67,22.03
233,-11.359941311402968,21.35219183719973,2025-05-12 00:00:00,48,6.82,27.85
233,-11.359941311402968,21.35219183719973,2025-05-12 03:00:00,51,5.0,26.45
233,-11.359941311402968,21.35219183719973,2025-05-12 06:00:00,54,5.48,33.58
233,-11.359941311402968,21.35219183719973,2025-05-12 09:00:00,57,7.67,37.55
233,-11.359941311402968,21.35219183719973,2025-05-12 12:00:00,60,8.65,41.66
233,-11.359941311402968,21.35219183719973,2025-05-12 15:00:00,63,5.86,42.15
233,-11.359941311402968,21.35219183719973,2025-05-12 18:00:00,66,8.43,50.31
233,-11.359941311402968,21.35219183719973,2025-05-12 21:00:00,69,7.24,41.69
233,-11.359941311402968,21.35219183719973,2025-05-13 00:00:00,72,5.09,38.35
233,-11.359941311402968,21.35219183719973,2025-05-13 03:00:00,75,2.08,31.08
233,-11.359941311402968,21.35219183719973,2025-05-13 06:00:00,78,3.27,27.74
233,-11.359941311402968,21.35219183719973,2025-05-13 09:00:00,81,2.49,22.83
233,-11.359941311402968,21.35219183719973,2025-05-13 12:00:00,84,0.17,10.09
233,-11.359941311402968,21.35219183719973,2025-05-13 15:00:00,87,3.44,19.48
233,-11.359941311402968,21.35219183719973,2025-05-13 18:00:00,90,3.34,16.75
233,-11.359941311402968,21.35219183719973,2025-05-13 21:00:00,93,2.74,16.77
233,-11.359941311402968,21.35219183719973,2025-05-14 00:00:00,96,4.4,24.38
233,-11.359941311402968,21.35219183719973,2025-05-14 03:00:00,99,7.77,32.75
233,-11.359941311402968,21.35219183719973,2025-05-14 06:00:00,102,7.4,33.53
233,-11.359941311402968,21.35219183719973,2025-05-14 09:00:00,105,9.19,38.65
233,-11.359941311402968,21.35219183719973,2025-05-14 12:00:00,108,9.38,45.11
233,-11.359941311402968,21.35219183719973,2025-05-14 15:00:00,111,9.37,46.48
233,-11.359941311402968,21.35219183719973,2025-05-14 18:00:00,114,7.39,44.54
233,-11.359941311402968,21.35219183719973,2025-05-14 21:00:00,117,8.03,42.89
234,-11.634142400136904,21.07119859626017,2025-05-10 00:00:00,0,4.02,17.04
234,-11.634142400136904,21.07119859626017,2025-05-10 03:00:00,3,6.48,26.67
234,-11.634142400136904,21.07119859626017,2025-05-10 06:00:00,6,8.14,39.66
234,-11.634142400136904,21.07119859626017,2025-05-10 09:00:00,9,6.73,39.31
234,-11.634142400136904,21.07119859626017,2025-05-10 12:00:00,12,9.02,47.91
234,-11.634142400136904,21.07119859626017,2025-05-10 15:00:00,15,7.0,45.73
234,-11.634142400136904,21.07119859626017,2025-05-10 18:00:00,18,7.65,45.79
234,-11.634142400136904,21.07119859626017,2025-05-10 21:00:00,21,6.66,44.55
234,-11.634142400136904,21.07119859626017,2025-05-11 00:00:00,24,4.53,35.78
234,-11.634142400136904,21.07119859626017,2025-05-11 03:00:00,27,2.27,27.57
234,-11.634142400136904,21.07119859626017,2025-05-11 06:00:00,30,4.1,30.75
234,-11.634142400136904,21.07119859626017,2025-05-11 09:00:00,33,3.57,19.53
234,-11.634142400136904,21.07119859626017,2025-05-11 12:00:00,36,0.73,11.32
234,-11.634142400136904,21.07119859626017,2025-05-11 15:00:00,39,1.14,12.57
234,-11.634142400136904,21.07119859626017,2025-05-11 18:00:00,42,0.92,7.88
234,-11.634142400136904,21.07119859626017,2025-05-11 21:00:00,45,2.66,16.23
234,-11.634142400136904,21.07119859626017,2025-05-12 00:00:00,48,5.91,21.44
234,-11.634142400136904,21.07119859626017,2025-05-12 03:00:00,51,6.42,26.12
234,-11.634142400136904,21.07119859626017,2025-05-12 06:00:00,54,7.76,38.33
234,-11.634142400136904,21.07119859626017,2025-05-12 09:00:00,57,7.25,39.08
234,-11.634142400136904,21.07119859626017,2025-05-12 12:00:00,60,7.52,40.88
234,-11.634142400136904,21.07119859626017,2025-05-12 15:00:00,63,8.51,48.31
234,-11.634142400136904,21.07119859626017,2025-05-12 18:00:00,66,6.62,41.08
234,-11.634142400136904,21.07119859626017,2025-05-12 21:00:00,69,4.99,42.57
234,-11.634142400136904,21.07119859626017,2025-05-13 00:00:00,72,4.34,34.59
234,-11.634142400136904,21.07119859626017,2025-05-13 03:00:00,75,4.26,34.02
234,-11.634142400136904,21.07119859626017,2025-05-13 06:00:00,78,3.01,23.7
234,-11.634142400136904,21.07119859626017,2025-05-13 09:00:00,81,1.21,20.51
234,-11.634142400136904,21.07119859626017,2025-05-13 12:00:00,84,0.08,11.99
234,-11.634142400136904,21.07119859626017,2025-05-13 15:00:00,87,1.67,14.41
234,-11.634142400136904,21.07119859626017,2025-05-13 18:00:00,90,0.88,14.9
234,-11.634142400136904,21.07119859626017,2025-05-13 21:00:00,93,4.47,23.12
234,-11.634142400136904,21.07119859626017,2025-05-14 00:00:00,96,3.76,22.93
234,-11.634142400136904,21.07119859626017,2025-05-14 03:00:00,99,4.82,29.74
234,-11.634142400136904,21.07119859626017,2025-05-14 06:00:00,102,6.25,30.1
234,-11.634142400136904,21.07119859626017,2025-05-14 09:00:00,105,8.38,38.25
234,-11.634142400136904,21.07119859626017,2025-05-14 12:00:00,108,8.15,40.36
234,-11.634142400136904,21.07119859626017,2025-05-14 15:00:00,111,7.31,45.82
234,-11.634142400136904,21.07119859626017,2025-05-14 18:00:00,114,5.51,42.48
234,-11.634142400136904,21.07119859626017,2025-05-14 21:00:00,117,6.52,43.22
235,-11.42650167494434,21.257172405069294,2025-05-10 00:00:00,0,5.69,21.63
235,-11.42650167494434,21.257172405069294,2025-05-10 03:00:00,3,5.44,30.04
235,-11.42650167494434,21.257172405069294,2025-05-10 06:00:00,6,5.92,30.29
235,-11.42650167494434,21.257172405069294,2025-05-10 09:00:00,9,8.49,37.76
235,-11.42650167494434,21.257172405069294,2025-05-10 12:00:00,12,6.6,38.32
235,-11.42650167494434,21.257172405069294,2025-05-10 15:00:00,15,7.61,47.22
235,-11.42650167494434,21.257172405069294,2025-05-10 18:00:00,18,7.84,46.7
235,-11.42650167494434,21.257172405069294,2025-05-10 21:00:00,21,5.43,40.6
235,-11.42650167494434,21.257172405069294,2025-05-11 00:00:00,24,6.51,43.13
235,-11.42650167494434,21.257172405069294,2025-05-11 03:00:00,27,5.6,34.43
235,-11.42650167494434,21.257172405069294,2025-05-11 06:00:00,30,3.92,31.02
235,-11.42650167494434,21.257172405069294,2025-05-11 09:00:00,33,3.16,26.44
235,-11.42650167494434,21.257172405069294,2025-05-11 12:00:00,36,1.72,16.31
235,-11.42650167494434,21.257172405069294,2025-05-11 15:00:00,39,2.05,14.09
235,-11.42650167494434,21.257172405069294,2025-05-11 18:00:00,42,3.41,18.68
235,-11.42650167494434,21.257172405069294,2025-05-11 21:00:00,45,2.3,15.38
235,-11.42650167494434,21.257172405069294,2025-05-12 00:00:00,48,4.55,20.14
235,-11.42650167494434,21.257172405069294,2025-05-12 03:00:00,51,7.41,34.69
235,-11.42650167494434,21.257172405069294,2025-05-12 06:00:00,54,7.88,34.59
235,-11.42650167494434,21.257172405069294,2025-05-12 09:00:00,57,7.43,41.22
235,-11.42650167494434,21.257172405069294,2025-05-12 12:00:00,60,7.35,38.75
235,-11.42650167494434,21.257172405069294,2025-05-12 15:00:00,63,6.86,41.39
235,-11.42650167494434,21.257172405069294,2025-05-12 18:00:00,66,8.58,47.04
235,-11.42650167494434,21.257172405069294,2025-05-12 21:00:00,69,4.37,40.7
235,-11.42650167494434,21.257172405069294,2025-05-13 00:00:00,72,5.66,35.65
235,-11.42650167494434,21.257172405069294,2025-05-13 03:00:00,75,3.53,28.04
235,-11.42650167494434,21.257172405069294,2025-05-13 06:00:00,78,1.58,25.26
235,-11.42650167494434,21.257172405069294,2025-05-13 09:00:00,81,0.45,15.49
235,-11.42650167494434,21.257172405069294,2025-05-13 12:00:00,84,0.39,10.55
235,-11.42650167494434,21.257172405069294,2025-05-13 15:00:00,87,1.08,11.06
235,-11.42650167494434,21.257172405069294,2025-05-13 18:00:00,90,3.0,12.25
235,-11.42650167494434,21.257172405069294,2025-05-13 21:00:00,93,3.29,15.73
235,-11.42650167494434,21.257172405069294,2025-05-14 00:00:00,96,5.88,22.13
235,-11.42650167494434,21.257172405069294,2025-05-14 03:00:00,99,6.34,27.46
235,-11.42650167494434,21.257172405069294,2025-05-14 06:00:00,102,6.38,29.35
235,-11.42650167494434,21.257172405069294,2025-05-14 09:00:00,105,9.39,41.93
235,-11.42650167494434,21.257172405069294,2025-05-14 12:00:00,108,9.77,50.1
235,-11.42650167494434,21.257172405069294,2025-05-14 15:00:00,111,9.54,52.3
235,-11.42650167494434,21.257172405069294,2025-05-14 18:00:00,114,8.84,50.13
235,-11.42650167494434,21.257172405069294,2025-05-14 21:00:00,117,5.7,42.92
236,-11.356590893943535,21.399302620433875,2025-05-10 00:00:00,0,6.7,25.72
236,-11.356590893943535,21.399302620433875,2025-05-10 03:00:00,3,4.8,25.78
236,-11.356590893943535,21.399302620433875,2025-05-10 06:00:00,6,9.01,35.22
236,-11.356590893943535,21.399302620433875,2025-05-10 09:00:00,9,7.99,38.17
236,-11.356590893943535,21.399302620433875,2025-05-10 12:00:00,12,6.61,38.95
236,-11.356590893943535,21.399302620433875,2025-05-10 15:00:00,15,9.2,43.94
236,-11.356590893943535,21.399302620433875,2025-05-10 18:00:00,18,8.9,46.76
236,-11.356590893943535,21.399302620433875,2025-05-10 21:00:00,21,7.87,48.21
236,-11.356590893943535,21.399302620433875,2025-05-11 00:00:00,24,5.34,36.57
236,-11.356590893943535,21.399302620433875,2025-05-11 03:00:00,27,2.92,33.07
236,-11.356590893943535,21.399302620433875,2025-05-11 06:00:00,30,1.36,21.17
236,-11.356590893943535,21.399302620433875,2025-05-11 09:00:00,33,1.2,18.77
236,-11.356590893943535,21.399302620433875,2025-05-11 12:00:00,36,1.54,18.11
236,-11.356590893943535,21.399302620433875,2025-05-11 15:00:00,39,1.98,18.28
236,-11.356590893943535,21.399302620433875,2025-05-11 18:00:00,42,4.48,15.63
236,-11.356590893943535,21.399302620433875,2025-05-11 21:00:00,45,2.83,17.38
236,-11.356590893943535,21.399302620433875,2025-05-12 00:00:00,48,6.92,23.37
236,-11.356590893943535,21.399302620433875,2025-05-12 03:00:00,51,4.52,24.89
236,-11.356590893943535,21.399302620433875,2025-05-12 06:00:00,54,7.73,37.77
236,-11.356590893943535,21.399302620433875,2025-05-12 09:00:00,57,6.97,34.46
236,-11.356590893943535,21.399302620433875,2025-05-12 12:00:00,60,7.32,41.67
236,-11.356590893943535,21.399302620433875,2025-05-12 15:00:00,63,9.19,47.71
236,-11.356590893943535,21.399302620433875,2025-05-12 18:00:00,66,5.53,39.73
236,-11.356590893943535,21.399302620433875,2025-05-12 21:00:00,69,7.83,41.76
236,-11.356590893943535,21.399302620433875,2025-05-13 00:00:00,72,5.57,39.38
236,-11.356590893943535,21.399302620433875,2025-05-13 03:00:00,75,3.33,32.66
236,-11.356590893943535,21.399302620433875,2025-05-13 06:00:00,78,3.19,30.06
236,-11.356590893943535,21.399302620433875,2025-05-13 09:00:00,81,3.29,21.1
236,-11.356590893943535,21.399302620433875,2025-05-13 12:00:00,84,1.25,12.07
236,-11.356590893943535,21.399302620433875,2025-05-13 15:00:00,87,1.9,17.97
236,-11.356590893943535,21.399302620433875,2025-05-13 18:00:00,90,3.31,20.3
236,-11.356590893943535,21.399302620433875,2025-05-13 21:00:00,93,5.67,25.46
236,-11.356590893943535,21.399302620433875,2025-05-14 00:00:00,96,6.82,25.16
236,-11.356590893943535,21.399302620433875,2025-05-14 03:00:00,99,5.48,28.38
236,-11.356590893943535,21.399302620433875,2025-05-14 06:00:00,102,8.03,32.18
236,-11.356590893943535,21.399302620433875,2025-05-14 09:00:00,105,8.78,42.82
236,-11.356590893943535,21.399302620433875,2025-05-14 12:00:00,108,6.61,36.47
236,-11.356590893943535,21.399302620433875,2025-05-14 15:00:00,111,7.1,42.22
236,-11.356590893943535,21.399302620433875,2025-05-14 18:00:00,114,5.92,37.88
236,-11.356590893943535,21.399302620433875,2025-05-14 21:00:00,117,7.06,39.73
237,-11.377312400386293,21.365917923141907,2025-05-10 00:00:00,0,6.13,24.56
237,-11.377312400386293,21.365917923141907,2025-05-10 03:00:00,3,8.11,34.1
237,-11.377312400386293,21.365917923141907,2025-05-10 06:00:00,6,6.58,29.36
237,-11.377312400386293,21.365917923141907,2025-05-10 09:00:00,9,6.49,33.38
237,-11.377312400386293,21.365917923141907,2025-05-10 12:00:00,12,7.84,41.79
237,-11.377312400386293,21.365917923141907,2025-05-10 15:00:00,15,8.02,44.58
237,-11.377312400386293,21.365917923141907,2025-05-10 18:00:00,18,7.06,42.28
237,-11.377312400386293,21.365917923141907,2025-05-10 21:00:00,21,6.36,44.68
237,-11.377312400386293,21.365917923141907,2025-05-11 00:00:00,24,3.01,30.85
237,-11.377312400386293,21.365917923141907,2025-05-11 03:00:00,27,3.62,29.09
237,-11.377312400386293,21.365917923141907,2025-05-11 06:00:00,30,3.56,27.5
237,-11.377312400386293,21.365917923141907,2025-05-11 09:00:00,33,3.18,26.24
237,-11.377312400386293,21.365917923141907,2025-05-11 12:00:00,36,1.44,18.32
237,-11.377312400386293,21.365917923141907,2025-05-11 15:00:00,39,0.47,12.87
237,-11.377312400386293,21.365917923141907,2025-05-11 18:00:00,42,1.21,13.26
237,-11.377312400386293,21.365917923141907,2025-05-11 21:00:00,45,4.17,21.64
237,-11.377312400386293,21.365917923141907,2025-05-12 00:00:00,48,6.46,27.27
237,-11.377312400386293,21.365917923141907,2025-05-12 03:00:00,51,6.14,32.09
237,-11.377312400386293,21.365917923141907,2025-05-12 06:00:00,54,8.71,38.12
237,-11.377312400386293,21.365917923141907,2025-05-12 09:00:00,57,9.49,39.78
237,-11.377312400386293,21.365917923141907,2025-05-12 12:00:00,60,9.77,49.2
237,-11.377312400386293,21.365917923141907,2025-05-12 15:00:00,63,7.92,48.93
237,-11.377312400386293,21.365917923141907,2025-05-12 18:00:00,66,8.35,43.3
237,-11.377312400386293,21.365917923141907,2025-05-12 21:00:00,69,7.27,42.39
237,-11.377312400386293,21.365917923141907,2025-05-13 00:00:00,72,6.65,43.91
237,-11.377312400386293,21.365917923141907,2025-05-13 03:00:00,75,2.08,25.57
237,-11.377312400386293,21.365917923141907,2025-05-13 06:00:00,78,2.52,27.65
237,-11.377312400386293,21.365917923141907,2025-05-13 09:00:00,81,2.17,17.89
237,-11.377312400386293,21.365917923141907,2025-05-13 12:00:00,84,2.54,19.31
237,-11.377312400386293,21.365917923141907,2025-05-13 15:00:00,87,4.12,19.93
237,-11.377312400386293,21.365917923141907,2025-05-13 18:00:00,90,2.68,14.63
237,-11.377312400386293,21.365917923141907,2025-05-13 21:00:00,93,2.25,12.06
237,-11.377312400386293,21.365917923141907,2025-05-14 00:00:00,96,3.11,16.0
237,-11.377312400386293,21.365917923141907,2025-05-14 03:00:00,99,6.9,31.21
237,-11.377312400386293,21.365917923141907,2025-05-14 06:00:00,102,5.91,33.08
237,-11.377312400386293,21.365917923141907,2025-05-14 09:00:00,105,7.77,40.06
237,-11.377312400386293,21.365917923141907,2025-05-14 12:00:00,108,7.36,41.79
237,-11.377312400386293,21.365917923141907,2025-05-14 15:00:00,111,8.92,44.44
237,-11.377312400386293,21.365917923141907,2025-05-14 18:00:00,114,7.83,44.03
237,-11.377312400386293,21.365917923141907,2025-05-14 21:00:00,117,5.32,39.17
238,-11.58852131564168,21.74821708518251,2025-05-10 00:00:00,0,4.57,21.95
238,-11.58852131564168,21.74821708518251,2025-05-10 03:00:00,3,7.56,33.17
238,-11.58852131564168,21.74821708518251,2025-05-10 06:00:00,6,6.22,31.36
238,-11.58852131564168,21.74821708518251,2025-05-10 09:00:00,9,8.36,40.62
238,-11.58852131564168,21.74821708518251,2025-05-10 12:00:00,12,8.72,42.32
238,-11.58852131564168,21.74821708518251,2025-05-10 15:00:00,15,5.82,42.07
238,-11.58852131564168,21.74821708518251,2025-05-10 18:00:00,18,8.8,49.14
238,-11.58852131564168,21.74821708518251,2025-05-10 21:00:00,21,6.14,40.62
238,-11.58852131564168,21.74821708518251,2025-05-11 00:00:00,24,5.27,36.74
238,-11.58852131564168,21.74821708518251,2025-05-11 03:00:00,27,2.08,29.51
238,-11.58852131564168,21.74821708518251,2025-05-11 06:00:00,30,1.18,18.47
238,-11.58852131564168,21.74821708518251,2025-05-11 09:00:00,33,0.65,17.08
238,-11.58852131564168,21.74821708518251,2025-05-11 12:00:00,36,1.86,18.51
238,-11.58852131564168,21.74821708518251,2025-05-11 15:00:00,39,3.7,18.26
238,-11.58852131564168,21.74821708518251,2025-05-11 18:00:00,42,4.39,15.94
238,-11.58852131564168,21.74821708518251,2025-05-11 21:00:00,45,3.7,19.46
238,-11.58852131564168,21.74821708518251,2025-05-12 00:00:00,48,5.37,21.41
238,-11.58852131564168,21.74821708518251,2025-05-12 03:00:00,51,6.67,30.14
238,-11.58852131564168,21.74821708518251,2025-05-12 06:00:00,54,9.08,40.56
238,-11.58852131564168,21.74821708518251,2025-05-12 09:00:00,57,6.1,38.25
238,-11.58852131564168,21.74821708518251,2025-05-12 12:00:00,60,7.07,44.93
238,-11.58852131564168,21.74821708518251,2025-05-12 15:00:00,63,5.78,37.75
238,-11.58852131564168,21.74821708518251,2025-05-12 18:00:00,66,5.96,37.93
238,-11.58852131564168,21.74821708518251,2025-05-12 21:00:00,69,6.52,44.5
238,-11.58852131564168,21.74821708518251,2025-05-13 00:00:00,72,5.48,41.25
238,-11.58852131564168,21.74821708518251,2025-05-13 03:00:00,75,5.69,37.47
238,-11.58852131564168,21.74821708518251,2025-05-13 06:00:00,78,3.04,24.17
238,-11.58852131564168,21.74821708518251,2025-05-13 09:00:00,81,3.8,21.3
238,-11.58852131564168,21.74821708518251,2025-05-13 12:00:00,84,1.87,15.81
238,-11.58852131564168,21.74821708518251,2025-05-13 15:00:00,87,1.59,11.32
238,-11.58852131564168,21.74821708518251,2025-05-13 18:00:00,90,3.34,18.32
238,-11.58852131564168,21.74821708518251,2025-05-13 21:00:00,93,4.57,17.47
238,-11.58852131564168,21.74821708518251,2025-05-14 00:00:00,96,4.04,23.71
238,-11.58852131564168,21.74821708518251,2025-05-14 03:00:00,99,6.07,30.57
238,-11.58852131564168,21.74821708518251,2025-05-14 06:00:00,102,5.94,30.3
238,-11.58852131564168,21.74821708518251,2025-05-14 09:00:00,105,9.77,40.19
238,-11.58852131564168,21.74821708518251,2025-05-14 12:00:00,108,6.9,42.32
238,-11.58852131564168,21.74821708518251,2025-05-14 15:00:00,111,8.9,43.82
238,-11.58852131564168,21.74821708518251,2025-05-14 18:00:00,114,7.33,48.06
238,-11.58852131564168,21.74821708518251,2025-05-14 21:00:00,117,6.52,39.01
239,-11.376734681029163,21.653687945440463,2025-05-10 00:00:00,0,5.64,23.51
239,-11.376734681029163,21.653687945440463,2025-05-10 03:00:00,3,7.01,29.03
239,-11.376734681029163,21.653687945440463,2025-05-10 06:00:00,6,8.22,37.41
239,-11.376734681029163,21.653687945440463,2025-05-10 09:00:00,9,9.27,39.01
239,-11.376734681029163,21.653687945440463,2025-05-10 12:00:00,12,7.2,43.54
239,-11.376734681029163,21.653687945440463,2025-05-10 15:00:00,15,7.73,43.6
239,-11.376734681029163,21.653687945440463,2025-05-10 18:00:00,18,5.22,38.31
239,-11.376734681029163,21.653687945440463,2025-05-10 21:00:00,21,5.35,39.56
239,-11.376734681029163,21.653687945440463,2025-05-11 00:00:00,24,5.07,38.04
239,-11.376734681029163,21.653687945440463,2025-05-11 03:00:00,27,4.8,36.96
239,-11.376734681029163,21.653687945440463,2025-05-11 06:00:00,30,2.63,28.69
239,-11.376734681029163,21.653687945440463,2025-05-11 09:00:00,33,1.09,21.25
239,-11.376734681029163,21.653687945440463,2025-05-11 12:00:00,36,2.9,20.5
239,-11.376734681029163,21.653687945440463,2025-05-11 15:00:00,39,0.43,13.76
239,-11.376734681029163,21.653687945440463,2025-05-11 18:00:00,42,4.24,15.16
239,-11.376734681029163,21.653687945440463,2025-05-11 21:00:00,45,4.22,16.33
239,-11.376734681029163,21.653687945440463,2025-05-12 00:00:00,48,6.17,27.97
239,-11.376734681029163,21.653687945440463,2025-05-12 03:00:00,51,6.05,27.92
239,-11.376734681029163,21.653687945440463,2025-05-12 06:00:00,54,6.83,31.86
239,-11.376734681029163,21.653687945440463,2025-05-12 09:00:00,57,7.12,39.44
239,-11.376734681029163,21.653687945440463,2025-05-12 12:00:00,60,9.95,43.04
239,-11.376734681029163,21.653687945440463,2025-05-12 15:00:00,63,6.25,40.49
239,-11.376734681029163,21.653687945440463,2025-05-12 18:00:00,66,5.43,37.71
239,-11.376734681029163,21.653687945440463,2025-05-12 21:00:00,69,6.55,45.37
239,-11.376734681029163,21.653687945440463,2025-05-13 00:00:00,72,4.8,35.52
239,-11.376734681029163,21.653687945440463,2025-05-13 03:00:00,75,2.11,31.5
239,-11.376734681029163,21.653687945440463,2025-05-13 06:00:00,78,3.5,28.74
239,-11.376734681029163,21.653687945440463,2025-05-13 09:00:00,81,2.83,19.79
239,-11.376734681029163,21.653687945440463,2025-05-13 12:00:00,84,3.21,20.92
239,-11.376734681029163,21.653687945440463,2025-05-13 15:00:00,87,2.44,16.43
239,-11.376734681029163,21.653687945440463,2025-05-13 18:00:00,90,2.59,15.7
239,-11.376734681029163,21.653687945440463,2025-05-13 21:00:00,93,4.81,21.3
239,-11.376734681029163,21.653687945440463,2025-05-14 00:00:00,96,6.21,26.16
239,-11.376734681029163,21.653687945440463,2025-05-14 03:00:00,99,4.88,22.76
239,-11.376734681029163,21.653687945440463,2025-05-14 06:00:00,102,8.75,39.1
239,-11.376734681029163,21.653687945440463,2025-05-14 09:00:00,105,7.48,37.93
239,-11.376734681029163,21.653687945440463,2025-05-14 12:00:00,108,7.86,41.93
239,-11.376734681029163,21.653687945440463,2025-05-14 15:00:00,111,9.04,46.75
239,-11.376734681029163,21.653687945440463,2025-05-14 18:00:00,114,6.64,46.49
239,-11.376734681029163,21.653687945440463,2025-05-14 21:00:00,117,5.05,39.93
240,-11.287486645009835,21.603661693005538,2025-05-10 00:00:00,0,5.67,26.75
240,-11.287486645009835,21.603661693005538,2025-05-10 03:00:00,3,6.83,26.39
240,-11.287486645009835,21.603661693005538,2025-05-10 06:00:00,6,8.27,33.68
240,-11.287486645009835,21.603661693005538,2025-05-10 09:00:00,9,9.74,42.45
240,-11.287486645009835,21.603661693005538,2025-05-10 12:00:00,12,6.44,38.85
240,-11.287486645009835,21.603661693005538,2025-05-10 15:00:00,15,9.27,43.96
240,-11.287486645009835,21.603661693005538,2025-05-10 18:00:00,18,8.92,45.81
240,-11.287486645009835,21.603661693005538,2025-05-10 21:00:00,21,6.43,42.93
240,-11.287486645009835,21.603661693005538,2025-05-11 00:00:00,24,4.54,33.39
240,-11.287486645009835,21.603661693005538,2025-05-11 03:00:00,27,4.72,29.34
240,-11.287486645009835,21.603661693005538,2025-05-11 06:00:00,30,1.33,26.07
240,-11.287486645009835,21.603661693005538,2025-05-11 09:00:00,33,2.92,25.29
240,-11.287486645009835,21.603661693005538,2025-05-11 12:00:00,36,1.98,16.42
240,-11.287486645009835,21.603661693005538,2025-05-11 15:00:00,39,1.79,16.65
240,-11.287486645009835,21.603661693005538,2025-05-11 18:00:00,42,4.31,14.72
240,-11.287486645009835,21.603661693005538,2025-05-11 21:00:00,45,4.03,20.45
240,-11.287486645009835,21.603661693005538,2025-05-12 00:00:00,48,3.51,20.23
240,-11.287486645009835,21.603661693005538,2025-05-12 03:00:00,51,4.5,28.51
240,-11.287486645009835,21.603661693005538,2025-05-12 06:00:00,54,8.03,33.72
240,-11.287486645009835,21.603661693005538,2025-05-12 09:00:00,57,8.24,43.58
240,-11.287486645009835,21.603661693005538,2025-05-12 12:00:00,60,9.19,46.93
240,-11.287486645009835,21.603661693005538,2025-05-12 15:00:00,63,9.01,49.61
240,-11.287486645009835,21.603661693005538,2025-05-12 18:00:00,66,8.04,46.2
240,-11.287486645009835,21.603661693005538,2025-05-12 21:00:00,69,4.21,38.51
240,-11.287486645009835,21.603661693005538,2025-05-13 00:00:00,72,4.78,34.46
240,-11.287486645009835,21.603661693005538,2025-05-13 03:00:00,75,5.3,31.11
240,-11.287486645009835,21.603661693005538,2025-05-13 06:00:00,78,3.46,30.49
240,-11.287486645009835,21.603661693005538,2025-05-13 09:00:00,81,0.38,15.32
240,-11.287486645009835,21.603661693005538,2025-05-13 12:00:00,84,0.27,14.02
240,-11.287486645009835,21.603661693005538,2025-05-13 15:00:00,87,1.98,16.57
240,-11.287486645009835,21.603661693005538,2025-05-13 18:00:00,90,3.98,18.67
240,-11.287486645009835,21.603661693005538,2025-05-13 21:00:00,93,4.2,21.43
240,-11.287486645009835,21.603661693005538,2025-05-14 00:00:00,96,6.0,25.87
240,-11.287486645009835,21.603661693005538,2025-05-14 03:00:00,99,7.12,31.44
240,-11.287486645009835,21.603661693005538,2025-05-14 06:00:00,102,5.16,32.73
240,-11.287486645009835,21.603661693005538,2025-05-14 09:00:00,105,8.04,43.06
240,-11.287486645009835,21.603661693005538,2025-05-14 12:00:00,108,9.63,45.7
240,-11.287486645009835,21.603661693005538,2025-05-14 15:00:00,111,7.3,47.74
240,-11.287486645009835,21.603661693005538,2025-05-14 18:00:00,114,8.37,45.33
240,-11.287486645009835,21.603661693005538,2025-05-14 21:00:00,117,7.98,45.45
241,-11.841037049847877,21.659519661006694,2025-05-10 00:00:00,0,3.21,15.7
241,-11.841037049847877,21.659519661006694,2025-05-10 03:00:00,3,4.29,24.32
241,-11.841037049847877,21.659519661006694,2025-05-10 06:00:00,6,6.07,33.37
241,-11.841037049847877,21.659519661006694,2025-05-10 09:00:00,9,8.16,39.04
241,-11.841037049847877,21.659519661006694,2025-05-10 12:00:00,12,9.62,49.42
241,-11.841037049847877,21.659519661006694,2025-05-10 15:00:00,15,8.15,46.05
241,-11.841037049847877,21.659519661006694,2025-05-10 18:00:00,18,6.68,44.3
241,-11.841037049847877,21.659519661006694,2025-05-10 21:00:00,21,5.31,39.3
241,-11.841037049847877,21.659519661006694,2025-05-11 00:00:00,24,3.39,32.94
241,-11.841037049847877,21.659519661006694,2025-05-11 03:00:00,27,5.69,38.86
241,-11.841037049847877,21.659519661006694,2025-05-11 06:00:00,30,1.93,27.55
241,-11.841037049847877,21.659519661006694,2025-05-11 09:00:00,33,3.57,22.48
241,-11.841037049847877,21.659519661006694,2025-05-11 12:00:00,36,2.33,18.79
241,-11.841037049847877,21.659519661006694,2025-05-11 15:00:00,39,2.55,16.48
241,-11.841037049847877,21.659519661006694,2025-05-11 18:00:00,42,1.67,10.3
241,-11.841037049847877,21.659519661006694,2025-05-11 21:00:00,45,5.47,23.84
241,-11.841037049847877,21.659519661006694,2025-05-12 00:00:00,48,4.95,23.6
241,-11.841037049847877,21.659519661006694,2025-05-12 03:00:00,51,7.05,27.09
241,-11.841037049847877,21.659519661006694,2025-05-12 06:00:00,54,8.46,34.41
241,-11.841037049847877,21.659519661006694,2025-05-12 09:00:00,57,5.8,36.59
241,-11.841037049847877,21.659519661006694,2025-05-12 12:00:00,60,7.85,41.11
241,-11.841037049847877,21.659519661006694,2025-05-12 15:00:00,63,9.27,49.66
241,-11.841037049847877,21.659519661006694,2025-05-12 18:00:00,66,6.06,40.3
241,-11.841037049847877,21.659519661006694,2025-05-12 21:00:00,69,7.47,40.87
241,-11.841037049847877,21.659519661006694,2025-05-13 00:00:00,72,6.28,39.81
241,-11.841037049847877,21.659519661006694,2025-05-13 03:00:00,75,5.16,31.5
241,-11.841037049847877,21.659519661006694,2025-05-13 06:00:00,78,1.87,20.0
241,-11.841037049847877,21.659519661006694,2025-05-13 09:00:00,81,0.31,17.07
241,-11.841037049847877,21.659519661006694,2025-05-13 12:00:00,84,1.99,20.57
241,-11.841037049847877,21.659519661006694,2025-05-13 15:00:00,87,1.88,11.38
241,-11.841037049847877,21.659519661006694,2025-05-13 18:00:00,90,2.4,14.94
241,-11.841037049847877,21.659519661006694,2025-05-13 21:00:00,93,5.36,19.92
241,-11.841037049847877,21.659519661006694,2025-05-14 00:00:00,96,4.66,18.28
241,-11.841037049847877,21.659519661006694,2025-05-14 03:00:00,99,6.89,29.76
241,-11.841037049847877,21.659519661006694,2025-05-14 06:00:00,102,8.66,37.42
241,-11.841037049847877,21.659519661006694,2025-05-14 09:00:00,105,5.84,34.13
241,-11.841037049847877,21.659519661006694,2025-05-14 12:00:00,108,8.44,43.99
241,-11.841037049847877,21.659519661006694,2025-05-14 15:00:00,111,7.59,45.0
241,-11.841037049847877,21.659519661006694,2025-05-14 18:00:00,114,7.8,48.54
241,-11.841037049847877,21.659519661006694,2025-05-14 21:00:00,117,5.3,37.09
242,-11.938582304453972,21.425480885292313,2025-05-10 00:00:00,0,5.73,23.77
242,-11.938582304453972,21.425480885292313,2025-05-10 03:00:00,3,5.11,29.19
242,-11.938582304453972,21.425480885292313,2025-05-10 06:00:00,6,8.26,38.46
242,-11.938582304453972,21.425480885292313,2025-05-10 09:00:00,9,7.33,42.28
242,-11.938582304453972,21.425480885292313,2025-05-10 12:00:00,12,7.17,41.6
242,-11.938582304453972,21.425480885292313,2025-05-10 15:00:00,15,5.8,44.36
242,-11.938582304453972,21.425480885292313,2025-05-10 18:00:00,18,7.51,42.94
242,-11.938582304453972,21.425480885292313,2025-05-10 21:00:00,21,5.71,37.09
242,-11.938582304453972,21.425480885292313,2025-05-11 00:00:00,24,5.66,35.76
242,-11.938582304453972,21.425480885292313,2025-05-11 03:00:00,27,2.79,31.25
242,-11.938582304453972,21.425480885292313,2025-05-11 06:00:00,30,1.07,24.16
242,-11.938582304453972,21.425480885292313,2025-05-11 09:00:00,33,1.21,15.61
242,-11.938582304453972,21.425480885292313,2025-05-11 12:00:00,36,1.59,13.88
242,-11.938582304453972,21.425480885292313,2025-05-11 15:00:00,39,1.2,13.94
242,-11.938582304453972,21.425480885292313,2025-05-11 18:00:00,42,4.79,20.3
242,-11.938582304453972,21.425480885292313,2025-05-11 21:00:00,45,5.59,21.91
242,-11.938582304453972,21.425480885292313,2025-05-12 00:00:00,48,6.25,26.69
242,-11.938582304453972,21.425480885292313,2025-05-12 03:00:00,51,6.78,31.47
242,-11.938582304453972,21.425480885292313,2025-05-12 06:00:00,54,7.63,37.5
242,-11.938582304453972,21.425480885292313,2025-05-12 09:00:00,57,9.4,43.85
242,-11.938582304453972,21.425480885292313,2025-05-12 12:00:00,60,6.3,42.77
242,-11.938582304453972,21.425480885292313,2025-05-12 15:00:00,63,8.91,48.15
242,-11.938582304453972,21.425480885292313,2025-05-12 18:00:00,66,6.65,40.04
242,-11.938582304453972,21.425480885292313,2025-05-12 21:00:00,69,5.38,36.46
242,-11.938582304453972,21.425480885292313,2025-05-13 00:00:00,72,6.19,41.63
242,-11.938582304453972,21.425480885292313,2025-05-13 03:00:00,75,3.87,32.55
242,-11.938582304453972,21.425480885292313,2025-05-13 06:00:00,78,1.12,19.55
242,-11.938582304453972,21.425480885292313,2025-05-13 09:00:00,81,3.54,20.93
242,-11.938582304453972,21.425480885292313,2025-05-13 12:00:00,84,1.32,19.25
242,-11.938582304453972,21.425480885292313,2025-05-13 15:00:00,87,2.99,14.87
242,-11.938582304453972,21.425480885292313,2025-05-13 18:00:00,90,1.05,8.54
242,-11.938582304453972,21.425480885292313,2025-05-13 21:00:00,93,2.4,14.8
242,-11.938582304453972,21.425480885292313,2025-05-14 00:00:00,96,3.21,19.6
242,-11.938582304453972,21.425480885292313,2025-05-14 03:00:00,99,7.49,34.79
242,-11.938582304453972,21.425480885292313,2025-05-14 06:00:00,102,8.09,34.61
242,-11.938582304453972,21.425480885292313,2025-05-14 09:00:00,105,5.92,34.36
242,-11.938582304453972,21.425480885292313,2025-05-14 12:00:00,108,8.02,40.49
242,-11.938582304453972,21.425480885292313,2025-05-14 15:00:00,111,8.64,47.15
242,-11.938582304453972,21.425480885292313,2025-05-14 18:00:00,114,5.61,39.38
242,-11.938582304453972,21.425480885292313,2025-05-14 21:00:00,117,5.77,40.2
243,-11.505930381779109,21.08707277047094,2025-05-10 00:00:00,0,4.47,22.3
243,-11.505930381779109,21.08707277047094,2025-05-10 03:00:00,3,7.24,26.77
243,-11.505930381779109,21.08707277047094,2025-05-10 06:00:00,6,6.19,32.96
243,-11.505930381779109,21.08707277047094,2025-05-10 09:00:00,9,8.98,38.6
243,-11.505930381779109,21.08707277047094,2025-05-10 12:00:00,12,9.76,43.9
243,-11.505930381779109,21.08707277047094,2025-05-10 15:00:00,15,6.07,38.15
243,-11.505930381779109,21.08707277047094,2025-05-10 18:00:00,18,5.92,38.53
243,-11.505930381779109,21.08707277047094,2025-05-10 21:00:00,21,4.99,37.2
243,-11.505930381779109,21.08707277047094,2025-05-11 00:00:00,24,6.5,41.98
243,-11.505930381779109,21.08707277047094,2025-05-11 03:00:00,27,3.1,27.59
243,-11.505930381779109,21.08707277047094,2025-05-11 06:00:00,30,2.4,25.53
243,-11.505930381779109,21.08707277047094,2025-05-11 09:00:00,33,0.95,16.31
243,-11.505930381779109,21.08707277047094,2025-05-11 12:00:00,36,0.5,10.3
243,-11.505930381779109,21.08707277047094,2025-05-11 15:00:00,39,2.88,16.78
243,-11.505930381779109,21.08707277047094,2025-05-11 18:00:00,42,2.66,18.84
243,-11.505930381779109,21.08707277047094,2025-05-11 21:00:00,45,5.13,20.8
243,-11.505930381779109,21.08707277047094,2025-05-12 00:00:00,48,4.4,21.74
243,-11.505930381779109,21.08707277047094,2025-05-12 03:00:00,51,6.23,28.98
243,-11.505930381779109,21.08707277047094,2025-05-12 06:00:00,54,6.47,30.07
243,-11.505930381779109,21.08707277047094,2025-05-12 09:00:00,57,6.86,38.64
243,-11.505930381779109,21.08707277047094,2025-05-12 12:00:00,60,7.66,42.2
243,-11.505930381779109,21.08707277047094,2025-05-12 15:00:00,63,9.31,50.16
243,-11.505930381779109,21.08707277047094,2025-05-12 18:00:00,66,5.16,39.07
243,-11.505930381779109,21.08707277047094,2025-05-12 21:00:00,69,7.0,41.5
243,-11.505930381779109,21.08707277047094,2025-05-13 00:00:00,72,6.46,37.17
243,-11.505930381779109,21.08707277047094,2025-05-13 03:00:00,75,5.01,36.67
243,-11.505930381779109,21.08707277047094,2025-05-13 06:00:00,78,1.21,21.11
243,-11.505930381779109,21.08707277047094,2025-05-13 09:00:00,81,0.3,14.13
243,-11.505930381779109,21.08707277047094,2025-05-13 12:00:00,84,3.09,21.37
243,-11.505930381779109,21.08707277047094,2025-05-13 15:00:00,87,1.41,16.91
243,-11.505930381779109,21.08707277047094,2025-05-13 18:00:00,90,1.3,12.4
243,-11.505930381779109,21.08707277047094,2025-05-13 21:00:00,93,3.48,15.36
243,-11.505930381779109,21.08707277047094,2025-05-14 00:00:00,96,4.85,23.74
243,-11.505930381779109,21.08707277047094,2025-05-14 03:00:00,99,4.53,25.12
243,-11.505930381779109,21.08707277047094,2025-05-14 06:00:00,102,7.08,34.88
243,-11.505930381779109,21.08707277047094,2025-05-14 09:00:00,105,7.52,38.48
243,-11.505930381779109,21.08707277047094,2025-05-14 12:00:00,108,7.44,43.83
243,-11.505930381779109,21.08707277047094,2025-05-14 15:00:00,111,7.47,40.93
243,-11.505930381779109,21.08707277047094,2025-05-14 18:00:00,114,8.25,44.16
243,-11.505930381779109,21.08707277047094,2025-05-14 21:00:00,117,4.96,39.06
244,-11.549164198076234,21.69899927471323,2025-05-10 00:00:00,0,6.47,22.6
244,-11.549164198076234,21.69899927471323,2025-05-10 03:00:00,3,5.85,27.39
244,-11.549164198076234,21.69899927471323,2025-05-10 06:00:00,6,7.65,32.43
244,-11.549164198076234,21.69899927471323,2025-05-10 09:00:00,9,8.69,39.94
244,-11.549164198076234,21.69899927471323,2025-05-10 12:00:00,12,6.77,44.38
244,-11.549164198076234,21.69899927471323,2025-05-10 15:00:00,15,6.01,40.54
244,-11.549164198076234,21.69899927471323,2025-05-10 18:00:00,18,8.28,48.94
244,-11.549164198076234,21.69899927471323,2025-05-10 21:00:00,21,7.97,48.2
244,-11.549164198076234,21.69899927471323,2025-05-11 00:00:00,24,6.09,41.81
244,-11.549164198076234,21.69899927471323,2025-05-11 03:00:00,27,1.99,27.24
244,-11.549164198076234,21.69899927471323,2025-05-11 06:00:00,30,2.38,22.57
244,-11.549164198076234,21.69899927471323,2025-05-11 09:00:00,33,3.64,19.63
244,-11.549164198076234,21.69899927471323,2025-05-11 12:00:00,36,2.08,13.7
244,-11.549164198076234,21.69899927471323,2025-05-11 15:00:00,39,3.44,19.39
244,-11.549164198076234,21.69899927471323,2025-05-11 18:00:00,42,4.71,16.79
244,-11.549164198076234,21.69899927471323,2025-05-11 21:00:00,45,2.86,17.43
244,-11.549164198076234,21.69899927471323,2025-05-12 00:00:00,48,3.81,17.74
244,-11.549164198076234,21.69899927471323,2025-05-12 03:00:00,51,4.21,20.77
244,-11.549164198076234,21.69899927471323,2025-05-12 06:00:00,54,5.14,33.11
244,-11.549164198076234,21.69899927471323,2025-05-12 09:00:00,57,6.89,36.28
244,-11.549164198076234,21.69899927471323,2025-05-12 12:00:00,60,7.12,41.94
244,-11.549164198076234,21.69899927471323,2025-05-12 15:00:00,63,7.45,45.54
244,-11.549164198076234,21.69899927471323,2025-05-12 18:00:00,66,8.78,45.46
244,-11.549164198076234,21.69899927471323,2025-05-12 21:00:00,69,7.9,49.0
244,-11.549164198076234,21.69899927471323,2025-05-13 00:00:00,72,5.72,34.52
244,-11.549164198076234,21.69899927471323,2025-05-13 03:00:00,75,3.21,32.0
244,-11.549164198076234,21.69899927471323,2025-05-13 06:00:00,78,2.22,25.9
244,-11.549164198076234,21.69899927471323,2025-05-13 09:00:00,81,1.18,15.67
244,-11.549164198076234,21.69899927471323,2025-05-13 12:00:00,84,3.12,18.99
244,-11.549164198076234,21.69899927471323,2025-05-13 15:00:00,87,3.63,15.37
244,-11.549164198076234,21.69899927471323,2025-05-13 18:00:00,90,4.11,16.58
244,-11.549164198076234,21.69899927471323,2025-05-13 21:00:00,93,5.19,24.09
244,-11.549164198076234,21.69899927471323,2025-05-14 00:00:00,96,5.15,22.22
244,-11.549164198076234,21.69899927471323,2025-05-14 03:00:00,99,4.25,21.39
244,-11.549164198076234,21.69899927471323,2025-05-14 06:00:00,102,6.27,36.21
244,-11.549164198076234,21.69899927471323,2025-05-14 09:00:00,105,6.43,40.31
244,-11.549164198076234,21.69899927471323,2025-05-14 12:00:00,108,9.34,46.7
244,-11.549164198076234,21.69899927471323,2025-05-14 15:00:00,111,5.93,37.82
244,-11.549164198076234,21.69899927471323,2025-05-14 18:00:00,114,6.07,41.6
244,-11.549164198076234,21.69899927471323,2025-05-14 21:00:00,117,5.69,41.1
245,-11.364412683338724,21.075594773968078,2025-05-10 00:00:00,0,4.99,25.99
245,-11.364412683338724,21.075594773968078,2025-05-10 03:00:00,3,4.67,25.59
245,-11.364412683338724,21.075594773968078,2025-05-10 06:00:00,6,9.1,39.04
245,-11.364412683338724,21.075594773968078,2025-05-10 09:00:00,9,7.75,40.09
245,-11.364412683338724,21.075594773968078,2025-05-10 12:00:00,12,8.8,44.89
245,-11.364412683338724,21.075594773968078,2025-05-10 15:00:00,15,9.67,47.71
245,-11.364412683338724,21.075594773968078,2025-05-10 18:00:00,18,8.0,43.06
245,-11.364412683338724,21.075594773968078,2025-05-10 21:00:00,21,4.34,41.67
245,-11.364412683338724,21.075594773968078,2025-05-11 00:00:00,24,5.2,40.89
245,-11.364412683338724,21.075594773968078,2025-05-11 03:00:00,27,5.77,31.38
245,-11.364412683338724,21.075594773968078,2025-05-11 06:00:00,30,2.21,21.76
245,-11.364412683338724,21.075594773968078,2025-05-11 09:00:00,33,3.12,25.79
245,-11.364412683338724,21.075594773968078,2025-05-11 12:00:00,36,2.38,18.43
245,-11.364412683338724,21.075594773968078,2025-05-11 15:00:00,39,1.82,15.92
245,-11.364412683338724,21.075594773968078,2025-05-11 18:00:00,42,0.93,12.84
245,-11.364412683338724,21.075594773968078,2025-05-11 21:00:00,45,2.57,18.07
245,-11.364412683338724,21.075594773968078,2025-05-12 00:00:00,48,4.17,18.88
245,-11.364412683338724,21.075594773968078,2025-05-12 03:00:00,51,4.46,22.48
245,-11.364412683338724,21.075594773968078,2025-05-12 06:00:00,54,9.09,37.44
245,-11.364412683338724,21.075594773968078,2025-05-12 09:00:00,57,7.2,38.79
245,-11.364412683338724,21.075594773968078,2025-05-12 12:00:00,60,8.3,47.0
245,-11.364412683338724,21.075594773968078,2025-05-12 15:00:00,63,6.37,43.61
245,-11.364412683338724,21.075594773968078,2025-05-12 18:00:00,66,8.65,44.1
245,-11.364412683338724,21.075594773968078,2025-05-12 21:00:00,69,4.56,35.94
245,-11.364412683338724,21.075594773968078,2025-05-13 00:00:00,72,3.58,34.55
245,-11.364412683338724,21.075594773968078,2025-05-13 03:00:00,75,2.82,26.15
245,-11.364412683338724,21.075594773968078,2025-05-13 06:00:00,78,4.29,25.27
245,-11.364412683338724,21.075594773968078,2025-05-13 09:00:00,81,3.17,25.21
245,-11.364412683338724,21.075594773968078,2025-05-13 12:00:00,84,3.34,19.19
245,-11.364412683338724,21.075594773968078,2025-05-13 15:00:00,87,2.61,12.41
245,-11.364412683338724,21.075594773968078,2025-05-13 18:00:00,90,3.49,20.45
245,-11.364412683338724,21.075594773968078,2025-05-13 21:00:00,93,2.29,11.52
245,-11.364412683338724,21.075594773968078,2025-05-14 00:00:00,96,5.84,28.55
245,-11.364412683338724,21.075594773968078,2025-05-14 03:00:00,99,5.36,29.38
245,-11.364412683338724,21.075594773968078,2025-05-14 06:00:00,102,7.58,34.84
245,-11.364412683338724,21.075594773968078,2025-05-14 09:00:00,105,7.87,41.23
245,-11.364412683338724,21.075594773968078,2025-05-14 12:00:00,108,9.73,47.46
245,-11.364412683338724,21.075594773968078,2025-05-14 15:00:00,111,6.99,43.33
245,-11.364412683338724,21.075594773968078,2025-05-14 18:00:00,114,5.47,41.27
245,-11.364412683338724,21.075594773968078,2025-05-14 21:00:00,117,7.51,43.91
246,-11.942363608623511,21.01549286764314,2025-05-10 00:00:00,0,5.67,22.45
246,-11.942363608623511,21.01549286764314,2025-05-10 03:00:00,3,4.59,29.03
246,-11.942363608623511,21.01549286764314,2025-05-10 06:00:00,6,8.82,37.64
246,-11.942363608623511,21.01549286764314,2025-05-10 09:00:00,9,6.11,38.45
246,-11.942363608623511,21.01549286764314,2025-05-10 12:00:00,12,9.18,46.08
246,-11.942363608623511,21.01549286764314,2025-05-10 15:00:00,15,6.67,42.14
246,-11.942363608623511,21.01549286764314,2025-05-10 18:00:00,18,8.24,49.79
246,-11.942363608623511,21.01549286764314,2025-05-10 21:00:00,21,7.25,39.88
246,-11.942363608623511,21.01549286764314,2025-05-11 00:00:00,24,6.29,41.92
246,-11.942363608623511,21.01549286764314,2025-05-11 03:00:00,27,1.92,28.86
246,-11.942363608623511,21.01549286764314,2025-05-11 06:00:00,30,3.87,24.59
246,-11.942363608623511,21.01549286764314,2025-05-11 09:00:00,33,1.91,21.94
246,-11.942363608623511,21.01549286764314,2025-05-11 12:00:00,36,1.82,15.42
246,-11.942363608623511,21.01549286764314,2025-05-11 15:00:00,39,0.26,8.33
246,-11.942363608623511,21.01549286764314,2025-05-11 18:00:00,42,2.63,12.97
246,-11.942363608623511,21.01549286764314,2025-05-11 21:00:00,45,1.95,11.58
246,-11.942363608623511,21.01549286764314,2025-05-12 00:00:00,48,4.43,25.66
246,-11.942363608623511,21.01549286764314,2025-05-12 03:00:00,51,4.92,22.37
246,-11.942363608623511,21.01549286764314,2025-05-12 06:00:00,54,8.57,34.5
246,-11.942363608623511,21.01549286764314,2025-05-12 09:00:00,57,7.68,35.37
246,-11.942363608623511,21.01549286764314,2025-05-12 12:00:00,60,8.32,42.07
246,-11.942363608623511,21.01549286764314,2025-05-12 15:00:00,63,6.44,41.61
246,-11.942363608623511,21.01549286764314,2025-05-12 18:00:00,66,8.59,49.19
246,-11.942363608623511,21.01549286764314,2025-05-12 21:00:00,69,4.99,36.7
246,-11.942363608623511,21.01549286764314,2025-05-13 00:00:00,72,5.15,39.45
246,-11.942363608623511,21.01549286764314,2025-05-13 03:00:00,75,2.38,31.31
246,-11.942363608623511,21.01549286764314,2025-05-13 06:00:00,78,4.13,25.63
246,-11.942363608623511,21.01549286764314,2025-05-13 09:00:00,81,2.83,22.69
246,-11.942363608623511,21.01549286764314,2025-05-13 12:00:00,84,0.62,17.92
246,-11.942363608623511,21.01549286764314,2025-05-13 15:00:00,87,3.65,16.44
246,-11.942363608623511,21.01549286764314,2025-05-13 18:00:00,90,1.48,9.59
246,-11.942363608623511,21.01549286764314,2025-05-13 21:00:00,93,4.85,23.91
246,-11.942363608623511,21.01549286764314,2025-05-14 00:00:00,96,5.68,25.54
246,-11.942363608623511,21.01549286764314,2025-05-14 03:00:00,99,4.79,24.82
246,-11.942363608623511,21.01549286764314,2025-05-14 06:00:00,102,7.4,37.07
246,-11.942363608623511,21.01549286764314,2025-05-14 09:00:00,105,7.76,41.97
246,-11.942363608623511,21.01549286764314,2025-05-14 12:00:00,108,6.85,40.72
246,-11.942363608623511,21.01549286764314,2025-05-14 15:00:00,111,8.22,42.6
246,-11.942363608623511,21.01549286764314,2025-05-14 18:00:00,114,6.09,42.62
246,-11.942363608623511,21.01549286764314,2025-05-14 21:00:00,117,7.46,41.13
247,-11.934648651434276,21.46981299903359,2025-05-10 00:00:00,0,6.18,28.91
247,-11.934648651434276,21.46981299903359,2025-05-10 03:00:00,3,4.43,25.98
247,-11.934648651434276,21.46981299903359,2025-05-10 06:00:00,6,5.66,32.78
247,-11.934648651434276,21.46981299903359,2025-05-10 09:00:00,9,6.22,32.95
247,-11.934648651434276,21.46981299903359,2025-05-10 12:00:00,12,7.84,45.49
247,-11.934648651434276,21.46981299903359,2025-05-10 15:00:00,15,7.75,44.71
247,-11.934648651434276,21.46981299903359,2025-05-10 18:00:00,18,6.96,41.7
247,-11.934648651434276,21.46981299903359,2025-05-10 21:00:00,21,4.81,42.5
247,-11.934648651434276,21.46981299903359,2025-05-11 00:00:00,24,6.96,44.84
247,-11.934648651434276,21.46981299903359,2025-05-11 03:00:00,27,5.44,31.73
247,-11.934648651434276,21.46981299903359,2025-05-11 06:00:00,30,1.62,25.06
247,-11.934648651434276,21.46981299903359,2025-05-11 09:00:00,33,2.95,20.89
247,-11.934648651434276,21.46981299903359,2025-05-11 12:00:00,36,3.36,16.34
247,-11.934648651434276,21.46981299903359,2025-05-11 15:00:00,39,3.86,17.34
247,-11.934648651434276,21.46981299903359,2025-05-11 18:00:00,42,3.64,17.24
247,-11.934648651434276,21.46981299903359,2025-05-11 21:00:00,45,2.09,17.07
247,-11.934648651434276,21.46981299903359,2025-05-12 00:00:00,48,5.19,20.08
247,-11.934648651434276,21.46981299903359,2025-05-12 03:00:00,51,7.93,31.38
247,-11.934648651434276,21.46981299903359,2025-05-12 06:00:00,54,7.95,36.14
247,-11.934648651434276,21.46981299903359,2025-05-12 09:00:00,57,7.5,35.13
247,-11.934648651434276,21.46981299903359,2025-05-12 12:00:00,60,9.69,50.31
247,-11.934648651434276,21.46981299903359,2025-05-12 15:00:00,63,6.43,45.37
247,-11.934648651434276,21.46981299903359,2025-05-12 18:00:00,66,8.51,45.74
247,-11.934648651434276,21.46981299903359,2025-05-12 21:00:00,69,6.67,45.79
247,-11.934648651434276,21.46981299903359,2025-05-13 00:00:00,72,5.55,39.17
247,-11.934648651434276,21.46981299903359,2025-05-13 03:00:00,75,3.33,30.4
247,-11.934648651434276,21.46981299903359,2025-05-13 06:00:00,78,4.12,24.85
247,-11.934648651434276,21.46981299903359,2025-05-13 09:00:00,81,2.2,21.62
247,-11.934648651434276,21.46981299903359,2025-05-13 12:00:00,84,1.19,12.41
247,-11.934648651434276,21.46981299903359,2025-05-13 15:00:00,87,0.51,14.56
247,-11.934648651434276,21.46981299903359,2025-05-13 18:00:00,90,4.82,15.94
247,-11.934648651434276,21.46981299903359,2025-05-13 21:00:00,93,2.85,17.5
247,-11.934648651434276,21.46981299903359,2025-05-14 00:00:00,96,5.19,23.36
247,-11.934648651434276,21.46981299903359,2025-05-14 03:00:00,99,6.21,31.63
247,-11.934648651434276,21.46981299903359,2025-05-14 06:00:00,102,6.48,33.68
247,-11.934648651434276,21.46981299903359,2025-05-14 09:00:00,105,7.57,42.96
247,-11.934648651434276,21.46981299903359,2025-05-14 12:00:00,108,6.17,42.25
247,-11.934648651434276,21.46981299903359,2025-05-14 15:00:00,111,6.75,43.04
247,-11.934648651434276,21.46981299903359,2025-05-14 18:00:00,114,9.04,47.99
247,-11.934648651434276,21.46981299903359,2025-05-14 21:00:00,117,7.99,45.43
248,-11.401494397674663,21.34113409897874,2025-05-10 00:00:00,0,5.86,23.94
248,-11.401494397674663,21.34113409897874,2025-05-10 03:00:00,3,5.18,27.83
248,-11.401494397674663,21.34113409897874,2025-05-10 06:00:00,6,7.05,33.76
248,-11.401494397674663,21.34113409897874,2025-05-10 09:00:00,9,7.6,40.63
248,-11.401494397674663,21.34113409897874,2025-05-10 12:00:00,12,8.77,40.95
248,-11.401494397674663,21.34113409897874,2025-05-10 15:00:00,15,5.82,41.99
248,-11.401494397674663,21.34113409897874,2025-05-10 18:00:00,18,7.46,48.35
248,-11.401494397674663,21.34113409897874,2025-05-10 21:00:00,21,7.95,48.4
248,-11.401494397674663,21.34113409897874,2025-05-11 00:00:00,24,5.28,33.85
248,-11.401494397674663,21.34113409897874,2025-05-11 03:00:00,27,5.29,36.71
248,-11.401494397674663,21.34113409897874,2025-05-11 06:00:00,30,3.36,27.72
248,-11.401494397674663,21.34113409897874,2025-05-11 09:00:00,33,2.72,23.67
248,-11.401494397674663,21.34113409897874,2025-05-11 12:00:00,36,3.02,21.36
248,-11.401494397674663,21.34113409897874,2025-05-11 15:00:00,39,0.39,8.85
248,-11.401494397674663,21.34113409897874,2025-05-11 18:00:00,42,2.61,17.0
248,-11.401494397674663,21.34113409897874,2025-05-11 21:00:00,45,5.16,17.91
248,-11.401494397674663,21.34113409897874,2025-05-12 00:00:00,48,6.08,27.17
248,-11.401494397674663,21.34113409897874,2025-05-12 03:00:00,51,5.78,25.02
248,-11.401494397674663,21.34113409897874,2025-05-12 06:00:00,54,6.11,29.85
248,-11.401494397674663,21.34113409897874,2025-05-12 09:00:00,57,9.47,42.14
248,-11.401494397674663,21.34113409897874,2025-05-12 12:00:00,60,7.74,40.21
248,-11.401494397674663,21.34113409897874,2025-05-12 15:00:00,63,9.22,48.86
248,-11.401494397674663,21.34113409897874,2025-05-12 18:00:00,66,7.45,44.31
248,-11.401494397674663,21.34113409897874,2025-05-12 21:00:00,69,4.56,36.77
248,-11.401494397674663,21.34113409897874,2025-05-13 00:00:00,72,3.67,34.7
248,-11.401494397674663,21.34113409897874,2025-05-13 03:00:00,75,5.72,35.78
248,-11.401494397674663,21.34113409897874,2025-05-13 06:00:00,78,2.0,24.02
248,-11.401494397674663,21.34113409897874,2025-05-13 09:00:00,81,1.62,17.6
248,-11.401494397674663,21.34113409897874,2025-05-13 12:00:00,84,1.23,16.53
248,-11.401494397674663,21.34113409897874,2025-05-13 15:00:00,87,2.13,14.8
248,-11.401494397674663,21.34113409897874,2025-05-13 18:00:00,90,2.43,17.26
248,-11.401494397674663,21.34113409897874,2025-05-13 21:00:00,93,2.29,18.41
248,-11.401494397674663,21.34113409897874,2025-05-14 00:00:00,96,5.68,24.56
248,-11.401494397674663,21.34113409897874,2025-05-14 03:00:00,99,5.31,26.03
248,-11.401494397674663,21.34113409897874,2025-05-14 06:00:00,102,8.71,41.07
248,-11.401494397674663,21.34113409897874,2025-05-14 09:00:00,105,7.55,38.63
248,-11.401494397674663,21.34113409897874,2025-05-14 12:00:00,108,9.06,43.74
248,-11.401494397674663,21.34113409897874,2025-05-14 15:00:00,111,8.19,43.97
248,-11.401494397674663,21.34113409897874,2025-05-14 18:00:00,114,6.92,42.63
248,-11.401494397674663,21.34113409897874,2025-05-14 21:00:00,117,4.43,40.97
249,-11.768351757919408,21.089637364255054,2025-05-10 00:00:00,0,4.1,19.34
249,-11.768351757919408,21.089637364255054,2025-05-10 03:00:00,3,5.14,29.22
249,-11.768351757919408,21.089637364255054,2025-05-10 06:00:00,6,7.15,37.65
249,-11.768351757919408,21.089637364255054,2025-05-10 09:00:00,9,9.52,42.63
249,-11.768351757919408,21.089637364255054,2025-05-10 12:00:00,12,7.4,40.18
249,-11.768351757919408,21.089637364255054,2025-05-10 15:00:00,15,5.98,38.55
249,-11.768351757919408,21.089637364255054,2025-05-10 18:00:00,18,5.91,38.54
249,-11.768351757919408,21.089637364255054,2025-05-10 21:00:00,21,5.51,39.05
249,-11.768351757919408,21.089637364255054,2025-05-11 00:00:00,24,5.0,39.65
249,-11.768351757919408,21.089637364255054,2025-05-11 03:00:00,27,2.59,27.81
249,-11.768351757919408,21.089637364255054,2025-05-11 06:00:00,30,2.19,28.18
249,-11.768351757919408,21.089637364255054,2025-05-11 09:00:00,33,3.59,21.43
249,-11.768351757919408,21.089637364255054,2025-05-11 12:00:00,36,3.68,18.11
249,-11.768351757919408,21.089637364255054,2025-05-11 15:00:00,39,0.86,14.57
249,-11.768351757919408,21.089637364255054,2025-05-11 18:00:00,42,3.63,17.76
249,-11.768351757919408,21.089637364255054,2025-05-11 21:00:00,45,4.06,19.79
249,-11.768351757919408,21.089637364255054,2025-05-12 00:00:00,48,5.36,20.0
249,-11.768351757919408,21.089637364255054,2025-05-12 03:00:00,51,4.54,28.19
249,-11.768351757919408,21.089637364255054,2025-05-12 06:00:00,54,7.79,32.27
249,-11.768351757919408,21.089637364255054,2025-05-12 09:00:00,57,6.44,33.72
249,-11.768351757919408,21.089637364255054,2025-05-12 12:00:00,60,7.68,45.56
249,-11.768351757919408,21.089637364255054,2025-05-12 15:00:00,63,9.44,49.06
249,-11.768351757919408,21.089637364255054,2025-05-12 18:00:00,66,6.24,43.38
249,-11.768351757919408,21.089637364255054,2025-05-12 21:00:00,69,4.42,37.82
249,-11.768351757919408,21.089637364255054,2025-05-13 00:00:00,72,5.91,41.5
249,-11.768351757919408,21.089637364255054,2025-05-13 03:00:00,75,5.74,33.77
249,-11.768351757919408,21.089637364255054,2025-05-13 06:00:00,78,1.31,24.29
249,-11.768351757919408,21.089637364255054,2025-05-13 09:00:00,81,3.83,25.29
249,-11.768351757919408,21.089637364255054,2025-05-13 12:00:00,84,2.92,21.37
249,-11.768351757919408,21.089637364255054,2025-05-13 15:00:00,87,1.1,15.45
249,-11.768351757919408,21.089637364255054,2025-05-13 18:00:00,90,4.86,21.01
249,-11.768351757919408,21.089637364255054,2025-05-13 21:00:00,93,3.92,21.51
249,-11.768351757919408,21.089637364255054,2025-05-14 00:00:00,96,3.03,18.86
249,-11.768351757919408,21.089637364255054,2025-05-14 03:00:00,99,7.54,28.5
249,-11.768351757919408,21.089637364255054,2025-05-14 06:00:00,102,8.18,34.17
249,-11.768351757919408,21.089637364255054,2025-05-14 09:00:00,105,9.14,40.02
249,-11.768351757919408,21.089637364255054,2025-05-14 12:00:00,108,7.07,42.37
249,-11.768351757919408,21.089637364255054,2025-05-14 15:00:00,111,8.07,42.15
249,-11.768351757919408,21.089637364255054,2025-05-14 18:00:00,114,5.25,40.09
249,-11.768351757919408,21.089637364255054,2025-05-14 21:00:00,117,5.2,39.84
250,-11.633517774709603,21.32788485459781,2025-05-10 00:00:00,0,4.76,20.8
250,-11.633517774709603,21.32788485459781,2025-05-10 03:00:00,3,5.67,26.93
250,-11.633517774709603,21.32788485459781,2025-05-10 06:00:00,6,6.04,31.19
250,-11.633517774709603,21.32788485459781,2025-05-10 09:00:00,9,8.2,36.81
250,-11.633517774709603,21.32788485459781,2025-05-10 12:00:00,12,6.07,41.06
250,-11.633517774709603,21.32788485459781,2025-05-10 15:00:00,15,6.92,44.96
250,-11.633517774709603,21.32788485459781,2025-05-10 18:00:00,18,8.98,47.59
250,-11.633517774709603,21.32788485459781,2025-05-10 21:00:00,21,5.57,41.4
250,-11.633517774709603,21.32788485459781,2025-05-11 00:00:00,24,4.04,35.6
250,-11.633517774709603,21.32788485459781,2025-05-11 03:00:00,27,4.64,35.49
250,-11.633517774709603,21.32788485459781,2025-05-11 06:00:00,30,3.36,23.94
250,-11.633517774709603,21.32788485459781,2025-05-11 09:00:00,33,1.83,19.33
250,-11.633517774709603,21.32788485459781,2025-05-11 12:00:00,36,3.76,17.86
250,-11.633517774709603,21.32788485459781,2025-05-11 15:00:00,39,0.9,16.42
250,-11.633517774709603,21.32788485459781,2025-05-11 18:00:00,42,2.98,17.69
250,-11.633517774709603,21.32788485459781,2025-05-11 21:00:00,45,3.06,16.89
250,-11.633517774709603,21.32788485459781,2025-05-12 00:00:00,48,3.91,16.79
250,-11.633517774709603,21.32788485459781,2025-05-12 03:00:00,51,7.2,34.26
250,-11.633517774709603,21.32788485459781,2025-05-12 06:00:00,54,6.86,33.65
250,-11.633517774709603,21.32788485459781,2025-05-12 09:00:00,57,8.6,44.91
250,-11.633517774709603,21.32788485459781,2025-05-12 12:00:00,60,7.82,44.88
250,-11.633517774709603,21.32788485459781,2025-05-12 15:00:00,63,9.31,51.76
250,-11.633517774709603,21.32788485459781,2025-05-12 18:00:00,66,8.08,42.58
250,-11.633517774709603,21.32788485459781,2025-05-12 21:00:00,69,7.45,42.84
250,-11.633517774709603,21.32788485459781,2025-05-13 00:00:00,72,3.71,33.77
250,-11.633517774709603,21.32788485459781,2025-05-13 03:00:00,75,3.46,27.1
250,-11.633517774709603,21.32788485459781,2025-05-13 06:00:00,78,3.73,26.37
250,-11.633517774709603,21.32788485459781,2025-05-13 09:00:00,81,1.81,21.44
250,-11.633517774709603,21.32788485459781,2025-05-13 12:00:00,84,0.97,12.82
250,-11.633517774709603,21.32788485459781,2025-05-13 15:00:00,87,0.43,12.81
250,-11.633517774709603,21.32788485459781,2025-05-13 18:00:00,90,4.38,20.93
250,-11.633517774709603,21.32788485459781,2025-05-13 21:00:00,93,3.97,17.79
250,-11.633517774709603,21.32788485459781,2025-05-14 00:00:00,96,3.62,16.19
250,-11.633517774709603,21.32788485459781,2025-05-14 03:00:00,99,4.3,22.83
250,-11.633517774709603,21.32788485459781,2025-05-14 06:00:00,102,8.88,35.76
250,-11.633517774709603,21.32788485459781,2025-05-14 09:00:00,105,8.9,38.04
250,-11.633517774709603,21.32788485459781,2025-05-14 12:00:00,108,8.17,41.76
250,-11.633517774709603,21.32788485459781,2025-05-14 15:00:00,111,6.65,44.25
250,-11.633517774709603,21.32788485459781,2025-05-14 18:00:00,114,6.45,42.86
250,-11.633517774709603,21.32788485459781,2025-05-14 21:00:00,117,6.07,42.69
251,-11.829033454386641,21.485998731547998,2025-05-10 00:00:00,0,4.28,17.8
251,-11.829033454386641,21.485998731547998,2025-05-10 03:00:00,3,4.57,25.52
251,-11.829033454386641,21.485998731547998,2025-05-10 06:00:00,6,6.75,33.63
251,-11.829033454386641,21.485998731547998,2025-05-10 09:00:00,9,6.14,35.89
251,-11.829033454386641,21.485998731547998,2025-05-10 12:00:00,12,7.99,41.72
251,-11.829033454386641,21.485998731547998,2025-05-10 15:00:00,15,6.29,44.96
251,-11.829033454386641,21.485998731547998,2025-05-10 18:00:00,18,8.87,44.28
251,-11.829033454386641,21.485998731547998,2025-05-10 21:00:00,21,6.47,43.88
251,-11.829033454386641,21.485998731547998,2025-05-11 00:00:00,24,4.61,32.61
251,-11.829033454386641,21.485998731547998,2025-05-11 03:00:00,27,5.23,31.15
251,-11.829033454386641,21.485998731547998,2025-05-11 06:00:00,30,4.64,27.62
251,-11.829033454386641,21.485998731547998,2025-05-11 09:00:00,33,2.38,24.81
251,-11.829033454386641,21.485998731547998,2025-05-11 12:00:00,36,3.32,23.16
251,-11.829033454386641,21.485998731547998,2025-05-11 15:00:00,39,2.68,15.63
251,-11.829033454386641,21.485998731547998,2025-05-11 18:00:00,42,4.32,20.47
251,-11.829033454386641,21.485998731547998,2025-05-11 21:00:00,45,4.7,21.24
251,-11.829033454386641,21.485998731547998,2025-05-12 00:00:00,48,3.95,19.54
251,-11.829033454386641,21.485998731547998,2025-05-12 03:00:00,51,7.77,35.1
251,-11.829033454386641,21.485998731547998,2025-05-12 06:00:00,54,7.24,33.35
251,-11.829033454386641,21.485998731547998,2025-05-12 09:00:00,57,7.35,37.95
251,-11.829033454386641,21.485998731547998,2025-05-12 12:00:00,60,8.65,42.28
251,-11.829033454386641,21.485998731547998,2025-05-12 15:00:00,63,6.31,41.07
251,-11.829033454386641,21.485998731547998,2025-05-12 18:00:00,66,8.04,49.22
251,-11.829033454386641,21.485998731547998,2025-05-12 21:00:00,69,4.53,35.63
251,-11.829033454386641,21.485998731547998,2025-05-13 00:00:00,72,6.35,42.5
251,-11.829033454386641,21.485998731547998,2025-05-13 03:00:00,75,3.43,29.24
251,-11.829033454386641,21.485998731547998,2025-05-13 06:00:00,78,2.04,21.28
251,-11.829033454386641,21.485998731547998,2025-05-13 09:00:00,81,2.56,20.38
251,-11.829033454386641,21.485998731547998,2025-05-13 12:00:00,84,1.35,12.65
251,-11.829033454386641,21.485998731547998,2025-05-13 15:00:00,87,2.66,13.93
251,-11.829033454386641,21.485998731547998,2025-05-13 18:00:00,90,4.61,21.54
251,-11.829033454386641,21.485998731547998,2025-05-13 21:00:00,93,3.14,17.01
251,-11.829033454386641,21.485998731547998,2025-05-14 00:00:00,96,6.24,29.17
251,-11.829033454386641,21.485998731547998,2025-05-14 03:00:00,99,4.96,27.07
251,-11.829033454386641,21.485998731547998,2025-05-14 06:00:00,102,6.37,35.64
251,-11.829033454386641,21.485998731547998,2025-05-14 09:00:00,105,6.84,34.77
251,-11.829033454386641,21.485998731547998,2025-05-14 12:00:00,108,8.68,44.38
251,-11.829033454386641,21.485998731547998,2025-05-14 15:00:00,111,6.61,39.03
251,-11.829033454386641,21.485998731547998,2025-05-14 18:00:00,114,8.51,47.69
251,-11.829033454386641,21.485998731547998,2025-05-14 21:00:00,117,4.63,38.67
252,-11.95420115613681,21.38882117405841,2025-05-10 00:00:00,0,6.98,23.64
252,-11.95420115613681,21.38882117405841,2025-05-10 03:00:00,3,6.43,28.74
252,-11.95420115613681,21.38882117405841,2025-05-10 06:00:00,6,8.3,39.42
252,-11.95420115613681,21.38882117405841,2025-05-10 09:00:00,9,6.16,34.61
252,-11.95420115613681,21.38882117405841,2025-05-10 12:00:00,12,7.29,41.29
252,-11.95420115613681,21.38882117405841,2025-05-10 15:00:00,15,6.01,39.84
252,-11.95420115613681,21.38882117405841,2025-05-10 18:00:00,18,5.5,38.23
252,-11.95420115613681,21.38882117405841,2025-05-10 21:00:00,21,5.78,38.35
252,-11.95420115613681,21.38882117405841,2025-05-11 00:00:00,24,5.7,39.07
252,-11.95420115613681,21.38882117405841,2025-05-11 03:00:00,27,4.76,33.59
252,-11.95420115613681,21.38882117405841,2025-05-11 06:00:00,30,4.13,26.0
252,-11.95420115613681,21.38882117405841,2025-05-11 09:00:00,33,3.49,22.91
252,-11.95420115613681,21.38882117405841,2025-05-11 12:00:00,36,3.13,17.99
252,-11.95420115613681,21.38882117405841,2025-05-11 15:00:00,39,1.2,13.98
252,-11.95420115613681,21.38882117405841,2025-05-11 18:00:00,42,3.0,12.63
252,-11.95420115613681,21.38882117405841,2025-05-11 21:00:00,45,2.71,16.23
252,-11.95420115613681,21.38882117405841,2025-05-12 00:00:00,48,5.09,20.54
252,-11.95420115613681,21.38882117405841,2025-05-12 03:00:00,51,7.29,30.2
252,-11.95420115613681,21.38882117405841,2025-05-12 06:00:00,54,8.63,35.3
252,-11.95420115613681,21.38882117405841,2025-05-12 09:00:00,57,6.3,39.59
252,-11.95420115613681,21.38882117405841,2025-05-12 12:00:00,60,9.05,41.92
252,-11.95420115613681,21.38882117405841,2025-05-12 15:00:00,63,8.29,42.89
252,-11.95420115613681,21.38882117405841,2025-05-12 18:00:00,66,5.54,38.76
252,-11.95420115613681,21.38882117405841,2025-05-12 21:00:00,69,5.3,42.88
252,-11.95420115613681,21.38882117405841,2025-05-13 00:00:00,72,5.32,35.59
252,-11.95420115613681,21.38882117405841,2025-05-13 03:00:00,75,4.72,32.1
252,-11.95420115613681,21.38882117405841,2025-05-13 06:00:00,78,4.15,28.45
252,-11.95420115613681,21.38882117405841,2025-05-13 09:00:00,81,2.19,20.17
252,-11.95420115613681,21.38882117405841,2025-05-13 12:00:00,84,0.68,11.84
252,-11.95420115613681,21.38882117405841,2025-05-13 15:00:00,87,1.15,10.33
252,-11.95420115613681,21.38882117405841,2025-05-13 18:00:00,90,3.87,19.07
252,-11.95420115613681,21.38882117405841,2025-05-13 21:00:00,93,3.82,17.25
252,-11.95420115613681,21.38882117405841,2025-05-14 00:00:00,96,4.26,20.0
252,-11.95420115613681,21.38882117405841,2025-05-14 03:00:00,99,5.91,27.69
252,-11.95420115613681,21.38882117405841,2025-05-14 06:00:00,102,5.14,27.03
252,-11.95420115613681,21.38882117405841,2025-05-14 09:00:00,105,7.49,39.89
252,-11.95420115613681,21.38882117405841,2025-05-14 12:00:00,108,6.17,39.68
252,-11.95420115613681,21.38882117405841,2025-05-14 15:00:00,111,6.49,38.86
252,-11.95420115613681,21.38882117405841,2025-05-14 18:00:00,114,6.6,45.7
252,-11.95420115613681,21.38882117405841,2025-05-14 21:00:00,117,6.02,40.23
253,-11.46193707120202,21.453374510441776,2025-05-10 00:00:00,0,3.33,18.36
253,-11.46193707120202,21.453374510441776,2025-05-10 03:00:00,3,4.23,22.65
253,-11.46193707120202,21.453374510441776,2025-05-10 06:00:00,6,8.24,39.66
253,-11.46193707120202,21.453374510441776,2025-05-10 09:00:00,9,6.6,35.39
253,-11.46193707120202,21.453374510441776,2025-05-10 12:00:00,12,9.36,42.71
253,-11.46193707120202,21.453374510441776,2025-05-10 15:00:00,15,6.1,42.41
253,-11.46193707120202,21.453374510441776,2025-05-10 18:00:00,18,8.27,44.41
253,-11.46193707120202,21.453374510441776,2025-05-10 21:00:00,21,7.71,44.19
253,-11.46193707120202,21.453374510441776,2025-05-11 00:00:00,24,5.74,40.25
253,-11.46193707120202,21.453374510441776,2025-05-11 03:00:00,27,4.25,29.14
253,-11.46193707120202,21.453374510441776,2025-05-11 06:00:00,30,4.4,30.18
253,-11.46193707120202,21.453374510441776,2025-05-11 09:00:00,33,0.42,15.67
253,-11.46193707120202,21.453374510441776,2025-05-11 12:00:00,36,3.81,23.52
253,-11.46193707120202,21.453374510441776,2025-05-11 15:00:00,39,2.98,15.89
253,-11.46193707120202,21.453374510441776,2025-05-11 18:00:00,42,3.54,18.82
253,-11.46193707120202,21.453374510441776,2025-05-11 21:00:00,45,5.36,17.52
253,-11.46193707120202,21.453374510441776,2025-05-12 00:00:00,48,3.53,23.39
253,-11.46193707120202,21.453374510441776,2025-05-12 03:00:00,51,5.1,25.92
253,-11.46193707120202,21.453374510441776,2025-05-12 06:00:00,54,8.62,36.46
253,-11.46193707120202,21.453374510441776,2025-05-12 09:00:00,57,7.45,40.9
253,-11.46193707120202,21.453374510441776,2025-05-12 12:00:00,60,8.04,43.81
253,-11.46193707120202,21.453374510441776,2025-05-12 15:00:00,63,8.3,43.18
253,-11.46193707120202,21.453374510441776,2025-05-12 18:00:00,66,8.56,43.25
253,-11.46193707120202,21.453374510441776,2025-05-12 21:00:00,69,6.36,38.38
253,-11.46193707120202,21.453374510441776,2025-05-13 00:00:00,72,5.67,38.1
253,-11.46193707120202,21.453374510441776,2025-05-13 03:00:00,75,5.6,31.92
253,-11.46193707120202,21.453374510441776,2025-05-13 06:00:00,78,2.41,22.4
253,-11.46193707120202,21.453374510441776,2025-05-13 09:00:00,81,1.95,16.71
253,-11.46193707120202,21.453374510441776,2025-05-13 12:00:00,84,1.74,14.64
253,-11.46193707120202,21.453374510441776,2025-05-13 15:00:00,87,1.87,14.81
253,-11.46193707120202,21.453374510441776,2025-05-13 18:00:00,90,2.25,10.76
253,-11.46193707120202,21.453374510441776,2025-05-13 21:00:00,93,1.87,10.54
253,-11.46193707120202,21.453374510441776,2025-05-14 00:00:00,96,6.08,21.92
253,-11.46193707120202,21.453374510441776,2025-05-14 03:00:00,99,6.18,31.11
253,-11.46193707120202,21.453374510441776,2025-05-14 06:00:00,102,7.42,38.35
253,-11.46193707120202,21.453374510441776,2025-05-14 09:00:00,105,8.86,41.5
253,-11.46193707120202,21.453374510441776,2025-05-14 12:00:00,108,6.59,37.26
253,-11.46193707120202,21.453374510441776,2025-05-14 15:00:00,111,7.02,43.73
253,-11.46193707120202,21.453374510441776,2025-05-14 18:00:00,114,8.4,47.04
253,-11.46193707120202,21.453374510441776,2025-05-14 21:00:00,117,4.65,40.81
254,-11.673666558465344,21.242043525021266,2025-05-10 00:00:00,0,6.32,26.01
254,-11.673666558465344,21.242043525021266,2025-05-10 03:00:00,3,7.89,28.37
254,-11.673666558465344,21.242043525021266,2025-05-10 06:00:00,6,5.52,32.8
254,-11.673666558465344,21.242043525021266,2025-05-10 09:00:00,9,5.94,36.4
254,-11.673666558465344,21.242043525021266,2025-05-10 12:00:00,12,6.93,40.23
254,-11.673666558465344,21.242043525021266,2025-05-10 15:00:00,15,7.45,46.62
254,-11.673666558465344,21.242043525021266,2025-05-10 18:00:00,18,8.61,44.93
254,-11.673666558465344,21.242043525021266,2025-05-10 21:00:00,21,4.77,37.09
254,-11.673666558465344,21.242043525021266,2025-05-11 00:00:00,24,5.39,39.91
254,-11.673666558465344,21.242043525021266,2025-05-11 03:00:00,27,3.65,29.22
254,-11.673666558465344,21.242043525021266,2025-05-11 06:00:00,30,3.57,24.32
254,-11.673666558465344,21.242043525021266,2025-05-11 09:00:00,33,3.84,20.62
254,-11.673666558465344,21.242043525021266,2025-05-11 12:00:00,36,1.13,17.6
254,-11.673666558465344,21.242043525021266,2025-05-11 15:00:00,39,3.55,19.63
254,-11.673666558465344,21.242043525021266,2025-05-11 18:00:00,42,3.54,14.0
254,-11.673666558465344,21.242043525021266,2025-05-11 21:00:00,45,4.94,19.97
254,-11.673666558465344,21.242043525021266,2025-05-12 00:00:00,48,4.31,20.5
254,-11.673666558465344,21.242043525021266,2025-05-12 03:00:00,51,4.93,22.21
254,-11.673666558465344,21.242043525021266,2025-05-12 06:00:00,54,6.24,33.82
254,-11.673666558465344,21.242043525021266,2025-05-12 09:00:00,57,7.62,42.43
254,-11.673666558465344,21.242043525021266,2025-05-12 12:00:00,60,8.38,40.22
254,-11.673666558465344,21.242043525021266,2025-05-12 15:00:00,63,7.39,45.57
254,-11.673666558465344,21.242043525021266,2025-05-12 18:00:00,66,6.61,44.14
254,-11.673666558465344,21.242043525021266,2025-05-12 21:00:00,69,4.72,37.56
254,-11.673666558465344,21.242043525021266,2025-05-13 00:00:00,72,3.62,33.28
254,-11.673666558465344,21.242043525021266,2025-05-13 03:00:00,75,3.63,34.49
254,-11.673666558465344,21.242043525021266,2025-05-13 06:00:00,78,1.63,20.87
254,-11.673666558465344,21.242043525021266,2025-05-13 09:00:00,81,2.65,19.19
254,-11.673666558465344,21.242043525021266,2025-05-13 12:00:00,84,0.45,15.13
254,-11.673666558465344,21.242043525021266,2025-05-13 15:00:00,87,0.93,14.61
254,-11.673666558465344,21.242043525021266,2025-05-13 18:00:00,90,2.01,17.82
254,-11.673666558465344,21.242043525021266,2025-05-13 21:00:00,93,2.66,12.81
254,-11.673666558465344,21.242043525021266,2025-05-14 00:00:00,96,4.4,19.38
254,-11.673666558465344,21.242043525021266,2025-05-14 03:00:00,99,6.56,31.18
254,-11.673666558465344,21.242043525021266,2025-05-14 06:00:00,102,6.72,31.7
254,-11.673666558465344,21.242043525021266,2025-05-14 09:00:00,105,8.75,38.83
254,-11.673666558465344,21.242043525021266,2025-05-14 12:00:00,108,7.69,44.76
254,-11.673666558465344,21.242043525021266,2025-05-14 15:00:00,111,6.98,43.35
254,-11.673666558465344,21.242043525021266,2025-05-14 18:00:00,114,6.58,43.02
254,-11.673666558465344,21.242043525021266,2025-05-14 21:00:00,117,5.12,38.16
255,-11.826567718331047,21.02823624630906,2025-05-10 00:00:00,0,4.7,20.4
255,-11.826567718331047,21.02823624630906,2025-05-10 03:00:00,3,7.34,28.36
255,-11.826567718331047,21.02823624630906,2025-05-10 06:00:00,6,7.18,32.9
255,-11.826567718331047,21.02823624630906,2025-05-10 09:00:00,9,9.42,41.97
255,-11.826567718331047,21.02823624630906,2025-05-10 12:00:00,12,8.53,46.38
255,-11.826567718331047,21.02823624630906,2025-05-10 15:00:00,15,8.29,49.66
255,-11.826567718331047,21.02823624630906,2025-05-10 18:00:00,18,8.35,49.36
255,-11.826567718331047,21.02823624630906,2025-05-10 21:00:00,21,6.66,45.08
255,-11.826567718331047,21.02823624630906,2025-05-11 00:00:00,24,5.23,39.16
255,-11.826567718331047,21.02823624630906,2025-05-11 03:00:00,27,5.1,31.55
255,-11.826567718331047,21.02823624630906,2025-05-11 06:00:00,30,2.97,27.0
255,-11.826567718331047,21.02823624630906,2025-05-11 09:00:00,33,0.82,16.55
255,-11.826567718331047,21.02823624630906,2025-05-11 12:00:00,36,0.53,13.67
255,-11.826567718331047,21.02823624630906,2025-05-11 15:00:00,39,1.63,13.15
255,-11.826567718331047,21.02823624630906,2025-05-11 18:00:00,42,2.65,11.42
255,-11.826567718331047,21.02823624630906,2025-05-11 21:00:00,45,4.91,18.46
255,-11.826567718331047,21.02823624630906,2025-05-12 00:00:00,48,6.65,28.17
255,-11.826567718331047,21.02823624630906,2025-05-12 03:00:00,51,5.51,27.61
255,-11.826567718331047,21.02823624630906,2025-05-12 06:00:00,54,7.22,37.22
255,-11.826567718331047,21.02823624630906,2025-05-12 09:00:00,57,8.18,37.31
255,-11.826567718331047,21.02823624630906,2025-05-12 12:00:00,60,6.43,37.24
255,-11.826567718331047,21.02823624630906,2025-05-12 15:00:00,63,7.83,43.25
255,-11.826567718331047,21.02823624630906,2025-05-12 18:00:00,66,8.39,43.61
255,-11.826567718331047,21.02823624630906,2025-05-12 21:00:00,69,5.96,42.03
255,-11.826567718331047,21.02823624630906,2025-05-13 00:00:00,72,4.45,36.09
255,-11.826567718331047,21.02823624630906,2025-05-13 03:00:00,75,2.69,29.47
255,-11.826567718331047,21.02823624630906,2025-05-13 06:00:00,78,3.32,23.49
255,-11.826567718331047,21.02823624630906,2025-05-13 09:00:00,81,2.53,19.81
255,-11.826567718331047,21.02823624630906,2025-05-13 12:00:00,84,1.49,16.27
255,-11.826567718331047,21.02823624630906,2025-05-13 15:00:00,87,3.75,17.01
255,-11.826567718331047,21.02823624630906,2025-05-13 18:00:00,90,2.13,11.53
255,-11.826567718331047,21.02823624630906,2025-05-13 21:00:00,93,3.34,16.69
255,-11.826567718331047,21.02823624630906,2025-05-14 00:00:00,96,5.2,22.55
255,-11.826567718331047,21.02823624630906,2025-05-14 03:00:00,99,7.89,29.97
255,-11.826567718331047,21.02823624630906,2025-05-14 06:00:00,102,9.12,36.62
255,-11.826567718331047,21.02823624630906,2025-05-14 09:00:00,105,6.36,36.42
255,-11.826567718331047,21.02823624630906,2025-05-14 12:00:00,108,9.45,48.22
255,-11.826567718331047,21.02823624630906,2025-05-14 15:00:00,111,7.09,40.25
255,-11.826567718331047,21.02823624630906,2025-05-14 18:00:00,114,8.94,51.68
255,-11.826567718331047,21.02823624630906,2025-05-14 21:00:00,117,7.36,47.39
256,-11.951610306271302,21.147277074261243,2025-05-10 00:00:00,0,4.92,22.25
256,-11.951610306271302,21.147277074261243,2025-05-10 03:00:00,3,6.21,30.35
256,-11.951610306271302,21.147277074261243,2025-05-10 06:00:00,6,6.04,29.83
256,-11.951610306271302,21.147277074261243,2025-05-10 09:00:00,9,6.36,38.34
256,-11.951610306271302,21.147277074261243,2025-05-10 12:00:00,12,8.11,43.13
256,-11.951610306271302,21.147277074261243,2025-05-10 15:00:00,15,9.18,47.97
256,-11.951610306271302,21.147277074261243,2025-05-10 18:00:00,18,8.85,48.23
256,-11.951610306271302,21.147277074261243,2025-05-10 21:00:00,21,4.43,34.87
256,-11.951610306271302,21.147277074261243,2025-05-11 00:00:00,24,5.82,34.73
256,-11.951610306271302,21.147277074261243,2025-05-11 03:00:00,27,4.74,34.01
256,-11.951610306271302,21.147277074261243,2025-05-11 06:00:00,30,3.89,29.91
256,-11.951610306271302,21.147277074261243,2025-05-11 09:00:00,33,3.65,26.03
256,-11.951610306271302,21.147277074261243,2025-05-11 12:00:00,36,2.05,13.37
256,-11.951610306271302,21.147277074261243,2025-05-11 15:00:00,39,2.79,13.58
256,-11.951610306271302,21.147277074261243,2025-05-11 18:00:00,42,1.76,10.89
256,-11.951610306271302,21.147277074261243,2025-05-11 21:00:00,45,3.15,20.44
256,-11.951610306271302,21.147277074261243,2025-05-12 00:00:00,48,3.39,21.88
256,-11.951610306271302,21.147277074261243,2025-05-12 03:00:00,51,5.27,30.17
256,-11.951610306271302,21.147277074261243,2025-05-12 06:00:00,54,8.74,34.22
256,-11.951610306271302,21.147277074261243,2025-05-12 09:00:00,57,9.22,40.5
256,-11.951610306271302,21.147277074261243,2025-05-12 12:00:00,60,7.77,43.45
256,-11.951610306271302,21.147277074261243,2025-05-12 15:00:00,63,5.81,41.47
256,-11.951610306271302,21.147277074261243,2025-05-12 18:00:00,66,8.23,48.98
256,-11.951610306271302,21.147277074261243,2025-05-12 21:00:00,69,6.05,45.33
256,-11.951610306271302,21.147277074261243,2025-05-13 00:00:00,72,3.57,34.76
256,-11.951610306271302,21.147277074261243,2025-05-13 03:00:00,75,3.41,32.88
256,-11.951610306271302,21.147277074261243,2025-05-13 06:00:00,78,2.15,25.74
256,-11.951610306271302,21.147277074261243,2025-05-13 09:00:00,81,2.35,20.92
256,-11.951610306271302,21.147277074261243,2025-05-13 12:00:00,84,3.24,18.68
256,-11.951610306271302,21.147277074261243,2025-05-13 15:00:00,87,0.72,15.61
256,-11.951610306271302,21.147277074261243,2025-05-13 18:00:00,90,1.37,11.9
256,-11.951610306271302,21.147277074261243,2025-05-13 21:00:00,93,1.99,13.73
256,-11.951610306271302,21.147277074261243,2025-05-14 00:00:00,96,4.69,23.26
256,-11.951610306271302,21.147277074261243,2025-05-14 03:00:00,99,5.85,29.25
256,-11.951610306271302,21.147277074261243,2025-05-14 06:00:00,102,5.47,29.84
256,-11.951610306271302,21.147277074261243,2025-05-14 09:00:00,105,8.57,40.41
256,-11.951610306271302,21.147277074261243,2025-05-14 12:00:00,108,8.79,43.7
256,-11.951610306271302,21.147277074261243,2025-05-14 15:00:00,111,8.73,45.31
256,-11.951610306271302,21.147277074261243,2025-05-14 18:00:00,114,8.46,49.44
256,-11.951610306271302,21.147277074261243,2025-05-14 21:00:00,117,5.17,37.02
257,-11.476905048169641,21.70710445124356,2025-05-10 00:00:00,0,4.04,17.95
257,-11.476905048169641,21.70710445124356,2025-05-10 03:00:00,3,4.75,25.24
257,-11.476905048169641,21.70710445124356,2025-05-10 06:00:00,6,7.89,39.72
257,-11.476905048169641,21.70710445124356,2025-05-10 09:00:00,9,7.72,35.97
257,-11.476905048169641,21.70710445124356,2025-05-10 12:00:00,12,6.59,40.71
257,-11.476905048169641,21.70710445124356,2025-05-10 15:00:00,15,8.06,44.19
257,-11.476905048169641,21.70710445124356,2025-05-10 18:00:00,18,5.82,44.88
257,-11.476905048169641,21.70710445124356,2025-05-10 21:00:00,21,6.1,40.38
257,-11.476905048169641,21.70710445124356,2025-05-11 00:00:00,24,5.5,40.39
257,-11.476905048169641,21.70710445124356,2025-05-11 03:00:00,27,4.43,30.98
257,-11.476905048169641,21.70710445124356,2025-05-11 06:00:00,30,2.63,25.48
257,-11.476905048169641,21.70710445124356,2025-05-11 09:00:00,33,3.37,22.41
257,-11.476905048169641,21.70710445124356,2025-05-11 12:00:00,36,3.97,19.95
257,-11.476905048169641,21.70710445124356,2025-05-11 15:00:00,39,2.9,12.83
257,-11.476905048169641,21.70710445124356,2025-05-11 18:00:00,42,4.88,22.19
257,-11.476905048169641,21.70710445124356,2025-05-11 21:00:00,45,3.19,15.86
257,-11.476905048169641,21.70710445124356,2025-05-12 00:00:00,48,4.19,21.83
257,-11.476905048169641,21.70710445124356,2025-05-12 03:00:00,51,6.83,30.82
257,-11.476905048169641,21.70710445124356,2025-05-12 06:00:00,54,6.41,29.35
257,-11.476905048169641,21.70710445124356,2025-05-12 09:00:00,57,6.57,36.8
257,-11.476905048169641,21.70710445124356,2025-05-12 12:00:00,60,9.83,43.41
257,-11.476905048169641,21.70710445124356,2025-05-12 15:00:00,63,8.45,48.88
257,-11.476905048169641,21.70710445124356,2025-05-12 18:00:00,66,7.58,45.98
257,-11.476905048169641,21.70710445124356,2025-05-12 21:00:00,69,7.13,41.82
257,-11.476905048169641,21.70710445124356,2025-05-13 00:00:00,72,3.39,30.12
257,-11.476905048169641,21.70710445124356,2025-05-13 03:00:00,75,3.13,30.75
257,-11.476905048169641,21.70710445124356,2025-05-13 06:00:00,78,3.66,27.59
257,-11.476905048169641,21.70710445124356,2025-05-13 09:00:00,81,4.02,27.33
257,-11.476905048169641,21.70710445124356,2025-05-13 12:00:00,84,0.06,11.62
257,-11.476905048169641,21.70710445124356,2025-05-13 15:00:00,87,2.62,13.07
257,-11.476905048169641,21.70710445124356,2025-05-13 18:00:00,90,2.88,12.96
257,-11.476905048169641,21.70710445124356,2025-05-13 21:00:00,93,3.28,19.32
257,-11.476905048169641,21.70710445124356,2025-05-14 00:00:00,96,4.2,19.98
257,-11.476905048169641,21.70710445124356,2025-05-14 03:00:00,99,6.46,30.77
257,-11.476905048169641,21.70710445124356,2025-05-14 06:00:00,102,8.09,35.84
257,-11.476905048169641,21.70710445124356,2025-05-14 09:00:00,105,9.13,46.02
257,-11.476905048169641,21.70710445124356,2025-05-14 12:00:00,108,8.89,46.65
257,-11.476905048169641,21.70710445124356,2025-05-14 15:00:00,111,9.26,48.0
257,-11.476905048169641,21.70710445124356,2025-05-14 18:00:00,114,5.7,44.91
257,-11.476905048169641,21.70710445124356,2025-05-14 21:00:00,117,6.54,46.31
258,-11.396451763779814,21.49979407479178,2025-05-10 00:00:00,0,3.66,16.95
258,-11.396451763779814,21.49979407479178,2025-05-10 03:00:00,3,4.27,26.52
258,-11.396451763779814,21.49979407479178,2025-05-10 06:00:00,6,8.55,38.82
258,-11.396451763779814,21.49979407479178,2025-05-10 09:00:00,9,6.78,40.76
258,-11.396451763779814,21.49979407479178,2025-05-10 12:00:00,12,9.2,44.98
258,-11.396451763779814,21.49979407479178,2025-05-10 15:00:00,15,5.86,43.68
258,-11.396451763779814,21.49979407479178,2025-05-10 18:00:00,18,6.61,41.27
258,-11.396451763779814,21.49979407479178,2025-05-10 21:00:00,21,5.73,38.75
258,-11.396451763779814,21.49979407479178,2025-05-11 00:00:00,24,3.34,33.99
258,-11.396451763779814,21.49979407479178,2025-05-11 03:00:00,27,4.44,34.06
258,-11.396451763779814,21.49979407479178,2025-05-11 06:00:00,30,1.13,24.25
258,-11.396451763779814,21.49979407479178,2025-05-11 09:00:00,33,0.38,16.48
258,-11.396451763779814,21.49979407479178,2025-05-11 12:00:00,36,1.16,12.04
258,-11.396451763779814,21.49979407479178,2025-05-11 15:00:00,39,1.98,17.06
258,-11.396451763779814,21.49979407479178,2025-05-11 18:00:00,42,3.86,14.96
258,-11.396451763779814,21.49979407479178,2025-05-11 21:00:00,45,2.97,16.36
258,-11.396451763779814,21.49979407479178,2025-05-12 00:00:00,48,5.62,22.04
258,-11.396451763779814,21.49979407479178,2025-05-12 03:00:00,51,6.89,30.56
258,-11.396451763779814,21.49979407479178,2025-05-12 06:00:00,54,6.88,37.31
258,-11.396451763779814,21.49979407479178,2025-05-12 09:00:00,57,7.52,36.82
258,-11.396451763779814,21.49979407479178,2025-05-12 12:00:00,60,9.24,48.07
258,-11.396451763779814,21.49979407479178,2025-05-12 15:00:00,63,7.9,47.44
258,-11.396451763779814,21.49979407479178,2025-05-12 18:00:00,66,8.88,50.76
258,-11.396451763779814,21.49979407479178,2025-05-12 21:00:00,69,5.06,35.86
258,-11.396451763779814,21.49979407479178,2025-05-13 00:00:00,72,3.08,33.22
258,-11.396451763779814,21.49979407479178,2025-05-13 03:00:00,75,1.96,28.03
258,-11.396451763779814,21.49979407479178,2025-05-13 06:00:00,78,2.44,24.09
258,-11.396451763779814,21.49979407479178,2025-05-13 09:00:00,81,2.24,20.38
258,-11.396451763779814,21.49979407479178,2025-05-13 12:00:00,84,2.99,21.53
258,-11.396451763779814,21.49979407479178,2025-05-13 15:00:00,87,0.61,8.05
258,-11.396451763779814,21.49979407479178,2025-05-13 18:00:00,90,2.84,13.24
258,-11.396451763779814,21.49979407479178,2025-05-13 21:00:00,93,5.49,20.54
258,-11.396451763779814,21.49979407479178,2025-05-14 00:00:00,96,5.93,25.9
258,-11.396451763779814,21.49979407479178,2025-05-14 03:00:00,99,5.07,29.97
258,-11.396451763779814,21.49979407479178,2025-05-14 06:00:00,102,6.73,31.42
258,-11.396451763779814,21.49979407479178,2025-05-14 09:00:00,105,9.24,38.94
258,-11.396451763779814,21.49979407479178,2025-05-14 12:00:00,108,6.68,41.94
258,-11.396451763779814,21.49979407479178,2025-05-14 15:00:00,111,8.81,48.75
258,-11.396451763779814,21.49979407479178,2025-05-14 18:00:00,114,5.51,41.75
258,-11.396451763779814,21.49979407479178,2025-05-14 21:00:00,117,6.9,42.84
259,-11.862855534152976,21.198492988140572,2025-05-10 00:00:00,0,3.91,23.95
259,-11.862855534152976,21.198492988140572,2025-05-10 03:00:00,3,5.94,29.58
259,-11.862855534152976,21.198492988140572,2025-05-10 06:00:00,6,5.79,34.68
259,-11.862855534152976,21.198492988140572,2025-05-10 09:00:00,9,8.07,41.42
259,-11.862855534152976,21.198492988140572,2025-05-10 12:00:00,12,6.58,36.65
259,-11.862855534152976,21.198492988140572,2025-05-10 15:00:00,15,8.19,43.53
259,-11.862855534152976,21.198492988140572,2025-05-10 18:00:00,18,6.62,41.76
259,-11.862855534152976,21.198492988140572,2025-05-10 21:00:00,21,6.59,40.99
259,-11.862855534152976,21.198492988140572,2025-05-11 00:00:00,24,6.48,36.28
259,-11.862855534152976,21.198492988140572,2025-05-11 03:00:00,27,5.63,31.32
259,-11.862855534152976,21.198492988140572,2025-05-11 06:00:00,30,4.36,30.98
259,-11.862855534152976,21.198492988140572,2025-05-11 09:00:00,33,3.3,25.88
259,-11.862855534152976,21.198492988140572,2025-05-11 12:00:00,36,0.86,14.3
259,-11.862855534152976,21.198492988140572,2025-05-11 15:00:00,39,3.35,18.71
259,-11.862855534152976,21.198492988140572,2025-05-11 18:00:00,42,3.37,14.28
259,-11.862855534152976,21.198492988140572,2025-05-11 21:00:00,45,4.79,21.99
259,-11.862855534152976,21.198492988140572,2025-05-12 00:00:00,48,4.79,22.24
259,-11.862855534152976,21.198492988140572,2025-05-12 03:00:00,51,5.22,25.52
259,-11.862855534152976,21.198492988140572,2025-05-12 06:00:00,54,6.09,33.02
259,-11.862855534152976,21.198492988140572,2025-05-12 09:00:00,57,5.89,34.1
259,-11.862855534152976,21.198492988140572,2025-05-12 12:00:00,60,6.01,39.89
259,-11.862855534152976,21.198492988140572,2025-05-12 15:00:00,63,7.65,41.49
259,-11.862855534152976,21.198492988140572,2025-05-12 18:00:00,66,7.21,43.05
259,-11.862855534152976,21.198492988140572,2025-05-12 21:00:00,69,7.51,48.05
259,-11.862855534152976,21.198492988140572,2025-05-13 00:00:00,72,5.22,39.62
259,-11.862855534152976,21.198492988140572,2025-05-13 03:00:00,75,2.61,31.73
259,-11.862855534152976,21.198492988140572,2025-05-13 06:00:00,78,4.31,29.77
259,-11.862855534152976,21.198492988140572,2025-05-13 09:00:00,81,2.19,20.63
259,-11.862855534152976,21.198492988140572,2025-05-13 12:00:00,84,3.04,22.74
259,-11.862855534152976,21.198492988140572,2025-05-13 15:00:00,87,1.47,13.87
259,-11.862855534152976,21.198492988140572,2025-05-13 18:00:00,90,4.42,19.6
259,-11.862855534152976,21.198492988140572,2025-05-13 21:00:00,93,5.13,23.49
259,-11.862855534152976,21.198492988140572,2025-05-14 00:00:00,96,5.25,25.26
259,-11.862855534152976,21.198492988140572,2025-05-14 03:00:00,99,6.98,30.39
259,-11.862855534152976,21.198492988140572,2025-05-14 06:00:00,102,7.61,38.04
259,-11.862855534152976,21.198492988140572,2025-05-14 09:00:00,105,9.31,40.64
259,-11.862855534152976,21.198492988140572,2025-05-14 12:00:00,108,6.57,42.74
259,-11.862855534152976,21.198492988140572,2025-05-14 15:00:00,111,9.56,47.73
259,-11.862855534152976,21.198492988140572,2025-05-14 18:00:00,114,6.06,41.88
259,-11.862855534152976,21.198492988140572,2025-05-14 21:00:00,117,8.06,45.75
260,-11.282818378316845,21.162191473408537,2025-05-10 00:00:00,0,4.33,23.34
260,-11.282818378316845,21.162191473408537,2025-05-10 03:00:00,3,5.6,30.47
260,-11.282818378316845,21.162191473408537,2025-05-10 06:00:00,6,8.19,39.75
260,-11.282818378316845,21.162191473408537,2025-05-10 09:00:00,9,9.49,45.08
260,-11.282818378316845,21.162191473408537,2025-05-10 12:00:00,12,7.35,42.95
260,-11.282818378316845,21.162191473408537,2025-05-10 15:00:00,15,9.19,49.44
260,-11.282818378316845,21.162191473408537,2025-05-10 18:00:00,18,8.95,51.49
260,-11.282818378316845,21.162191473408537,2025-05-10 21:00:00,21,4.72,41.71
260,-11.282818378316845,21.162191473408537,2025-05-11 00:00:00,24,4.11,33.8
260,-11.282818378316845,21.162191473408537,2025-05-11 03:00:00,27,5.39,36.21
260,-11.282818378316845,21.162191473408537,2025-05-11 06:00:00,30,2.77,27.53
260,-11.282818378316845,21.162191473408537,2025-05-11 09:00:00,33,1.39,21.98
260,-11.282818378316845,21.162191473408537,2025-05-11 12:00:00,36,2.04,13.68
260,-11.282818378316845,21.162191473408537,2025-05-11 15:00:00,39,1.19,12.3
260,-11.282818378316845,21.162191473408537,2025-05-11 18:00:00,42,2.78,13.6
260,-11.282818378316845,21.162191473408537,2025-05-11 21:00:00,45,2.17,16.74
260,-11.282818378316845,21.162191473408537,2025-05-12 00:00:00,48,4.16,23.79
260,-11.282818378316845,21.162191473408537,2025-05-12 03:00:00,51,5.93,25.27
260,-11.282818378316845,21.162191473408537,2025-05-12 06:00:00,54,5.93,34.8
260,-11.282818378316845,21.162191473408537,2025-05-12 09:00:00,57,6.41,33.21
260,-11.282818378316845,21.162191473408537,2025-05-12 12:00:00,60,8.26,40.89
260,-11.282818378316845,21.162191473408537,2025-05-12 15:00:00,63,7.6,46.46
260,-11.282818378316845,21.162191473408537,2025-05-12 18:00:00,66,7.24,40.53
260,-11.282818378316845,21.162191473408537,2025-05-12 21:00:00,69,7.41,45.97
260,-11.282818378316845,21.162191473408537,2025-05-13 00:00:00,72,5.03,35.95
260,-11.282818378316845,21.162191473408537,2025-05-13 03:00:00,75,2.28,29.57
260,-11.282818378316845,21.162191473408537,2025-05-13 06:00:00,78,4.8,26.2
260,-11.282818378316845,21.162191473408537,2025-05-13 09:00:00,81,3.79,26.22
260,-11.282818378316845,21.162191473408537,2025-05-13 12:00:00,84,2.77,19.87
260,-11.282818378316845,21.162191473408537,2025-05-13 15:00:00,87,0.61,14.21
260,-11.282818378316845,21.162191473408537,2025-05-13 18:00:00,90,4.29,16.75
260,-11.282818378316845,21.162191473408537,2025-05-13 21:00:00,93,3.37,21.47
260,-11.282818378316845,21.162191473408537,2025-05-14 00:00:00,96,5.58,20.14
260,-11.282818378316845,21.162191473408537,2025-05-14 03:00:00,99,5.75,27.23
260,-11.282818378316845,21.162191473408537,2025-05-14 06:00:00,102,7.33,33.65
260,-11.282818378316845,21.162191473408537,2025-05-14 09:00:00,105,8.27,37.45
260,-11.282818378316845,21.162191473408537,2025-05-14 12:00:00,108,9.97,48.26
260,-11.282818378316845,21.162191473408537,2025-05-14 15:00:00,111,9.44,50.64
260,-11.282818378316845,21.162191473408537,2025-05-14 18:00:00,114,6.03,40.82
260,-11.282818378316845,21.162191473408537,2025-05-14 21:00:00,117,5.35,42.79
261,-11.954536891861284,21.141040100278268,2025-05-10 00:00:00,0,6.01,27.56
261,-11.954536891861284,21.141040100278268,2025-05-10 03:00:00,3,5.31,28.69
261,-11.954536891861284,21.141040100278268,2025-05-10 06:00:00,6,8.77,39.92
261,-11.954536891861284,21.141040100278268,2025-05-10 09:00:00,9,9.05,42.09
261,-11.954536891861284,21.141040100278268,2025-05-10 12:00:00,12,6.63,40.69
261,-11.954536891861284,21.141040100278268,2025-05-10 15:00:00,15,6.93,43.35
261,-11.954536891861284,21.141040100278268,2025-05-10 18:00:00,18,6.92,41.94
261,-11.954536891861284,21.141040100278268,2025-05-10 21:00:00,21,6.61,43.05
261,-11.954536891861284,21.141040100278268,2025-05-11 00:00:00,24,6.19,37.79
261,-11.954536891861284,21.141040100278268,2025-05-11 03:00:00,27,2.12,30.97
261,-11.954536891861284,21.141040100278268,2025-05-11 06:00:00,30,3.79,24.93
261,-11.954536891861284,21.141040100278268,2025-05-11 09:00:00,33,2.61,19.54
261,-11.954536891861284,21.141040100278268,2025-05-11 12:00:00,36,2.34,16.47
261,-11.954536891861284,21.141040100278268,2025-05-11 15:00:00,39,0.26,8.75
261,-11.954536891861284,21.141040100278268,2025-05-11 18:00:00,42,2.08,11.22
261,-11.954536891861284,21.141040100278268,2025-05-11 21:00:00,45,2.91,17.49
261,-11.954536891861284,21.141040100278268,2025-05-12 00:00:00,48,5.68,22.96
261,-11.954536891861284,21.141040100278268,2025-05-12 03:00:00,51,4.45,25.58
261,-11.954536891861284,21.141040100278268,2025-05-12 06:00:00,54,8.0,37.8
261,-11.954536891861284,21.141040100278268,2025-05-12 09:00:00,57,6.64,33.57
261,-11.954536891861284,21.141040100278268,2025-05-12 12:00:00,60,7.4,42.59
261,-11.954536891861284,21.141040100278268,2025-05-12 15:00:00,63,9.6,50.96
261,-11.954536891861284,21.141040100278268,2025-05-12 18:00:00,66,6.8,46.67
261,-11.954536891861284,21.141040100278268,2025-05-12 21:00:00,69,5.64,44.44
261,-11.954536891861284,21.141040100278268,2025-05-13 00:00:00,72,3.19,37.1
261,-11.954536891861284,21.141040100278268,2025-05-13 03:00:00,75,3.03,33.62
261,-11.954536891861284,21.141040100278268,2025-05-13 06:00:00,78,1.62,20.96
261,-11.954536891861284,21.141040100278268,2025-05-13 09:00:00,81,3.66,24.52
261,-11.954536891861284,21.141040100278268,2025-05-13 12:00:00,84,0.96,14.97
261,-11.954536891861284,21.141040100278268,2025-05-13 15:00:00,87,3.29,16.71
261,-11.954536891861284,21.141040100278268,2025-05-13 18:00:00,90,4.17,21.28
261,-11.954536891861284,21.141040100278268,2025-05-13 21:00:00,93,2.02,16.26
261,-11.954536891861284,21.141040100278268,2025-05-14 00:00:00,96,4.41,24.84
261,-11.954536891861284,21.141040100278268,2025-05-14 03:00:00,99,5.36,30.28
261,-11.954536891861284,21.141040100278268,2025-05-14 06:00:00,102,8.37,40.16
261,-11.954536891861284,21.141040100278268,2025-05-14 09:00:00,105,6.34,35.37
261,-11.954536891861284,21.141040100278268,2025-05-14 12:00:00,108,9.0,47.33
261,-11.954536891861284,21.141040100278268,2025-05-14 15:00:00,111,8.89,50.55
261,-11.954536891861284,21.141040100278268,2025-05-14 18:00:00,114,7.14,47.45
261,-11.954536891861284,21.141040100278268,2025-05-14 21:00:00,117,6.98,39.46
262,-11.957888625777745,21.144255788474126,2025-05-10 00:00:00,0,4.9,21.41
262,-11.957888625777745,21.144255788474126,2025-05-10 03:00:00,3,5.83,28.96
262,-11.957888625777745,21.144255788474126,2025-05-10 06:00:00,6,7.91,38.54
262,-11.957888625777745,21.144255788474126,2025-05-10 09:00:00,9,6.58,34.83
262,-11.957888625777745,21.144255788474126,2025-05-10 12:00:00,12,9.57,42.5
262,-11.957888625777745,21.144255788474126,2025-05-10 15:00:00,15,7.32,44.59
262,-11.957888625777745,21.144255788474126,2025-05-10 18:00:00,18,8.97,46.96
262,-11.957888625777745,21.144255788474126,2025-05-10 21:00:00,21,8.02,43.27
262,-11.957888625777745,21.144255788474126,2025-05-11 00:00:00,24,4.87,33.96
262,-11.957888625777745,21.144255788474126,2025-05-11 03:00:00,27,4.59,33.69
262,-11.957888625777745,21.144255788474126,2025-05-11 06:00:00,30,2.34,26.18
262,-11.957888625777745,21.144255788474126,2025-05-11 09:00:00,33,1.8,21.9
262,-11.957888625777745,21.144255788474126,2025-05-11 12:00:00,36,2.47,20.32
262,-11.957888625777745,21.144255788474126,2025-05-11 15:00:00,39,4.07,15.02
262,-11.957888625777745,21.144255788474126,2025-05-11 18:00:00,42,1.34,14.03
262,-11.957888625777745,21.144255788474126,2025-05-11 21:00:00,45,3.03,14.33
262,-11.957888625777745,21.144255788474126,2025-05-12 00:00:00,48,3.27,20.25
262,-11.957888625777745,21.144255788474126,2025-05-12 03:00:00,51,6.84,27.64
262,-11.957888625777745,21.144255788474126,2025-05-12 06:00:00,54,5.18,33.87
262,-11.957888625777745,21.144255788474126,2025-05-12 09:00:00,57,8.34,37.77
262,-11.957888625777745,21.144255788474126,2025-05-12 12:00:00,60,6.56,43.58
262,-11.957888625777745,21.144255788474126,2025-05-12 15:00:00,63,8.9,50.81
262,-11.957888625777745,21.144255788474126,2025-05-12 18:00:00,66,7.27,43.62
262,-11.957888625777745,21.144255788474126,2025-05-12 21:00:00,69,6.9,45.81
262,-11.957888625777745,21.144255788474126,2025-05-13 00:00:00,72,6.1,36.62
262,-11.957888625777745,21.144255788474126,2025-05-13 03:00:00,75,3.13,26.11
262,-11.957888625777745,21.144255788474126,2025-05-13 06:00:00,78,1.17,20.53
262,-11.957888625777745,21.144255788474126,2025-05-13 09:00:00,81,4.09,22.41
262,-11.957888625777745,21.144255788474126,2025-05-13 12:00:00,84,2.29,20.99
262,-11.957888625777745,21.144255788474126,2025-05-13 15:00:00,87,3.05,13.28
262,-11.957888625777745,21.144255788474126,2025-05-13 18:00:00,90,3.01,12.64
262,-11.957888625777745,21.144255788474126,2025-05-13 21:00:00,93,2.6,17.56
262,-11.957888625777745,21.144255788474126,2025-05-14 00:00:00,96,3.36,22.19
262,-11.957888625777745,21.144255788474126,2025-05-14 03:00:00,99,6.98,32.39
262,-11.957888625777745,21.144255788474126,2025-05-14 06:00:00,102,5.78,28.45
262,-11.957888625777745,21.144255788474126,2025-05-14 09:00:00,105,5.87,36.96
262,-11.957888625777745,21.144255788474126,2025-05-14 12:00:00,108,7.25,40.26
262,-11.957888625777745,21.144255788474126,2025-05-14 15:00:00,111,6.08,44.15
262,-11.957888625777745,21.144255788474126,2025-05-14 18:00:00,114,5.92,44.93
262,-11.957888625777745,21.144255788474126,2025-05-14 21:00:00,117,7.42,44.0
263,-11.45439868585141,21.339301211373574,2025-05-10 00:00:00,0,4.78,20.85
263,-11.45439868585141,21.339301211373574,2025-05-10 03:00:00,3,6.01,27.25
263,-11.45439868585141,21.339301211373574,2025-05-10 06:00:00,6,6.97,31.73
263,-11.45439868585141,21.339301211373574,2025-05-10 09:00:00,9,7.22,36.31
263,-11.45439868585141,21.339301211373574,2025-05-10 12:00:00,12,6.71,40.21
263,-11.45439868585141,21.339301211373574,2025-05-10 15:00:00,15,9.61,49.53
263,-11.45439868585141,21.339301211373574,2025-05-10 18:00:00,18,8.74,45.68
263,-11.45439868585141,21.339301211373574,2025-05-10 21:00:00,21,5.02,41.55
263,-11.45439868585141,21.339301211373574,2025-05-11 00:00:00,24,6.12,39.04
263,-11.45439868585141,21.339301211373574,2025-05-11 03:00:00,27,4.33,33.06
263,-11.45439868585141,21.339301211373574,2025-05-11 06:00:00,30,3.3,27.68
263,-11.45439868585141,21.339301211373574,2025-05-11 09:00:00,33,3.76,27.58
263,-11.45439868585141,21.339301211373574,2025-05-11 12:00:00,36,1.64,17.21
263,-11.45439868585141,21.339301211373574,2025-05-11 15:00:00,39,3.02,16.9
263,-11.45439868585141,21.339301211373574,2025-05-11 18:00:00,42,4.72,22.47
263,-11.45439868585141,21.339301211373574,2025-05-11 21:00:00,45,5.47,21.15
263,-11.45439868585141,21.339301211373574,2025-05-12 00:00:00,48,3.86,19.95
263,-11.45439868585141,21.339301211373574,2025-05-12 03:00:00,51,4.76,24.94
263,-11.45439868585141,21.339301211373574,2025-05-12 06:00:00,54,6.72,37.39
263,-11.45439868585141,21.339301211373574,2025-05-12 09:00:00,57,9.51,42.65
263,-11.45439868585141,21.339301211373574,2025-05-12 12:00:00,60,8.1,43.66
263,-11.45439868585141,21.339301211373574,2025-05-12 15:00:00,63,9.66,50.49
263,-11.45439868585141,21.339301211373574,2025-05-12 18:00:00,66,8.54,45.22
263,-11.45439868585141,21.339301211373574,2025-05-12 21:00:00,69,6.27,37.95
263,-11.45439868585141,21.339301211373574,2025-05-13 00:00:00,72,5.52,40.66
263,-11.45439868585141,21.339301211373574,2025-05-13 03:00:00,75,3.79,29.14
263,-11.45439868585141,21.339301211373574,2025-05-13 06:00:00,78,3.16,29.04
263,-11.45439868585141,21.339301211373574,2025-05-13 09:00:00,81,1.69,18.84
263,-11.45439868585141,21.339301211373574,2025-05-13 12:00:00,84,0.28,11.06
263,-11.45439868585141,21.339301211373574,2025-05-13 15:00:00,87,0.26,11.44
263,-11.45439868585141,21.339301211373574,2025-05-13 18:00:00,90,2.31,12.57
263,-11.45439868585141,21.339301211373574,2025-05-13 21:00:00,93,3.63,20.4
263,-11.45439868585141,21.339301211373574,2025-05-14 00:00:00,96,4.29,21.33
263,-11.45439868585141,21.339301211373574,2025-05-14 03:00:00,99,4.5,26.85
263,-11.45439868585141,21.339301211373574,2025-05-14 06:00:00,102,7.72,34.39
263,-11.45439868585141,21.339301211373574,2025-05-14 09:00:00,105,9.73,41.85
263,-11.45439868585141,21.339301211373574,2025-05-14 12:00:00,108,9.28,44.53
263,-11.45439868585141,21.339301211373574,2025-05-14 15:00:00,111,8.5,42.29
263,-11.45439868585141,21.339301211373574,2025-05-14 18:00:00,114,6.8,44.22
263,-11.45439868585141,21.339301211373574,2025-05-14 21:00:00,117,4.45,42.1
264,-11.743027047431534,21.137911370288258,2025-05-10 00:00:00,0,4.53,24.25
264,-11.743027047431534,21.137911370288258,2025-05-10 03:00:00,3,5.26,27.15
264,-11.743027047431534,21.137911370288258,2025-05-10 06:00:00,6,7.36,36.17
264,-11.743027047431534,21.137911370288258,2025-05-10 09:00:00,9,9.47,46.73
264,-11.743027047431534,21.137911370288258,2025-05-10 12:00:00,12,7.26,38.01
264,-11.743027047431534,21.137911370288258,2025-05-10 15:00:00,15,8.17,41.86
264,-11.743027047431534,21.137911370288258,2025-05-10 18:00:00,18,6.06,45.17
264,-11.743027047431534,21.137911370288258,2025-05-10 21:00:00,21,5.09,37.07
264,-11.743027047431534,21.137911370288258,2025-05-11 00:00:00,24,5.97,40.67
264,-11.743027047431534,21.137911370288258,2025-05-11 03:00:00,27,2.45,25.04
264,-11.743027047431534,21.137911370288258,2025-05-11 06:00:00,30,0.91,23.37
264,-11.743027047431534,21.137911370288258,2025-05-11 09:00:00,33,0.36,15.09
264,-11.743027047431534,21.137911370288258,2025-05-11 12:00:00,36,3.13,16.19
264,-11.743027047431534,21.137911370288258,2025-05-11 15:00:00,39,0.8,15.81
264,-11.743027047431534,21.137911370288258,2025-05-11 18:00:00,42,1.84,15.75
264,-11.743027047431534,21.137911370288258,2025-05-11 21:00:00,45,5.06,24.05
264,-11.743027047431534,21.137911370288258,2025-05-12 00:00:00,48,4.67,23.31
264,-11.743027047431534,21.137911370288258,2025-05-12 03:00:00,51,8.1,33.31
264,-11.743027047431534,21.137911370288258,2025-05-12 06:00:00,54,8.54,34.74
264,-11.743027047431534,21.137911370288258,2025-05-12 09:00:00,57,6.06,35.27
264,-11.743027047431534,21.137911370288258,2025-05-12 12:00:00,60,8.85,45.35
264,-11.743027047431534,21.137911370288258,2025-05-12 15:00:00,63,8.49,42.54
264,-11.743027047431534,21.137911370288258,2025-05-12 18:00:00,66,8.91,47.11
264,-11.743027047431534,21.137911370288258,2025-05-12 21:00:00,69,4.56,35.33
264,-11.743027047431534,21.137911370288258,2025-05-13 00:00:00,72,4.43,36.58
264,-11.743027047431534,21.137911370288258,2025-05-13 03:00:00,75,1.95,27.71
264,-11.743027047431534,21.137911370288258,2025-05-13 06:00:00,78,4.07,29.91
264,-11.743027047431534,21.137911370288258,2025-05-13 09:00:00,81,3.29,26.26
264,-11.743027047431534,21.137911370288258,2025-05-13 12:00:00,84,1.29,16.54
264,-11.743027047431534,21.137911370288258,2025-05-13 15:00:00,87,1.5,13.19
264,-11.743027047431534,21.137911370288258,2025-05-13 18:00:00,90,1.46,13.82
264,-11.743027047431534,21.137911370288258,2025-05-13 21:00:00,93,3.44,16.19
264,-11.743027047431534,21.137911370288258,2025-05-14 00:00:00,96,5.14,20.32
264,-11.743027047431534,21.137911370288258,2025-05-14 03:00:00,99,7.99,31.09
264,-11.743027047431534,21.137911370288258,2025-05-14 06:00:00,102,8.07,34.47
264,-11.743027047431534,21.137911370288258,2025-05-14 09:00:00,105,9.02,38.03
264,-11.743027047431534,21.137911370288258,2025-05-14 12:00:00,108,9.63,49.79
264,-11.743027047431534,21.137911370288258,2025-05-14 15:00:00,111,8.57,50.03
264,-11.743027047431534,21.137911370288258,2025-05-14 18:00:00,114,9.06,44.78
264,-11.743027047431534,21.137911370288258,2025-05-14 21:00:00,117,6.75,42.99
265,-11.742967066917387,21.092365404536643,2025-05-10 00:00:00,0,5.26,23.53
265,-11.742967066917387,21.092365404536643,2025-05-10 03:00:00,3,7.44,31.44
265,-11.742967066917387,21.092365404536643,2025-05-10 06:00:00,6,8.93,34.49
265,-11.742967066917387,21.092365404536643,2025-05-10 09:00:00,9,7.86,43.34
265,-11.742967066917387,21.092365404536643,2025-05-10 12:00:00,12,9.01,42.73
265,-11.742967066917387,21.092365404536643,2025-05-10 15:00:00,15,9.21,44.05
265,-11.742967066917387,21.092365404536643,2025-05-10 18:00:00,18,6.45,39.78
265,-11.742967066917387,21.092365404536643,2025-05-10 21:00:00,21,7.35,44.8
265,-11.742967066917387,21.092365404536643,2025-05-11 00:00:00,24,5.9,41.35
265,-11.742967066917387,21.092365404536643,2025-05-11 03:00:00,27,4.54,31.98
265,-11.742967066917387,21.092365404536643,2025-05-11 06:00:00,30,3.8,31.17
265,-11.742967066917387,21.092365404536643,2025-05-11 09:00:00,33,0.9,17.14
265,-11.742967066917387,21.092365404536643,2025-05-11 12:00:00,36,1.48,18.89
265,-11.742967066917387,21.092365404536643,2025-05-11 15:00:00,39,1.2,11.46
265,-11.742967066917387,21.092365404536643,2025-05-11 18:00:00,42,2.5,15.62
265,-11.742967066917387,21.092365404536643,2025-05-11 21:00:00,45,2.9,17.17
265,-11.742967066917387,21.092365404536643,2025-05-12 00:00:00,48,6.62,23.8
265,-11.742967066917387,21.092365404536643,2025-05-12 03:00:00,51,7.09,27.9
265,-11.742967066917387,21.092365404536643,2025-05-12 06:00:00,54,7.89,34.71
265,-11.742967066917387,21.092365404536643,2025-05-12 09:00:00,57,8.77,37.48
265,-11.742967066917387,21.092365404536643,2025-05-12 12:00:00,60,6.26,38.49
265,-11.742967066917387,21.092365404536643,2025-05-12 15:00:00,63,8.67,50.46
265,-11.742967066917387,21.092365404536643,2025-05-12 18:00:00,66,8.57,50.24
265,-11.742967066917387,21.092365404536643,2025-05-12 21:00:00,69,7.53,43.84
265,-11.742967066917387,21.092365404536643,2025-05-13 00:00:00,72,3.35,33.85
265,-11.742967066917387,21.092365404536643,2025-05-13 03:00:00,75,2.97,33.74
265,-11.742967066917387,21.092365404536643,2025-05-13 06:00:00,78,3.78,25.13
265,-11.742967066917387,21.092365404536643,2025-05-13 09:00:00,81,3.56,23.14
265,-11.742967066917387,21.092365404536643,2025-05-13 12:00:00,84,1.55,17.46
265,-11.742967066917387,21.092365404536643,2025-05-13 15:00:00,87,1.97,13.43
265,-11.742967066917387,21.092365404536643,2025-05-13 18:00:00,90,4.55,15.54
265,-11.742967066917387,21.092365404536643,2025-05-13 21:00:00,93,2.75,12.56
265,-11.742967066917387,21.092365404536643,2025-05-14 00:00:00,96,4.32,20.33
265,-11.742967066917387,21.092365404536643,2025-05-14 03:00:00,99,4.91,28.96
265,-11.742967066917387,21.092365404536643,2025-05-14 06:00:00,102,7.85,34.34
265,-11.742967066917387,21.092365404536643,2025-05-14 09:00:00,105,8.8,38.99
265,-11.742967066917387,21.092365404536643,2025-05-14 12:00:00,108,9.03,42.28
265,-11.742967066917387,21.092365404536643,2025-05-14 15:00:00,111,7.87,44.23
265,-11.742967066917387,21.092365404536643,2025-05-14 18:00:00,114,6.04,40.16
265,-11.742967066917387,21.092365404536643,2025-05-14 21:00:00,117,6.07,43.7
266,-11.317913512397777,21.156387642194083,2025-05-10 00:00:00,0,5.4,27.61
266,-11.317913512397777,21.156387642194083,2025-05-10 03:00:00,3,5.31,25.15
266,-11.317913512397777,21.156387642194083,2025-05-10 06:00:00,6,8.02,34.95
266,-11.317913512397777,21.156387642194083,2025-05-10 09:00:00,9,8.57,42.31
266,-11.317913512397777,21.156387642194083,2025-05-10 12:00:00,12,7.95,40.04
266,-11.317913512397777,21.156387642194083,2025-05-10 15:00:00,15,6.1,44.22
266,-11.317913512397777,21.156387642194083,2025-05-10 18:00:00,18,6.73,46.26
266,-11.317913512397777,21.156387642194083,2025-05-10 21:00:00,21,5.74,36.95
266,-11.317913512397777,21.156387642194083,2025-05-11 00:00:00,24,4.41,32.79
266,-11.317913512397777,21.156387642194083,2025-05-11 03:00:00,27,2.93,28.39
266,-11.317913512397777,21.156387642194083,2025-05-11 06:00:00,30,3.93,24.0
266,-11.317913512397777,21.156387642194083,2025-05-11 09:00:00,33,1.04,20.35
266,-11.317913512397777,21.156387642194083,2025-05-11 12:00:00,36,0.65,16.74
266,-11.317913512397777,21.156387642194083,2025-05-11 15:00:00,39,0.47,10.31
266,-11.317913512397777,21.156387642194083,2025-05-11 18:00:00,42,4.65,20.28
266,-11.317913512397777,21.156387642194083,2025-05-11 21:00:00,45,5.21,22.37
266,-11.317913512397777,21.156387642194083,2025-05-12 00:00:00,48,3.22,19.36
266,-11.317913512397777,21.156387642194083,2025-05-12 03:00:00,51,7.26,33.71
266,-11.317913512397777,21.156387642194083,2025-05-12 06:00:00,54,8.85,40.73
266,-11.317913512397777,21.156387642194083,2025-05-12 09:00:00,57,6.94,38.93
266,-11.317913512397777,21.156387642194083,2025-05-12 12:00:00,60,8.0,45.26
266,-11.317913512397777,21.156387642194083,2025-05-12 15:00:00,63,6.99,46.42
266,-11.317913512397777,21.156387642194083,2025-05-12 18:00:00,66,7.68,43.94
266,-11.317913512397777,21.156387642194083,2025-05-12 21:00:00,69,6.11,42.83
266,-11.317913512397777,21.156387642194083,2025-05-13 00:00:00,72,6.75,43.37
266,-11.317913512397777,21.156387642194083,2025-05-13 03:00:00,75,3.44,27.18
266,-11.317913512397777,21.156387642194083,2025-05-13 06:00:00,78,4.43,27.96
266,-11.317913512397777,21.156387642194083,2025-05-13 09:00:00,81,1.22,18.66
266,-11.317913512397777,21.156387642194083,2025-05-13 12:00:00,84,1.51,18.95
266,-11.317913512397777,21.156387642194083,2025-05-13 15:00:00,87,0.79,12.86
266,-11.317913512397777,21.156387642194083,2025-05-13 18:00:00,90,3.51,13.62
266,-11.317913512397777,21.156387642194083,2025-05-13 21:00:00,93,4.77,16.96
266,-11.317913512397777,21.156387642194083,2025-05-14 00:00:00,96,3.87,16.89
266,-11.317913512397777,21.156387642194083,2025-05-14 03:00:00,99,4.89,28.02
266,-11.317913512397777,21.156387642194083,2025-05-14 06:00:00,102,5.53,31.81
266,-11.317913512397777,21.156387642194083,2025-05-14 09:00:00,105,7.3,39.17
266,-11.317913512397777,21.156387642194083,2025-05-14 12:00:00,108,8.85,42.64
266,-11.317913512397777,21.156387642194083,2025-05-14 15:00:00,111,8.08,43.7
266,-11.317913512397777,21.156387642194083,2025-05-14 18:00:00,114,6.82,41.68
266,-11.317913512397777,21.156387642194083,2025-05-14 21:00:00,117,6.7,43.74
267,-11.401094591721696,21.04968975194329,2025-05-10 00:00:00,0,6.45,27.2
267,-11.401094591721696,21.04968975194329,2025-05-10 03:00:00,3,4.28,27.86
267,-11.401094591721696,21.04968975194329,2025-05-10 06:00:00,6,6.85,35.62
267,-11.401094591721696,21.04968975194329,2025-05-10 09:00:00,9,6.85,40.32
267,-11.401094591721696,21.04968975194329,2025-05-10 12:00:00,12,9.87,42.85
267,-11.401094591721696,21.04968975194329,2025-05-10 15:00:00,15,7.3,45.23
267,-11.401094591721696,21.04968975194329,2025-05-10 18:00:00,18,8.19,42.53
267,-11.401094591721696,21.04968975194329,2025-05-10 21:00:00,21,4.39,38.13
267,-11.401094591721696,21.04968975194329,2025-05-11 00:00:00,24,4.85,39.81
267,-11.401094591721696,21.04968975194329,2025-05-11 03:00:00,27,2.22,24.44
267,-11.401094591721696,21.04968975194329,2025-05-11 06:00:00,30,4.5,26.5
267,-11.401094591721696,21.04968975194329,2025-05-11 09:00:00,33,3.86,25.95
267,-11.401094591721696,21.04968975194329,2025-05-11 12:00:00,36,0.47,17.81
267,-11.401094591721696,21.04968975194329,2025-05-11 15:00:00,39,2.2,15.76
267,-11.401094591721696,21.04968975194329,2025-05-11 18:00:00,42,3.8,14.39
267,-11.401094591721696,21.04968975194329,2025-05-11 21:00:00,45,4.51,22.75
267,-11.401094591721696,21.04968975194329,2025-05-12 00:00:00,48,4.71,24.29
267,-11.401094591721696,21.04968975194329,2025-05-12 03:00:00,51,7.98,29.88
267,-11.401094591721696,21.04968975194329,2025-05-12 06:00:00,54,6.29,33.25
267,-11.401094591721696,21.04968975194329,2025-05-12 09:00:00,57,8.55,37.63
267,-11.401094591721696,21.04968975194329,2025-05-12 12:00:00,60,9.6,44.51
267,-11.401094591721696,21.04968975194329,2025-05-12 15:00:00,63,6.66,39.74
267,-11.401094591721696,21.04968975194329,2025-05-12 18:00:00,66,8.43,45.97
267,-11.401094591721696,21.04968975194329,2025-05-12 21:00:00,69,4.29,36.82
267,-11.401094591721696,21.04968975194329,2025-05-13 00:00:00,72,4.15,33.28
267,-11.401094591721696,21.04968975194329,2025-05-13 03:00:00,75,5.02,37.23
267,-11.401094591721696,21.04968975194329,2025-05-13 06:00:00,78,4.19,30.77
267,-11.401094591721696,21.04968975194329,2025-05-13 09:00:00,81,3.82,21.09
267,-11.401094591721696,21.04968975194329,2025-05-13 12:00:00,84,1.74,20.2
267,-11.401094591721696,21.04968975194329,2025-05-13 15:00:00,87,2.8,13.5
267,-11.401094591721696,21.04968975194329,2025-05-13 18:00:00,90,1.61,10.38
267,-11.401094591721696,21.04968975194329,2025-05-13 21:00:00,93,3.38,15.31
267,-11.401094591721696,21.04968975194329,2025-05-14 00:00:00,96,3.75,20.93
267,-11.401094591721696,21.04968975194329,2025-05-14 03:00:00,99,6.32,31.84
267,-11.401094591721696,21.04968975194329,2025-05-14 06:00:00,102,8.72,34.35
267,-11.401094591721696,21.04968975194329,2025-05-14 09:00:00,105,8.11,39.64
267,-11.401094591721696,21.04968975194329,2025-05-14 12:00:00,108,7.6,45.85
267,-11.401094591721696,21.04968975194329,2025-05-14 15:00:00,111,8.44,46.97
267,-11.401094591721696,21.04968975194329,2025-05-14 18:00:00,114,8.47,48.87
267,-11.401094591721696,21.04968975194329,2025-05-14 21:00:00,117,6.01,44.6
268,-11.430349441124507,21.059391938955763,2025-05-10 00:00:00,0,4.79,21.73
268,-11.430349441124507,21.059391938955763,2025-05-10 03:00:00,3,4.25,22.8
268,-11.430349441124507,21.059391938955763,2025-05-10 06:00:00,6,5.94,29.75
268,-11.430349441124507,21.059391938955763,2025-05-10 09:00:00,9,9.51,41.87
268,-11.430349441124507,21.059391938955763,2025-05-10 12:00:00,12,8.24,41.24
268,-11.430349441124507,21.059391938955763,2025-05-10 15:00:00,15,7.34,45.41
268,-11.430349441124507,21.059391938955763,2025-05-10 18:00:00,18,7.93,46.79
268,-11.430349441124507,21.059391938955763,2025-05-10 21:00:00,21,4.33,39.21
268,-11.430349441124507,21.059391938955763,2025-05-11 00:00:00,24,6.07,42.16
268,-11.430349441124507,21.059391938955763,2025-05-11 03:00:00,27,5.55,37.43
268,-11.430349441124507,21.059391938955763,2025-05-11 06:00:00,30,3.16,29.76
268,-11.430349441124507,21.059391938955763,2025-05-11 09:00:00,33,2.02,17.97
268,-11.430349441124507,21.059391938955763,2025-05-11 12:00:00,36,1.29,18.47
268,-11.430349441124507,21.059391938955763,2025-05-11 15:00:00,39,4.04,21.46
268,-11.430349441124507,21.059391938955763,2025-05-11 18:00:00,42,4.64,16.11
268,-11.430349441124507,21.059391938955763,2025-05-11 21:00:00,45,4.52,23.02
268,-11.430349441124507,21.059391938955763,2025-05-12 00:00:00,48,6.79,24.98
268,-11.430349441124507,21.059391938955763,2025-05-12 03:00:00,51,5.99,24.4
268,-11.430349441124507,21.059391938955763,2025-05-12 06:00:00,54,8.67,38.76
268,-11.430349441124507,21.059391938955763,2025-05-12 09:00:00,57,8.69,37.43
268,-11.430349441124507,21.059391938955763,2025-05-12 12:00:00,60,7.21,40.04
268,-11.430349441124507,21.059391938955763,2025-05-12 15:00:00,63,7.0,42.78
268,-11.430349441124507,21.059391938955763,2025-05-12 18:00:00,66,6.71,42.66
268,-11.430349441124507,21.059391938955763,2025-05-12 21:00:00,69,6.53,46.08
268,-11.430349441124507,21.059391938955763,2025-05-13 00:00:00,72,3.52,31.99
268,-11.430349441124507,21.059391938955763,2025-05-13 03:00:00,75,4.77,29.85
268,-11.430349441124507,21.059391938955763,2025-05-13 06:00:00,78,0.99,20.16
268,-11.430349441124507,21.059391938955763,2025-05-13 09:00:00,81,1.35,18.59
268,-11.430349441124507,21.059391938955763,2025-05-13 12:00:00,84,0.1,11.65
268,-11.430349441124507,21.059391938955763,2025-05-13 15:00:00,87,1.52,12.6
268,-11.430349441124507,21.059391938955763,2025-05-13 18:00:00,90,4.49,19.79
268,-11.430349441124507,21.059391938955763,2025-05-13 21:00:00,93,2.82,12.64
268,-11.430349441124507,21.059391938955763,2025-05-14 00:00:00,96,3.73,19.96
268,-11.430349441124507,21.059391938955763,2025-05-14 03:00:00,99,7.11,30.6
268,-11.430349441124507,21.059391938955763,2025-05-14 06:00:00,102,7.23,37.54
268,-11.430349441124507,21.059391938955763,2025-05-14 09:00:00,105,9.36,44.23
268,-11.430349441124507,21.059391938955763,2025-05-14 12:00:00,108,7.78,46.56
268,-11.430349441124507,21.059391938955763,2025-05-14 15:00:00,111,8.12,41.89
268,-11.430349441124507,21.059391938955763,2025-05-14 18:00:00,114,6.27,39.84
268,-11.430349441124507,21.059391938955763,2025-05-14 21:00:00,117,5.12,35.88
269,-11.977830194374521,21.296775821417437,2025-05-10 00:00:00,0,6.38,26.42
269,-11.977830194374521,21.296775821417437,2025-05-10 03:00:00,3,7.5,28.03
269,-11.977830194374521,21.296775821417437,2025-05-10 06:00:00,6,7.29,31.96
269,-11.977830194374521,21.296775821417437,2025-05-10 09:00:00,9,6.73,39.8
269,-11.977830194374521,21.296775821417437,2025-05-10 12:00:00,12,7.71,44.16
269,-11.977830194374521,21.296775821417437,2025-05-10 15:00:00,15,7.83,45.64
269,-11.977830194374521,21.296775821417437,2025-05-10 18:00:00,18,7.44,47.75
269,-11.977830194374521,21.296775821417437,2025-05-10 21:00:00,21,4.8,39.14
269,-11.977830194374521,21.296775821417437,2025-05-11 00:00:00,24,4.77,35.95
269,-11.977830194374521,21.296775821417437,2025-05-11 03:00:00,27,3.67,28.53
269,-11.977830194374521,21.296775821417437,2025-05-11 06:00:00,30,3.78,31.1
269,-11.977830194374521,21.296775821417437,2025-05-11 09:00:00,33,1.09,21.14
269,-11.977830194374521,21.296775821417437,2025-05-11 12:00:00,36,1.11,14.0
269,-11.977830194374521,21.296775821417437,2025-05-11 15:00:00,39,3.4,20.29
269,-11.977830194374521,21.296775821417437,2025-05-11 18:00:00,42,4.18,15.16
269,-11.977830194374521,21.296775821417437,2025-05-11 21:00:00,45,3.86,18.43
269,-11.977830194374521,21.296775821417437,2025-05-12 00:00:00,48,6.73,28.18
269,-11.977830194374521,21.296775821417437,2025-05-12 03:00:00,51,6.3,29.65
269,-11.977830194374521,21.296775821417437,2025-05-12 06:00:00,54,8.12,39.8
269,-11.977830194374521,21.296775821417437,2025-05-12 09:00:00,57,9.34,42.43
269,-11.977830194374521,21.296775821417437,2025-05-12 12:00:00,60,6.41,42.77
269,-11.977830194374521,21.296775821417437,2025-05-12 15:00:00,63,7.16,42.27
269,-11.977830194374521,21.296775821417437,2025-05-12 18:00:00,66,5.78,44.56
269,-11.977830194374521,21.296775821417437,2025-05-12 21:00:00,69,6.66,41.06
269,-11.977830194374521,21.296775821417437,2025-05-13 00:00:00,72,4.51,35.28
269,-11.977830194374521,21.296775821417437,2025-05-13 03:00:00,75,1.93,28.08
269,-11.977830194374521,21.296775821417437,2025-05-13 06:00:00,78,3.56,25.39
269,-11.977830194374521,21.296775821417437,2025-05-13 09:00:00,81,2.07,21.12
269,-11.977830194374521,21.296775821417437,2025-05-13 12:00:00,84,2.52,21.05
269,-11.977830194374521,21.296775821417437,2025-05-13 15:00:00,87,1.39,10.27
269,-11.977830194374521,21.296775821417437,2025-05-13 18:00:00,90,4.65,18.11
269,-11.977830194374521,21.296775821417437,2025-05-13 21:00:00,93,3.35,21.14
269,-11.977830194374521,21.296775821417437,2025-05-14 00:00:00,96,3.07,15.83
269,-11.977830194374521,21.296775821417437,2025-05-14 03:00:00,99,7.52,28.89
269,-11.977830194374521,21.296775821417437,2025-05-14 06:00:00,102,8.16,33.97
269,-11.977830194374521,21.296775821417437,2025-05-14 09:00:00,105,6.66,34.78
269,-11.977830194374521,21.296775821417437,2025-05-14 12:00:00,108,7.69,42.53
269,-11.977830194374521,21.296775821417437,2025-05-14 15:00:00,111,6.58,44.02
269,-11.977830194374521,21.296775821417437,2025-05-14 18:00:00,114,7.5,48.18
269,-11.977830194374521,21.296775821417437,2025-05-14 21:00:00,117,4.74,41.16
270,-11.739367933427559,21.64277809149034,2025-05-10 00:00:00,0,5.56,23.05
270,-11.739367933427559,21.64277809149034,2025-05-10 03:00:00,3,5.45,30.43
270,-11.739367933427559,21.64277809149034,2025-05-10 06:00:00,6,6.44,32.04
270,-11.739367933427559,21.64277809149034,2025-05-10 09:00:00,9,7.29,34.84
270,-11.739367933427559,21.64277809149034,2025-05-10 12:00:00,12,6.1,36.48
270,-11.739367933427559,21.64277809149034,2025-05-10 15:00:00,15,9.22,45.22
270,-11.739367933427559,21.64277809149034,2025-05-10 18:00:00,18,8.84,51.2
270,-11.739367933427559,21.64277809149034,2025-05-10 21:00:00,21,7.5,45.27
270,-11.739367933427559,21.64277809149034,2025-05-11 00:00:00,24,6.47,36.73
270,-11.739367933427559,21.64277809149034,2025-05-11 03:00:00,27,4.73,34.0
270,-11.739367933427559,21.64277809149034,2025-05-11 06:00:00,30,1.09,20.65
270,-11.739367933427559,21.64277809149034,2025-05-11 09:00:00,33,2.36,17.53
270,-11.739367933427559,21.64277809149034,2025-05-11 12:00:00,36,1.97,20.43
270,-11.739367933427559,21.64277809149034,2025-05-11 15:00:00,39,3.41,15.56
270,-11.739367933427559,21.64277809149034,2025-05-11 18:00:00,42,1.38,9.67
270,-11.739367933427559,21.64277809149034,2025-05-11 21:00:00,45,4.43,18.57
270,-11.739367933427559,21.64277809149034,2025-05-12 00:00:00,48,5.81,20.77
270,-11.739367933427559,21.64277809149034,2025-05-12 03:00:00,51,4.64,27.9
270,-11.739367933427559,21.64277809149034,2025-05-12 06:00:00,54,6.47,32.27
270,-11.739367933427559,21.64277809149034,2025-05-12 09:00:00,57,8.4,39.74
270,-11.739367933427559,21.64277809149034,2025-05-12 12:00:00,60,9.73,45.76
270,-11.739367933427559,21.64277809149034,2025-05-12 15:00:00,63,8.46,45.2
270,-11.739367933427559,21.64277809149034,2025-05-12 18:00:00,66,8.08,43.99
270,-11.739367933427559,21.64277809149034,2025-05-12 21:00:00,69,7.12,40.57
270,-11.739367933427559,21.64277809149034,2025-05-13 00:00:00,72,4.26,36.18
270,-11.739367933427559,21.64277809149034,2025-05-13 03:00:00,75,3.18,27.69
270,-11.739367933427559,21.64277809149034,2025-05-13 06:00:00,78,3.14,26.66
270,-11.739367933427559,21.64277809149034,2025-05-13 09:00:00,81,4.07,25.46
270,-11.739367933427559,21.64277809149034,2025-05-13 12:00:00,84,3.87,20.36
270,-11.739367933427559,21.64277809149034,2025-05-13 15:00:00,87,3.82,14.78
270,-11.739367933427559,21.64277809149034,2025-05-13 18:00:00,90,4.64,20.01
270,-11.739367933427559,21.64277809149034,2025-05-13 21:00:00,93,2.66,14.16
270,-11.739367933427559,21.64277809149034,2025-05-14 00:00:00,96,3.92,22.54
270,-11.739367933427559,21.64277809149034,2025-05-14 03:00:00,99,6.84,28.47
270,-11.739367933427559,21.64277809149034,2025-05-14 06:00:00,102,8.2,36.47
270,-11.739367933427559,21.64277809149034,2025-05-14 09:00:00,105,7.85,41.71
270,-11.739367933427559,21.64277809149034,2025-05-14 12:00:00,108,9.5,49.25
270,-11.739367933427559,21.64277809149034,2025-05-14 15:00:00,111,6.68,45.57
270,-11.739367933427559,21.64277809149034,2025-05-14 18:00:00,114,6.56,45.79
270,-11.739367933427559,21.64277809149034,2025-05-14 21:00:00,117,5.18,39.28
271,-11.867954729901445,21.179468279587525,2025-05-10 00:00:00,0,6.87,28.12
271,-11.867954729901445,21.179468279587525,2025-05-10 03:00:00,3,5.61,23.5
271,-11.867954729901445,21.179468279587525,2025-05-10 06:00:00,6,5.91,31.02
271,-11.867954729901445,21.179468279587525,2025-05-10 09:00:00,9,9.23,39.81
271,-11.867954729901445,21.179468279587525,2025-05-10 12:00:00,12,9.47,48.88
271,-11.867954729901445,21.179468279587525,2025-05-10 15:00:00,15,9.12,50.28
271,-11.867954729901445,21.179468279587525,2025-05-10 18:00:00,18,7.54,43.14
271,-11.867954729901445,21.179468279587525,2025-05-10 21:00:00,21,6.08,41.11
271,-11.867954729901445,21.179468279587525,2025-05-11 00:00:00,24,3.01,34.98
271,-11.867954729901445,21.179468279587525,2025-05-11 03:00:00,27,1.9,29.4
271,-11.867954729901445,21.179468279587525,2025-05-11 06:00:00,30,1.04,25.13
271,-11.867954729901445,21.179468279587525,2025-05-11 09:00:00,33,3.17,21.72
271,-11.867954729901445,21.179468279587525,2025-05-11 12:00:00,36,2.43,20.55
271,-11.867954729901445,21.179468279587525,2025-05-11 15:00:00,39,0.84,12.39
271,-11.867954729901445,21.179468279587525,2025-05-11 18:00:00,42,3.97,20.37
271,-11.867954729901445,21.179468279587525,2025-05-11 21:00:00,45,2.9,16.23
271,-11.867954729901445,21.179468279587525,2025-05-12 00:00:00,48,6.52,25.51
271,-11.867954729901445,21.179468279587525,2025-05-12 03:00:00,51,7.68,31.77
271,-11.867954729901445,21.179468279587525,2025-05-12 06:00:00,54,5.27,31.97
271,-11.867954729901445,21.179468279587525,2025-05-12 09:00:00,57,5.88,38.95
271,-11.867954729901445,21.179468279587525,2025-05-12 12:00:00,60,7.53,45.56
271,-11.867954729901445,21.179468279587525,2025-05-12 15:00:00,63,8.15,44.99
271,-11.867954729901445,21.179468279587525,2025-05-12 18:00:00,66,6.62,42.44
271,-11.867954729901445,21.179468279587525,2025-05-12 21:00:00,69,7.72,46.79
271,-11.867954729901445,21.179468279587525,2025-05-13 00:00:00,72,6.65,41.47
271,-11.867954729901445,21.179468279587525,2025-05-13 03:00:00,75,4.48,34.47
271,-11.867954729901445,21.179468279587525,2025-05-13 06:00:00,78,2.26,23.13
271,-11.867954729901445,21.179468279587525,2025-05-13 09:00:00,81,1.41,16.41
271,-11.867954729901445,21.179468279587525,2025-05-13 12:00:00,84,1.87,17.4
271,-11.867954729901445,21.179468279587525,2025-05-13 15:00:00,87,1.83,12.77
271,-11.867954729901445,21.179468279587525,2025-05-13 18:00:00,90,2.46,13.86
271,-11.867954729901445,21.179468279587525,2025-05-13 21:00:00,93,2.19,18.87
271,-11.867954729901445,21.179468279587525,2025-05-14 00:00:00,96,3.34,18.68
271,-11.867954729901445,21.179468279587525,2025-05-14 03:00:00,99,5.38,23.67
271,-11.867954729901445,21.179468279587525,2025-05-14 06:00:00,102,7.19,37.78
271,-11.867954729901445,21.179468279587525,2025-05-14 09:00:00,105,6.13,36.69
271,-11.867954729901445,21.179468279587525,2025-05-14 12:00:00,108,8.23,46.73
271,-11.867954729901445,21.179468279587525,2025-05-14 15:00:00,111,6.17,45.43
271,-11.867954729901445,21.179468279587525,2025-05-14 18:00:00,114,6.32,44.05
271,-11.867954729901445,21.179468279587525,2025-05-14 21:00:00,117,4.55,37.0
272,-11.876547191113405,21.388170715123188,2025-05-10 00:00:00,0,5.98,23.23
272,-11.876547191113405,21.388170715123188,2025-05-10 03:00:00,3,7.01,27.14
272,-11.876547191113405,21.388170715123188,2025-05-10 06:00:00,6,5.23,32.56
272,-11.876547191113405,21.388170715123188,2025-05-10 09:00:00,9,9.46,39.17
272,-11.876547191113405,21.388170715123188,2025-05-10 12:00:00,12,8.04,40.18
272,-11.876547191113405,21.388170715123188,2025-05-10 15:00:00,15,8.31,42.76
272,-11.876547191113405,21.388170715123188,2025-05-10 18:00:00,18,6.27,40.56
272,-11.876547191113405,21.388170715123188,2025-05-10 21:00:00,21,7.32,46.16
272,-11.876547191113405,21.388170715123188,2025-05-11 00:00:00,24,3.68,37.43
272,-11.876547191113405,21.388170715123188,2025-05-11 03:00:00,27,2.46,26.71
272,-11.876547191113405,21.388170715123188,2025-05-11 06:00:00,30,1.9,25.43
272,-11.876547191113405,21.388170715123188,2025-05-11 09:00:00,33,2.73,19.53
272,-11.876547191113405,21.388170715123188,2025-05-11 12:00:00,36,3.56,16.73
272,-11.876547191113405,21.388170715123188,2025-05-11 15:00:00,39,1.88,11.99
272,-11.876547191113405,21.388170715123188,2025-05-11 18:00:00,42,2.45,15.75
272,-11.876547191113405,21.388170715123188,2025-05-11 21:00:00,45,1.87,16.55
272,-11.876547191113405,21.388170715123188,2025-05-12 00:00:00,48,4.22,19.65
272,-11.876547191113405,21.388170715123188,2025-05-12 03:00:00,51,4.93,22.41
272,-11.876547191113405,21.388170715123188,2025-05-12 06:00:00,54,8.06,32.25
272,-11.876547191113405,21.388170715123188,2025-05-12 09:00:00,57,7.75,37.77
272,-11.876547191113405,21.388170715123188,2025-05-12 12:00:00,60,9.4,43.77
272,-11.876547191113405,21.388170715123188,2025-05-12 15:00:00,63,5.93,44.06
272,-11.876547191113405,21.388170715123188,2025-05-12 18:00:00,66,8.17,43.37
272,-11.876547191113405,21.388170715123188,2025-05-12 21:00:00,69,5.43,36.48
272,-11.876547191113405,21.388170715123188,2025-05-13 00:00:00,72,6.8,38.12
272,-11.876547191113405,21.388170715123188,2025-05-13 03:00:00,75,3.61,27.62
272,-11.876547191113405,21.388170715123188,2025-05-13 06:00:00,78,3.29,25.48
272,-11.876547191113405,21.388170715123188,2025-05-13 09:00:00,81,3.83,20.15
272,-11.876547191113405,21.388170715123188,2025-05-13 12:00:00,84,2.63,21.63
272,-11.876547191113405,21.388170715123188,2025-05-13 15:00:00,87,3.5,15.82
272,-11.876547191113405,21.388170715123188,2025-05-13 18:00:00,90,1.0,14.81
272,-11.876547191113405,21.388170715123188,2025-05-13 21:00:00,93,4.19,21.43
272,-11.876547191113405,21.388170715123188,2025-05-14 00:00:00,96,6.86,23.0
272,-11.876547191113405,21.388170715123188,2025-05-14 03:00:00,99,7.59,32.34
272,-11.876547191113405,21.388170715123188,2025-05-14 06:00:00,102,6.07,31.07
272,-11.876547191113405,21.388170715123188,2025-05-14 09:00:00,105,7.26,36.22
272,-11.876547191113405,21.388170715123188,2025-05-14 12:00:00,108,9.5,45.97
272,-11.876547191113405,21.388170715123188,2025-05-14 15:00:00,111,6.52,39.44
272,-11.876547191113405,21.388170715123188,2025-05-14 18:00:00,114,7.7,46.49
272,-11.876547191113405,21.388170715123188,2025-05-14 21:00:00,117,7.6,46.64
273,-11.39090719907192,21.385065330288892,2025-05-10 00:00:00,0,6.24,24.05
273,-11.39090719907192,21.385065330288892,2025-05-10 03:00:00,3,7.86,30.43
273,-11.39090719907192,21.385065330288892,2025-05-10 06:00:00,6,7.84,32.91
273,-11.39090719907192,21.385065330288892,2025-05-10 09:00:00,9,6.36,38.27
273,-11.39090719907192,21.385065330288892,2025-05-10 12:00:00,12,8.34,45.32
273,-11.39090719907192,21.385065330288892,2025-05-10 15:00:00,15,8.39,42.84
273,-11.39090719907192,21.385065330288892,2025-05-10 18:00:00,18,5.65,44.75
273,-11.39090719907192,21.385065330288892,2025-05-10 21:00:00,21,6.05,40.8
273,-11.39090719907192,21.385065330288892,2025-05-11 00:00:00,24,6.13,39.2
273,-11.39090719907192,21.385065330288892,2025-05-11 03:00:00,27,1.91,28.1
273,-11.39090719907192,21.385065330288892,2025-05-11 06:00:00,30,1.69,22.48
273,-11.39090719907192,21.385065330288892,2025-05-11 09:00:00,33,3.31,26.15
273,-11.39090719907192,21.385065330288892,2025-05-11 12:00:00,36,1.29,16.67
273,-11.39090719907192,21.385065330288892,2025-05-11 15:00:00,39,0.59,15.45
273,-11.39090719907192,21.385065330288892,2025-05-11 18:00:00,42,2.95,13.41
273,-11.39090719907192,21.385065330288892,2025-05-11 21:00:00,45,4.65,21.41
273,-11.39090719907192,21.385065330288892,2025-05-12 00:00:00,48,6.85,28.08
273,-11.39090719907192,21.385065330288892,2025-05-12 03:00:00,51,7.58,33.13
273,-11.39090719907192,21.385065330288892,2025-05-12 06:00:00,54,5.87,30.33
273,-11.39090719907192,21.385065330288892,2025-05-12 09:00:00,57,6.31,33.05
273,-11.39090719907192,21.385065330288892,2025-05-12 12:00:00,60,9.3,42.28
273,-11.39090719907192,21.385065330288892,2025-05-12 15:00:00,63,8.56,43.67
273,-11.39090719907192,21.385065330288892,2025-05-12 18:00:00,66,7.29,47.55
273,-11.39090719907192,21.385065330288892,2025-05-12 21:00:00,69,7.87,44.57
273,-11.39090719907192,21.385065330288892,2025-05-13 00:00:00,72,6.72,36.79
273,-11.39090719907192,21.385065330288892,2025-05-13 03:00:00,75,2.34,26.83
273,-11.39090719907192,21.385065330288892,2025-05-13 06:00:00,78,1.68,20.41
273,-11.39090719907192,21.385065330288892,2025-05-13 09:00:00,81,2.73,24.13
273,-11.39090719907192,21.385065330288892,2025-05-13 12:00:00,84,0.29,10.86
273,-11.39090719907192,21.385065330288892,2025-05-13 15:00:00,87,0.36,13.88
273,-11.39090719907192,21.385065330288892,2025-05-13 18:00:00,90,4.57,19.76
273,-11.39090719907192,21.385065330288892,2025-05-13 21:00:00,93,2.43,15.93
273,-11.39090719907192,21.385065330288892,2025-05-14 00:00:00,96,5.83,21.99
273,-11.39090719907192,21.385065330288892,2025-05-14 03:00:00,99,6.34,27.31
273,-11.39090719907192,21.385065330288892,2025-05-14 06:00:00,102,7.56,39.04
273,-11.39090719907192,21.385065330288892,2025-05-14 09:00:00,105,6.25,36.05
273,-11.39090719907192,21.385065330288892,2025-05-14 12:00:00,108,7.22,45.38
273,-11.39090719907192,21.385065330288892,2025-05-14 15:00:00,111,7.17,46.84
273,-11.39090719907192,21.385065330288892,2025-05-14 18:00:00,114,6.71,44.89
273,-11.39090719907192,21.385065330288892,2025-05-14 21:00:00,117,6.6,40.0
274,-11.311160934635392,21.6278783826278,2025-05-10 00:00:00,0,3.15,17.09
274,-11.311160934635392,21.6278783826278,2025-05-10 03:00:00,3,5.71,28.68
274,-11.311160934635392,21.6278783826278,2025-05-10 06:00:00,6,7.32,35.18
274,-11.311160934635392,21.6278783826278,2025-05-10 09:00:00,9,6.01,39.56
274,-11.311160934635392,21.6278783826278,2025-05-10 12:00:00,12,7.28,37.67
274,-11.311160934635392,21.6278783826278,2025-05-10 15:00:00,15,9.34,51.18
274,-11.311160934635392,21.6278783826278,2025-05-10 18:00:00,18,7.77,46.74
274,-11.311160934635392,21.6278783826278,2025-05-10 21:00:00,21,7.07,45.69
274,-11.311160934635392,21.6278783826278,2025-05-11 00:00:00,24,6.56,42.63
274,-11.311160934635392,21.6278783826278,2025-05-11 03:00:00,27,2.55,25.46
274,-11.311160934635392,21.6278783826278,2025-05-11 06:00:00,30,2.51,26.38
274,-11.311160934635392,21.6278783826278,2025-05-11 09:00:00,33,1.14,22.4
274,-11.311160934635392,21.6278783826278,2025-05-11 12:00:00,36,2.53,19.96
274,-11.311160934635392,21.6278783826278,2025-05-11 15:00:00,39,4.04,18.75
274,-11.311160934635392,21.6278783826278,2025-05-11 18:00:00,42,2.64,14.63
274,-11.311160934635392,21.6278783826278,2025-05-11 21:00:00,45,3.96,16.34
274,-11.311160934635392,21.6278783826278,2025-05-12 00:00:00,48,4.97,26.37
274,-11.311160934635392,21.6278783826278,2025-05-12 03:00:00,51,6.94,26.27
274,-11.311160934635392,21.6278783826278,2025-05-12 06:00:00,54,7.43,38.43
274,-11.311160934635392,21.6278783826278,2025-05-12 09:00:00,57,8.07,38.21
274,-11.311160934635392,21.6278783826278,2025-05-12 12:00:00,60,7.38,41.28
274,-11.311160934635392,21.6278783826278,2025-05-12 15:00:00,63,7.98,48.5
274,-11.311160934635392,21.6278783826278,2025-05-12 18:00:00,66,6.91,42.78
274,-11.311160934635392,21.6278783826278,2025-05-12 21:00:00,69,6.84,43.64
274,-11.311160934635392,21.6278783826278,2025-05-13 00:00:00,72,5.83,36.37
274,-11.311160934635392,21.6278783826278,2025-05-13 03:00:00,75,3.91,34.73
274,-11.311160934635392,21.6278783826278,2025-05-13 06:00:00,78,1.66,21.69
274,-11.311160934635392,21.6278783826278,2025-05-13 09:00:00,81,4.22,27.98
274,-11.311160934635392,21.6278783826278,2025-05-13 12:00:00,84,0.6,15.22
274,-11.311160934635392,21.6278783826278,2025-05-13 15:00:00,87,0.41,10.07
274,-11.311160934635392,21.6278783826278,2025-05-13 18:00:00,90,3.37,20.0
274,-11.311160934635392,21.6278783826278,2025-05-13 21:00:00,93,3.65,17.52
274,-11.311160934635392,21.6278783826278,2025-05-14 00:00:00,96,4.15,21.05
274,-11.311160934635392,21.6278783826278,2025-05-14 03:00:00,99,4.36,27.53
274,-11.311160934635392,21.6278783826278,2025-05-14 06:00:00,102,7.47,38.56
274,-11.311160934635392,21.6278783826278,2025-05-14 09:00:00,105,9.42,46.1
274,-11.311160934635392,21.6278783826278,2025-05-14 12:00:00,108,7.73,39.83
274,-11.311160934635392,21.6278783826278,2025-05-14 15:00:00,111,9.65,45.76
274,-11.311160934635392,21.6278783826278,2025-05-14 18:00:00,114,8.98,45.8
274,-11.311160934635392,21.6278783826278,2025-05-14 21:00:00,117,7.07,40.13
275,-11.843062021758143,21.28164855577987,2025-05-10 00:00:00,0,5.0,19.57
275,-11.843062021758143,21.28164855577987,2025-05-10 03:00:00,3,6.64,30.15
275,-11.843062021758143,21.28164855577987,2025-05-10 06:00:00,6,8.97,41.09
275,-11.843062021758143,21.28164855577987,2025-05-10 09:00:00,9,6.69,34.01
275,-11.843062021758143,21.28164855577987,2025-05-10 12:00:00,12,9.25,41.82
275,-11.843062021758143,21.28164855577987,2025-05-10 15:00:00,15,6.25,38.76
275,-11.843062021758143,21.28164855577987,2025-05-10 18:00:00,18,7.32,43.35
275,-11.843062021758143,21.28164855577987,2025-05-10 21:00:00,21,8.06,43.86
275,-11.843062021758143,21.28164855577987,2025-05-11 00:00:00,24,6.14,36.61
275,-11.843062021758143,21.28164855577987,2025-05-11 03:00:00,27,2.44,29.47
275,-11.843062021758143,21.28164855577987,2025-05-11 06:00:00,30,2.67,21.46
275,-11.843062021758143,21.28164855577987,2025-05-11 09:00:00,33,0.44,14.9
275,-11.843062021758143,21.28164855577987,2025-05-11 12:00:00,36,2.53,14.78
275,-11.843062021758143,21.28164855577987,2025-05-11 15:00:00,39,2.31,14.1
275,-11.843062021758143,21.28164855577987,2025-05-11 18:00:00,42,2.74,13.94
275,-11.843062021758143,21.28164855577987,2025-05-11 21:00:00,45,1.88,15.15
275,-11.843062021758143,21.28164855577987,2025-05-12 00:00:00,48,6.67,24.59
275,-11.843062021758143,21.28164855577987,2025-05-12 03:00:00,51,4.62,25.53
275,-11.843062021758143,21.28164855577987,2025-05-12 06:00:00,54,6.37,31.8
275,-11.843062021758143,21.28164855577987,2025-05-12 09:00:00,57,8.59,37.48
275,-11.843062021758143,21.28164855577987,2025-05-12 12:00:00,60,9.36,43.51
275,-11.843062021758143,21.28164855577987,2025-05-12 15:00:00,63,6.26,39.61
275,-11.843062021758143,21.28164855577987,2025-05-12 18:00:00,66,5.96,44.22
275,-11.843062021758143,21.28164855577987,2025-05-12 21:00:00,69,4.61,37.66
275,-11.843062021758143,21.28164855577987,2025-05-13 00:00:00,72,3.65,34.93
275,-11.843062021758143,21.28164855577987,2025-05-13 03:00:00,75,4.25,29.04
275,-11.843062021758143,21.28164855577987,2025-05-13 06:00:00,78,2.15,25.85
275,-11.843062021758143,21.28164855577987,2025-05-13 09:00:00,81,1.38,18.05
275,-11.843062021758143,21.28164855577987,2025-05-13 12:00:00,84,0.07,11.14
275,-11.843062021758143,21.28164855577987,2025-05-13 15:00:00,87,1.35,14.24
275,-11.843062021758143,21.28164855577987,2025-05-13 18:00:00,90,2.27,15.2
275,-11.843062021758143,21.28164855577987,2025-05-13 21:00:00,93,3.83,18.13
275,-11.843062021758143,21.28164855577987,2025-05-14 00:00:00,96,4.15,23.91
275,-11.843062021758143,21.28164855577987,2025-05-14 03:00:00,99,4.39,25.24
275,-11.843062021758143,21.28164855577987,2025-05-14 06:00:00,102,6.48,29.66
275,-11.843062021758143,21.28164855577987,2025-05-14 09:00:00,105,9.37,39.54
275,-11.843062021758143,21.28164855577987,2025-05-14 12:00:00,108,9.67,49.13
275,-11.843062021758143,21.28164855577987,2025-05-14 15:00:00,111,6.09,37.62
275,-11.843062021758143,21.28164855577987,2025-05-14 18:00:00,114,6.53,45.05
275,-11.843062021758143,21.28164855577987,2025-05-14 21:00:00,117,4.52,37.39
276,-11.296443460353327,21.20789526607769,2025-05-10 00:00:00,0,3.14,18.25
276,-11.296443460353327,21.20789526607769,2025-05-10 03:00:00,3,4.75,29.23
276,-11.296443460353327,21.20789526607769,2025-05-10 06:00:00,6,5.7,33.57
276,-11.296443460353327,21.20789526607769,2025-05-10 09:00:00,9,7.66,36.66
276,-11.296443460353327,21.20789526607769,2025-05-10 12:00:00,12,9.46,49.7
276,-11.296443460353327,21.20789526607769,2025-05-10 15:00:00,15,6.74,44.96
276,-11.296443460353327,21.20789526607769,2025-05-10 18:00:00,18,8.55,46.89
276,-11.296443460353327,21.20789526607769,2025-05-10 21:00:00,21,6.37,38.41
276,-11.296443460353327,21.20789526607769,2025-05-11 00:00:00,24,3.2,31.9
276,-11.296443460353327,21.20789526607769,2025-05-11 03:00:00,27,5.77,34.03
276,-11.296443460353327,21.20789526607769,2025-05-11 06:00:00,30,3.52,28.49
276,-11.296443460353327,21.20789526607769,2025-05-11 09:00:00,33,2.22,18.32
276,-11.296443460353327,21.20789526607769,2025-05-11 12:00:00,36,2.45,14.2
276,-11.296443460353327,21.20789526607769,2025-05-11 15:00:00,39,4.12,20.93
276,-11.296443460353327,21.20789526607769,2025-05-11 18:00:00,42,3.17,20.0
276,-11.296443460353327,21.20789526607769,2025-05-11 21:00:00,45,4.14,21.05
276,-11.296443460353327,21.20789526607769,2025-05-12 00:00:00,48,5.92,27.62
276,-11.296443460353327,21.20789526607769,2025-05-12 03:00:00,51,5.12,28.94
276,-11.296443460353327,21.20789526607769,2025-05-12 06:00:00,54,7.62,38.64
276,-11.296443460353327,21.20789526607769,2025-05-12 09:00:00,57,6.63,36.33
276,-11.296443460353327,21.20789526607769,2025-05-12 12:00:00,60,6.11,41.72
276,-11.296443460353327,21.20789526607769,2025-05-12 15:00:00,63,6.57,40.29
276,-11.296443460353327,21.20789526607769,2025-05-12 18:00:00,66,7.84,49.12
276,-11.296443460353327,21.20789526607769,2025-05-12 21:00:00,69,8.1,46.9
276,-11.296443460353327,21.20789526607769,2025-05-13 00:00:00,72,3.6,37.56
276,-11.296443460353327,21.20789526607769,2025-05-13 03:00:00,75,3.07,33.59
276,-11.296443460353327,21.20789526607769,2025-05-13 06:00:00,78,2.32,21.63
276,-11.296443460353327,21.20789526607769,2025-05-13 09:00:00,81,0.99,15.15
276,-11.296443460353327,21.20789526607769,2025-05-13 12:00:00,84,2.89,17.97
276,-11.296443460353327,21.20789526607769,2025-05-13 15:00:00,87,2.65,12.72
276,-11.296443460353327,21.20789526607769,2025-05-13 18:00:00,90,4.56,21.87
276,-11.296443460353327,21.20789526607769,2025-05-13 21:00:00,93,2.94,19.07
276,-11.296443460353327,21.20789526607769,2025-05-14 00:00:00,96,6.46,28.67
276,-11.296443460353327,21.20789526607769,2025-05-14 03:00:00,99,7.69,35.5
276,-11.296443460353327,21.20789526607769,2025-05-14 06:00:00,102,7.2,36.9
276,-11.296443460353327,21.20789526607769,2025-05-14 09:00:00,105,9.4,46.34
276,-11.296443460353327,21.20789526607769,2025-05-14 12:00:00,108,6.89,42.1
276,-11.296443460353327,21.20789526607769,2025-05-14 15:00:00,111,7.11,41.37
276,-11.296443460353327,21.20789526607769,2025-05-14 18:00:00,114,7.09,44.73
276,-11.296443460353327,21.20789526607769,2025-05-14 21:00:00,117,6.26,42.65
277,-11.776467253377051,21.06130451892882,2025-05-10 00:00:00,0,3.35,18.27
277,-11.776467253377051,21.06130451892882,2025-05-10 03:00:00,3,6.67,31.81
277,-11.776467253377051,21.06130451892882,2025-05-10 06:00:00,6,7.55,32.16
277,-11.776467253377051,21.06130451892882,2025-05-10 09:00:00,9,7.64,38.79
277,-11.776467253377051,21.06130451892882,2025-05-10 12:00:00,12,6.2,38.86
277,-11.776467253377051,21.06130451892882,2025-05-10 15:00:00,15,6.06,37.91
277,-11.776467253377051,21.06130451892882,2025-05-10 18:00:00,18,6.59,44.39
277,-11.776467253377051,21.06130451892882,2025-05-10 21:00:00,21,7.49,40.95
277,-11.776467253377051,21.06130451892882,2025-05-11 00:00:00,24,6.71,36.63
277,-11.776467253377051,21.06130451892882,2025-05-11 03:00:00,27,4.94,33.42
277,-11.776467253377051,21.06130451892882,2025-05-11 06:00:00,30,1.89,23.49
277,-11.776467253377051,21.06130451892882,2025-05-11 09:00:00,33,1.53,22.33
277,-11.776467253377051,21.06130451892882,2025-05-11 12:00:00,36,1.55,16.87
277,-11.776467253377051,21.06130451892882,2025-05-11 15:00:00,39,0.24,7.4
277,-11.776467253377051,21.06130451892882,2025-05-11 18:00:00,42,3.59,18.41
277,-11.776467253377051,21.06130451892882,2025-05-11 21:00:00,45,5.35,24.17
277,-11.776467253377051,21.06130451892882,2025-05-12 00:00:00,48,5.53,24.26
277,-11.776467253377051,21.06130451892882,2025-05-12 03:00:00,51,4.82,25.79
277,-11.776467253377051,21.06130451892882,2025-05-12 06:00:00,54,6.16,33.58
277,-11.776467253377051,21.06130451892882,2025-05-12 09:00:00,57,6.36,35.13
277,-11.776467253377051,21.06130451892882,2025-05-12 12:00:00,60,7.72,44.42
277,-11.776467253377051,21.06130451892882,2025-05-12 15:00:00,63,9.06,45.83
277,-11.776467253377051,21.06130451892882,2025-05-12 18:00:00,66,7.1,40.2
277,-11.776467253377051,21.06130451892882,2025-05-12 21:00:00,69,7.7,40.96
277,-11.776467253377051,21.06130451892882,2025-05-13 00:00:00,72,6.95,42.77
277,-11.776467253377051,21.06130451892882,2025-05-13 03:00:00,75,5.55,33.55
277,-11.776467253377051,21.06130451892882,2025-05-13 06:00:00,78,1.41,19.49
277,-11.776467253377051,21.06130451892882,2025-05-13 09:00:00,81,2.14,23.35
277,-11.776467253377051,21.06130451892882,2025-05-13 12:00:00,84,3.19,22.81
277,-11.776467253377051,21.06130451892882,2025-05-13 15:00:00,87,2.11,14.41
277,-11.776467253377051,21.06130451892882,2025-05-13 18:00:00,90,1.59,10.98
277,-11.776467253377051,21.06130451892882,2025-05-13 21:00:00,93,4.67,17.11
277,-11.776467253377051,21.06130451892882,2025-05-14 00:00:00,96,4.96,25.57
277,-11.776467253377051,21.06130451892882,2025-05-14 03:00:00,99,7.97,32.18
277,-11.776467253377051,21.06130451892882,2025-05-14 06:00:00,102,5.7,32.93
277,-11.776467253377051,21.06130451892882,2025-05-14 09:00:00,105,6.89,40.3
277,-11.776467253377051,21.06130451892882,2025-05-14 12:00:00,108,8.76,44.34
277,-11.776467253377051,21.06130451892882,2025-05-14 15:00:00,111,5.78,44.8
277,-11.776467253377051,21.06130451892882,2025-05-14 18:00:00,114,8.32,43.87
277,-11.776467253377051,21.06130451892882,2025-05-14 21:00:00,117,5.42,42.07
278,-11.728953361568268,21.217358267213843,2025-05-10 00:00:00,0,6.72,24.76
278,-11.728953361568268,21.217358267213843,2025-05-10 03:00:00,3,6.48,30.16
278,-11.728953361568268,21.217358267213843,2025-05-10 06:00:00,6,8.77,38.32
278,-11.728953361568268,21.217358267213843,2025-05-10 09:00:00,9,8.96,39.68
278,-11.728953361568268,21.217358267213843,2025-05-10 12:00:00,12,7.55,41.52
278,-11.728953361568268,21.217358267213843,2025-05-10 15:00:00,15,8.32,47.65
278,-11.728953361568268,21.217358267213843,2025-05-10 18:00:00,18,7.65,44.3
278,-11.728953361568268,21.217358267213843,2025-05-10 21:00:00,21,5.76,40.38
278,-11.728953361568268,21.217358267213843,2025-05-11 00:00:00,24,6.89,39.97
278,-11.728953361568268,21.217358267213843,2025-05-11 03:00:00,27,3.15,31.0
278,-11.728953361568268,21.217358267213843,2025-05-11 06:00:00,30,2.79,27.34
278,-11.728953361568268,21.217358267213843,2025-05-11 09:00:00,33,1.72,23.37
278,-11.728953361568268,21.217358267213843,2025-05-11 12:00:00,36,1.78,15.84
278,-11.728953361568268,21.217358267213843,2025-05-11 15:00:00,39,1.75,17.38
278,-11.728953361568268,21.217358267213843,2025-05-11 18:00:00,42,2.18,14.32
278,-11.728953361568268,21.217358267213843,2025-05-11 21:00:00,45,5.5,20.2
278,-11.728953361568268,21.217358267213843,2025-05-12 00:00:00,48,6.71,28.68
278,-11.728953361568268,21.217358267213843,2025-05-12 03:00:00,51,5.49,27.92
278,-11.728953361568268,21.217358267213843,2025-05-12 06:00:00,54,7.78,36.44
278,-11.728953361568268,21.217358267213843,2025-05-12 09:00:00,57,6.21,34.54
278,-11.728953361568268,21.217358267213843,2025-05-12 12:00:00,60,8.75,45.02
278,-11.728953361568268,21.217358267213843,2025-05-12 15:00:00,63,6.74,43.96
278,-11.728953361568268,21.217358267213843,2025-05-12 18:00:00,66,8.1,44.04
278,-11.728953361568268,21.217358267213843,2025-05-12 21:00:00,69,6.43,41.59
278,-11.728953361568268,21.217358267213843,2025-05-13 00:00:00,72,3.1,32.32
278,-11.728953361568268,21.217358267213843,2025-05-13 03:00:00,75,3.97,35.38
278,-11.728953361568268,21.217358267213843,2025-05-13 06:00:00,78,4.35,27.24
278,-11.728953361568268,21.217358267213843,2025-05-13 09:00:00,81,0.67,13.95
278,-11.728953361568268,21.217358267213843,2025-05-13 12:00:00,84,1.42,14.23
278,-11.728953361568268,21.217358267213843,2025-05-13 15:00:00,87,4.14,16.83
278,-11.728953361568268,21.217358267213843,2025-05-13 18:00:00,90,0.93,11.08
278,-11.728953361568268,21.217358267213843,2025-05-13 21:00:00,93,3.01,15.88
278,-11.728953361568268,21.217358267213843,2025-05-14 00:00:00,96,4.68,20.7
278,-11.728953361568268,21.217358267213843,2025-05-14 03:00:00,99,6.66,32.05
278,-11.728953361568268,21.217358267213843,2025-05-14 06:00:00,102,5.5,30.33
278,-11.728953361568268,21.217358267213843,2025-05-14 09:00:00,105,6.44,34.25
278,-11.728953361568268,21.217358267213843,2025-05-14 12:00:00,108,8.81,41.42
278,-11.728953361568268,21.217358267213843,2025-05-14 15:00:00,111,7.72,44.1
278,-11.728953361568268,21.217358267213843,2025-05-14 18:00:00,114,7.09,40.77
278,-11.728953361568268,21.217358267213843,2025-05-14 21:00:00,117,6.53,41.92
279,-11.726992162829522,21.728733237014257,2025-05-10 00:00:00,0,6.64,24.67
279,-11.726992162829522,21.728733237014257,2025-05-10 03:00:00,3,7.29,27.29
279,-11.726992162829522,21.728733237014257,2025-05-10 06:00:00,6,6.78,35.94
279,-11.726992162829522,21.728733237014257,2025-05-10 09:00:00,9,9.26,42.83
279,-11.726992162829522,21.728733237014257,2025-05-10 12:00:00,12,8.61,45.9
279,-11.726992162829522,21.728733237014257,2025-05-10 15:00:00,15,6.95,43.1
279,-11.726992162829522,21.728733237014257,2025-05-10 18:00:00,18,7.42,47.08
279,-11.726992162829522,21.728733237014257,2025-05-10 21:00:00,21,4.18,34.85
279,-11.726992162829522,21.728733237014257,2025-05-11 00:00:00,24,5.87,36.5
279,-11.726992162829522,21.728733237014257,2025-05-11 03:00:00,27,2.12,25.3
279,-11.726992162829522,21.728733237014257,2025-05-11 06:00:00,30,3.84,28.99
279,-11.726992162829522,21.728733237014257,2025-05-11 09:00:00,33,3.28,24.16
279,-11.726992162829522,21.728733237014257,2025-05-11 12:00:00,36,1.33,12.34
279,-11.726992162829522,21.728733237014257,2025-05-11 15:00:00,39,4.08,19.47
279,-11.726992162829522,21.728733237014257,2025-05-11 18:00:00,42,2.09,15.69
279,-11.726992162829522,21.728733237014257,2025-05-11 21:00:00,45,4.12,19.94
279,-11.726992162829522,21.728733237014257,2025-05-12 00:00:00,48,5.35,19.9
279,-11.726992162829522,21.728733237014257,2025-05-12 03:00:00,51,8.02,35.0
279,-11.726992162829522,21.728733237014257,2025-05-12 06:00:00,54,6.26,30.3
279,-11.726992162829522,21.728733237014257,2025-05-12 09:00:00,57,7.33,38.08
279,-11.726992162829522,21.728733237014257,2025-05-12 12:00:00,60,8.77,40.92
279,-11.726992162829522,21.728733237014257,2025-05-12 15:00:00,63,8.21,49.35
279,-11.726992162829522,21.728733237014257,2025-05-12 18:00:00,66,6.17,38.78
279,-11.726992162829522,21.728733237014257,2025-05-12 21:00:00,69,6.2,44.46
279,-11.726992162829522,21.728733237014257,2025-05-13 00:00:00,72,5.6,35.66
279,-11.726992162829522,21.728733237014257,2025-05-13 03:00:00,75,4.44,33.84
279,-11.726992162829522,21.728733237014257,2025-05-13 06:00:00,78,0.95,21.62
279,-11.726992162829522,21.728733237014257,2025-05-13 09:00:00,81,3.46,25.84
279,-11.726992162829522,21.728733237014257,2025-05-13 12:00:00,84,1.33,16.06
279,-11.726992162829522,21.728733237014257,2025-05-13 15:00:00,87,3.71,16.43
279,-11.726992162829522,21.728733237014257,2025-05-13 18:00:00,90,2.33,14.59
279,-11.726992162829522,21.728733237014257,2025-05-13 21:00:00,93,4.39,16.61
279,-11.726992162829522,21.728733237014257,2025-05-14 00:00:00,96,3.27,17.28
279,-11.726992162829522,21.728733237014257,2025-05-14 03:00:00,99,5.7,23.61
279,-11.726992162829522,21.728733237014257,2025-05-14 06:00:00,102,8.85,39.59
279,-11.726992162829522,21.728733237014257,2025-05-14 09:00:00,105,8.08,42.26
279,-11.726992162829522,21.728733237014257,2025-05-14 12:00:00,108,7.8,46.48
279,-11.726992162829522,21.728733237014257,2025-05-14 15:00:00,111,7.33,46.87
279,-11.726992162829522,21.728733237014257,2025-05-14 18:00:00,114,8.08,46.7
279,-11.726992162829522,21.728733237014257,2025-05-14 21:00:00,117,6.74,41.26
280,-11.694550216737039,21.12639987564684,2025-05-10 00:00:00,0,3.51,23.23
280,-11.694550216737039,21.12639987564684,2025-05-10 03:00:00,3,6.12,29.29
280,-11.694550216737039,21.12639987564684,2025-05-10 06:00:00,6,8.59,40.28
280,-11.694550216737039,21.12639987564684,2025-05-10 09:00:00,9,9.58,46.14
280,-11.694550216737039,21.12639987564684,2025-05-10 12:00:00,12,9.65,47.43
280,-11.694550216737039,21.12639987564684,2025-05-10 15:00:00,15,8.37,43.84
280,-11.694550216737039,21.12639987564684,2025-05-10 18:00:00,18,8.49,43.37
280,-11.694550216737039,21.12639987564684,2025-05-10 21:00:00,21,7.95,44.99
280,-11.694550216737039,21.12639987564684,2025-05-11 00:00:00,24,6.02,36.09
280,-11.694550216737039,21.12639987564684,2025-05-11 03:00:00,27,3.02,33.15
280,-11.694550216737039,21.12639987564684,2025-05-11 06:00:00,30,4.4,29.48
280,-11.694550216737039,21.12639987564684,2025-05-11 09:00:00,33,3.34,20.04
280,-11.694550216737039,21.12639987564684,2025-05-11 12:00:00,36,0.66,17.27
280,-11.694550216737039,21.12639987564684,2025-05-11 15:00:00,39,3.02,14.28
280,-11.694550216737039,21.12639987564684,2025-05-11 18:00:00,42,4.63,19.52
280,-11.694550216737039,21.12639987564684,2025-05-11 21:00:00,45,2.95,14.1
280,-11.694550216737039,21.12639987564684,2025-05-12 00:00:00,48,5.04,24.69
280,-11.694550216737039,21.12639987564684,2025-05-12 03:00:00,51,6.55,27.63
280,-11.694550216737039,21.12639987564684,2025-05-12 06:00:00,54,6.01,32.77
280,-11.694550216737039,21.12639987564684,2025-05-12 09:00:00,57,7.18,41.73
280,-11.694550216737039,21.12639987564684,2025-05-12 12:00:00,60,8.81,47.72
280,-11.694550216737039,21.12639987564684,2025-05-12 15:00:00,63,7.98,43.72
280,-11.694550216737039,21.12639987564684,2025-05-12 18:00:00,66,6.7,45.75
280,-11.694550216737039,21.12639987564684,2025-05-12 21:00:00,69,8.12,46.18
280,-11.694550216737039,21.12639987564684,2025-05-13 00:00:00,72,3.62,35.04
280,-11.694550216737039,21.12639987564684,2025-05-13 03:00:00,75,5.85,32.87
280,-11.694550216737039,21.12639987564684,2025-05-13 06:00:00,78,1.07,22.34
280,-11.694550216737039,21.12639987564684,2025-05-13 09:00:00,81,2.39,24.87
280,-11.694550216737039,21.12639987564684,2025-05-13 12:00:00,84,1.93,17.97
280,-11.694550216737039,21.12639987564684,2025-05-13 15:00:00,87,3.37,18.04
280,-11.694550216737039,21.12639987564684,2025-05-13 18:00:00,90,1.5,12.34
280,-11.694550216737039,21.12639987564684,2025-05-13 21:00:00,93,5.63,21.56
280,-11.694550216737039,21.12639987564684,2025-05-14 00:00:00,96,4.51,23.11
280,-11.694550216737039,21.12639987564684,2025-05-14 03:00:00,99,5.0,24.41
280,-11.694550216737039,21.12639987564684,2025-05-14 06:00:00,102,7.48,35.89
280,-11.694550216737039,21.12639987564684,2025-05-14 09:00:00,105,7.1,38.69
280,-11.694550216737039,21.12639987564684,2025-05-14 12:00:00,108,6.42,36.91
280,-11.694550216737039,21.12639987564684,2025-05-14 15:00:00,111,5.86,43.26
280,-11.694550216737039,21.12639987564684,2025-05-14 18:00:00,114,9.04,46.18
280,-11.694550216737039,21.12639987564684,2025-05-14 21:00:00,117,4.6,38.58
281,-11.703245229263768,21.749422949336633,2025-05-10 00:00:00,0,5.45,21.48
281,-11.703245229263768,21.749422949336633,2025-05-10 03:00:00,3,7.59,29.84
281,-11.703245229263768,21.749422949336633,2025-05-10 06:00:00,6,8.42,40.79
281,-11.703245229263768,21.749422949336633,2025-05-10 09:00:00,9,7.2,42.01
281,-11.703245229263768,21.749422949336633,2025-05-10 12:00:00,12,7.75,39.91
281,-11.703245229263768,21.749422949336633,2025-05-10 15:00:00,15,8.96,50.9
281,-11.703245229263768,21.749422949336633,2025-05-10 18:00:00,18,9.06,48.1
281,-11.703245229263768,21.749422949336633,2025-05-10 21:00:00,21,6.44,43.06
281,-11.703245229263768,21.749422949336633,2025-05-11 00:00:00,24,4.13,34.77
281,-11.703245229263768,21.749422949336633,2025-05-11 03:00:00,27,4.1,28.15
281,-11.703245229263768,21.749422949336633,2025-05-11 06:00:00,30,3.14,26.06
281,-11.703245229263768,21.749422949336633,2025-05-11 09:00:00,33,2.68,20.07
281,-11.703245229263768,21.749422949336633,2025-05-11 12:00:00,36,0.06,11.65
281,-11.703245229263768,21.749422949336633,2025-05-11 15:00:00,39,2.23,17.31
281,-11.703245229263768,21.749422949336633,2025-05-11 18:00:00,42,1.04,13.86
281,-11.703245229263768,21.749422949336633,2025-05-11 21:00:00,45,4.25,21.31
281,-11.703245229263768,21.749422949336633,2025-05-12 00:00:00,48,5.78,26.31
281,-11.703245229263768,21.749422949336633,2025-05-12 03:00:00,51,7.77,29.86
281,-11.703245229263768,21.749422949336633,2025-05-12 06:00:00,54,6.86,34.76
281,-11.703245229263768,21.749422949336633,2025-05-12 09:00:00,57,8.33,40.43
281,-11.703245229263768,21.749422949336633,2025-05-12 12:00:00,60,7.45,38.61
281,-11.703245229263768,21.749422949336633,2025-05-12 15:00:00,63,9.33,49.31
281,-11.703245229263768,21.749422949336633,2025-05-12 18:00:00,66,8.65,47.09
281,-11.703245229263768,21.749422949336633,2025-05-12 21:00:00,69,7.78,42.04
281,-11.703245229263768,21.749422949336633,2025-05-13 00:00:00,72,3.26,33.91
281,-11.703245229263768,21.749422949336633,2025-05-13 03:00:00,75,3.63,30.34
281,-11.703245229263768,21.749422949336633,2025-05-13 06:00:00,78,4.62,30.78
281,-11.703245229263768,21.749422949336633,2025-05-13 09:00:00,81,1.75,16.28
281,-11.703245229263768,21.749422949336633,2025-05-13 12:00:00,84,1.71,17.71
281,-11.703245229263768,21.749422949336633,2025-05-13 15:00:00,87,4.16,21.77
281,-11.703245229263768,21.749422949336633,2025-05-13 18:00:00,90,2.14,11.3
281,-11.703245229263768,21.749422949336633,2025-05-13 21:00:00,93,2.25,14.98
281,-11.703245229263768,21.749422949336633,2025-05-14 00:00:00,96,3.54,19.13
281,-11.703245229263768,21.749422949336633,2025-05-14 03:00:00,99,4.44,27.04
281,-11.703245229263768,21.749422949336633,2025-05-14 06:00:00,102,6.49,34.51
281,-11.703245229263768,21.749422949336633,2025-05-14 09:00:00,105,8.65,41.55
281,-11.703245229263768,21.749422949336633,2025-05-14 12:00:00,108,7.92,42.04
281,-11.703245229263768,21.749422949336633,2025-05-14 15:00:00,111,6.01,44.4
281,-11.703245229263768,21.749422949336633,2025-05-14 18:00:00,114,8.13,44.62
281,-11.703245229263768,21.749422949336633,2025-05-14 21:00:00,117,7.63,41.37
282,-11.267274140730267,21.185997559869286,2025-05-10 00:00:00,0,3.43,20.04
282,-11.267274140730267,21.185997559869286,2025-05-10 03:00:00,3,6.97,27.72
282,-11.267274140730267,21.185997559869286,2025-05-10 06:00:00,6,5.66,32.17
282,-11.267274140730267,21.185997559869286,2025-05-10 09:00:00,9,9.12,43.66
282,-11.267274140730267,21.185997559869286,2025-05-10 12:00:00,12,7.0,40.12
282,-11.267274140730267,21.185997559869286,2025-05-10 15:00:00,15,6.94,44.77
282,-11.267274140730267,21.185997559869286,2025-05-10 18:00:00,18,6.59,45.1
282,-11.267274140730267,21.185997559869286,2025-05-10 21:00:00,21,7.96,41.73
282,-11.267274140730267,21.185997559869286,2025-05-11 00:00:00,24,6.6,41.68
282,-11.267274140730267,21.185997559869286,2025-05-11 03:00:00,27,3.15,31.46
282,-11.267274140730267,21.185997559869286,2025-05-11 06:00:00,30,1.71,27.32
282,-11.267274140730267,21.185997559869286,2025-05-11 09:00:00,33,0.31,15.15
282,-11.267274140730267,21.185997559869286,2025-05-11 12:00:00,36,2.45,18.7
282,-11.267274140730267,21.185997559869286,2025-05-11 15:00:00,39,2.54,16.5
282,-11.267274140730267,21.185997559869286,2025-05-11 18:00:00,42,3.55,18.26
282,-11.267274140730267,21.185997559869286,2025-05-11 21:00:00,45,3.07,14.75
282,-11.267274140730267,21.185997559869286,2025-05-12 00:00:00,48,4.21,22.87
282,-11.267274140730267,21.185997559869286,2025-05-12 03:00:00,51,7.53,29.24
282,-11.267274140730267,21.185997559869286,2025-05-12 06:00:00,54,8.57,39.86
282,-11.267274140730267,21.185997559869286,2025-05-12 09:00:00,57,8.85,40.33
282,-11.267274140730267,21.185997559869286,2025-05-12 12:00:00,60,8.73,47.0
282,-11.267274140730267,21.185997559869286,2025-05-12 15:00:00,63,5.86,40.5
282,-11.267274140730267,21.185997559869286,2025-05-12 18:00:00,66,6.08,40.67
282,-11.267274140730267,21.185997559869286,2025-05-12 21:00:00,69,7.34,44.23
282,-11.267274140730267,21.185997559869286,2025-05-13 00:00:00,72,3.76,37.71
282,-11.267274140730267,21.185997559869286,2025-05-13 03:00:00,75,2.51,31.2
282,-11.267274140730267,21.185997559869286,2025-05-13 06:00:00,78,3.76,26.61
282,-11.267274140730267,21.185997559869286,2025-05-13 09:00:00,81,0.77,14.51
282,-11.267274140730267,21.185997559869286,2025-05-13 12:00:00,84,1.58,13.88
282,-11.267274140730267,21.185997559869286,2025-05-13 15:00:00,87,2.68,17.2
282,-11.267274140730267,21.185997559869286,2025-05-13 18:00:00,90,4.12,19.56
282,-11.267274140730267,21.185997559869286,2025-05-13 21:00:00,93,4.08,21.58
282,-11.267274140730267,21.185997559869286,2025-05-14 00:00:00,96,6.15,28.11
282,-11.267274140730267,21.185997559869286,2025-05-14 03:00:00,99,4.56,22.89
282,-11.267274140730267,21.185997559869286,2025-05-14 06:00:00,102,7.95,35.85
282,-11.267274140730267,21.185997559869286,2025-05-14 09:00:00,105,5.85,32.13
282,-11.267274140730267,21.185997559869286,2025-05-14 12:00:00,108,9.17,45.8
282,-11.267274140730267,21.185997559869286,2025-05-14 15:00:00,111,7.42,42.98
282,-11.267274140730267,21.185997559869286,2025-05-14 18:00:00,114,5.32,40.29
282,-11.267274140730267,21.185997559869286,2025-05-14 21:00:00,117,6.47,45.61
283,-11.857559108768433,21.592297269139735,2025-05-10 00:00:00,0,3.01,20.59
283,-11.857559108768433,21.592297269139735,2025-05-10 03:00:00,3,4.38,21.63
283,-11.857559108768433,21.592297269139735,2025-05-10 06:00:00,6,8.42,33.7
283,-11.857559108768433,21.592297269139735,2025-05-10 09:00:00,9,8.05,43.28
283,-11.857559108768433,21.592297269139735,2025-05-10 12:00:00,12,7.99,43.08
283,-11.857559108768433,21.592297269139735,2025-05-10 15:00:00,15,6.85,43.63
283,-11.857559108768433,21.592297269139735,2025-05-10 18:00:00,18,7.53,46.59
283,-11.857559108768433,21.592297269139735,2025-05-10 21:00:00,21,7.36,40.86
283,-11.857559108768433,21.592297269139735,2025-05-11 00:00:00,24,4.3,39.12
283,-11.857559108768433,21.592297269139735,2025-05-11 03:00:00,27,3.31,32.81
283,-11.857559108768433,21.592297269139735,2025-05-11 06:00:00,30,0.94,24.88
283,-11.857559108768433,21.592297269139735,2025-05-11 09:00:00,33,1.63,16.56
283,-11.857559108768433,21.592297269139735,2025-05-11 12:00:00,36,2.87,20.22
283,-11.857559108768433,21.592297269139735,2025-05-11 15:00:00,39,2.44,18.48
283,-11.857559108768433,21.592297269139735,2025-05-11 18:00:00,42,4.41,15.22
283,-11.857559108768433,21.592297269139735,2025-05-11 21:00:00,45,3.79,16.27
283,-11.857559108768433,21.592297269139735,2025-05-12 00:00:00,48,3.53,21.56
283,-11.857559108768433,21.592297269139735,2025-05-12 03:00:00,51,6.88,27.74
283,-11.857559108768433,21.592297269139735,2025-05-12 06:00:00,54,6.51,29.19
283,-11.857559108768433,21.592297269139735,2025-05-12 09:00:00,57,7.39,41.0
283,-11.857559108768433,21.592297269139735,2025-05-12 12:00:00,60,7.95,43.65
283,-11.857559108768433,21.592297269139735,2025-05-12 15:00:00,63,5.78,41.64
283,-11.857559108768433,21.592297269139735,2025-05-12 18:00:00,66,8.42,43.94
283,-11.857559108768433,21.592297269139735,2025-05-12 21:00:00,69,5.62,41.8
283,-11.857559108768433,21.592297269139735,2025-05-13 00:00:00,72,5.3,39.59
283,-11.857559108768433,21.592297269139735,2025-05-13 03:00:00,75,3.35,33.19
283,-11.857559108768433,21.592297269139735,2025-05-13 06:00:00,78,4.23,27.45
283,-11.857559108768433,21.592297269139735,2025-05-13 09:00:00,81,0.6,16.93
283,-11.857559108768433,21.592297269139735,2025-05-13 12:00:00,84,3.77,19.02
283,-11.857559108768433,21.592297269139735,2025-05-13 15:00:00,87,1.03,16.43
283,-11.857559108768433,21.592297269139735,2025-05-13 18:00:00,90,3.96,15.91
283,-11.857559108768433,21.592297269139735,2025-05-13 21:00:00,93,3.7,19.98
283,-11.857559108768433,21.592297269139735,2025-05-14 00:00:00,96,5.44,26.37
283,-11.857559108768433,21.592297269139735,2025-05-14 03:00:00,99,7.92,29.07
283,-11.857559108768433,21.592297269139735,2025-05-14 06:00:00,102,7.61,34.23
283,-11.857559108768433,21.592297269139735,2025-05-14 09:00:00,105,8.95,45.71
283,-11.857559108768433,21.592297269139735,2025-05-14 12:00:00,108,9.02,43.52
283,-11.857559108768433,21.592297269139735,2025-05-14 15:00:00,111,8.75,44.61
283,-11.857559108768433,21.592297269139735,2025-05-14 18:00:00,114,7.69,45.59
283,-11.857559108768433,21.592297269139735,2025-05-14 21:00:00,117,6.0,38.66
284,-11.597341199074053,21.082092458716637,2025-05-10 00:00:00,0,3.17,18.29
284,-11.597341199074053,21.082092458716637,2025-05-10 03:00:00,3,4.35,26.17
284,-11.597341199074053,21.082092458716637,2025-05-10 06:00:00,6,6.42,33.03
284,-11.597341199074053,21.082092458716637,2025-05-10 09:00:00,9,6.27,38.79
284,-11.597341199074053,21.082092458716637,2025-05-10 12:00:00,12,8.03,44.8
284,-11.597341199074053,21.082092458716637,2025-05-10 15:00:00,15,9.09,48.32
284,-11.597341199074053,21.082092458716637,2025-05-10 18:00:00,18,8.23,49.28
284,-11.597341199074053,21.082092458716637,2025-05-10 21:00:00,21,7.02,47.17
284,-11.597341199074053,21.082092458716637,2025-05-11 00:00:00,24,3.29,29.8
284,-11.597341199074053,21.082092458716637,2025-05-11 03:00:00,27,4.48,34.38
284,-11.597341199074053,21.082092458716637,2025-05-11 06:00:00,30,1.99,24.5
284,-11.597341199074053,21.082092458716637,2025-05-11 09:00:00,33,3.76,27.55
284,-11.597341199074053,21.082092458716637,2025-05-11 12:00:00,36,1.44,15.63
284,-11.597341199074053,21.082092458716637,2025-05-11 15:00:00,39,4.14,22.04
284,-11.597341199074053,21.082092458716637,2025-05-11 18:00:00,42,0.97,7.95
284,-11.597341199074053,21.082092458716637,2025-05-11 21:00:00,45,3.08,16.03
284,-11.597341199074053,21.082092458716637,2025-05-12 00:00:00,48,5.42,21.61
284,-11.597341199074053,21.082092458716637,2025-05-12 03:00:00,51,6.35,29.99
284,-11.597341199074053,21.082092458716637,2025-05-12 06:00:00,54,8.13,35.88
284,-11.597341199074053,21.082092458716637,2025-05-12 09:00:00,57,5.84,37.17
284,-11.597341199074053,21.082092458716637,2025-05-12 12:00:00,60,7.77,43.72
284,-11.597341199074053,21.082092458716637,2025-05-12 15:00:00,63,6.27,40.89
284,-11.597341199074053,21.082092458716637,2025-05-12 18:00:00,66,8.27,43.54
284,-11.597341199074053,21.082092458716637,2025-05-12 21:00:00,69,7.21,46.51
284,-11.597341199074053,21.082092458716637,2025-05-13 00:00:00,72,3.17,34.89
284,-11.597341199074053,21.082092458716637,2025-05-13 03:00:00,75,4.78,34.47
284,-11.597341199074053,21.082092458716637,2025-05-13 06:00:00,78,4.46,27.32
284,-11.597341199074053,21.082092458716637,2025-05-13 09:00:00,81,3.56,23.66
284,-11.597341199074053,21.082092458716637,2025-05-13 12:00:00,84,0.56,11.26
284,-11.597341199074053,21.082092458716637,2025-05-13 15:00:00,87,0.9,10.73
284,-11.597341199074053,21.082092458716637,2025-05-13 18:00:00,90,3.45,18.52
284,-11.597341199074053,21.082092458716637,2025-05-13 21:00:00,93,5.35,25.02
284,-11.597341199074053,21.082092458716637,2025-05-14 00:00:00,96,6.19,27.68
284,-11.597341199074053,21.082092458716637,2025-05-14 03:00:00,99,5.12,25.03
284,-11.597341199074053,21.082092458716637,2025-05-14 06:00:00,102,6.6,35.94
284,-11.597341199074053,21.082092458716637,2025-05-14 09:00:00,105,6.72,38.92
284,-11.597341199074053,21.082092458716637,2025-05-14 12:00:00,108,9.49,43.4
284,-11.597341199074053,21.082092458716637,2025-05-14 15:00:00,111,6.6,44.65
284,-11.597341199074053,21.082092458716637,2025-05-14 18:00:00,114,7.49,47.41
284,-11.597341199074053,21.082092458716637,2025-05-14 21:00:00,117,5.43,36.14
285,-11.974390154006556,21.1028012818094,2025-05-10 00:00:00,0,6.69,25.6
285,-11.974390154006556,21.1028012818094,2025-05-10 03:00:00,3,5.0,25.77
285,-11.974390154006556,21.1028012818094,2025-05-10 06:00:00,6,5.51,29.96
285,-11.974390154006556,21.1028012818094,2025-05-10 09:00:00,9,8.63,39.82
285,-11.974390154006556,21.1028012818094,2025-05-10 12:00:00,12,7.21,39.34
285,-11.974390154006556,21.1028012818094,2025-05-10 15:00:00,15,6.46,44.5
285,-11.974390154006556,21.1028012818094,2025-05-10 18:00:00,18,9.09,51.36
285,-11.974390154006556,21.1028012818094,2025-05-10 21:00:00,21,5.52,42.43
285,-11.974390154006556,21.1028012818094,2025-05-11 00:00:00,24,3.63,31.45
285,-11.974390154006556,21.1028012818094,2025-05-11 03:00:00,27,3.15,29.7
285,-11.974390154006556,21.1028012818094,2025-05-11 06:00:00,30,2.22,27.74
285,-11.974390154006556,21.1028012818094,2025-05-11 09:00:00,33,2.56,22.22
285,-11.974390154006556,21.1028012818094,2025-05-11 12:00:00,36,3.31,19.97
285,-11.974390154006556,21.1028012818094,2025-05-11 15:00:00,39,0.38,13.31
285,-11.974390154006556,21.1028012818094,2025-05-11 18:00:00,42,2.13,16.7
285,-11.974390154006556,21.1028012818094,2025-05-11 21:00:00,45,3.71,17.4
285,-11.974390154006556,21.1028012818094,2025-05-12 00:00:00,48,5.82,25.27
285,-11.974390154006556,21.1028012818094,2025-05-12 03:00:00,51,8.13,35.92
285,-11.974390154006556,21.1028012818094,2025-05-12 06:00:00,54,7.63,39.23
285,-11.974390154006556,21.1028012818094,2025-05-12 09:00:00,57,7.52,35.14
285,-11.974390154006556,21.1028012818094,2025-05-12 12:00:00,60,7.75,45.4
285,-11.974390154006556,21.1028012818094,2025-05-12 15:00:00,63,8.93,50.31
285,-11.974390154006556,21.1028012818094,2025-05-12 18:00:00,66,9.05,45.63
285,-11.974390154006556,21.1028012818094,2025-05-12 21:00:00,69,5.68,42.46
285,-11.974390154006556,21.1028012818094,2025-05-13 00:00:00,72,6.25,41.82
285,-11.974390154006556,21.1028012818094,2025-05-13 03:00:00,75,4.32,36.37
285,-11.974390154006556,21.1028012818094,2025-05-13 06:00:00,78,1.94,23.01
285,-11.974390154006556,21.1028012818094,2025-05-13 09:00:00,81,2.62,20.49
285,-11.974390154006556,21.1028012818094,2025-05-13 12:00:00,84,2.97,17.1
285,-11.974390154006556,21.1028012818094,2025-05-13 15:00:00,87,2.62,13.36
285,-11.974390154006556,21.1028012818094,2025-05-13 18:00:00,90,3.82,15.98
285,-11.974390154006556,21.1028012818094,2025-05-13 21:00:00,93,2.02,17.7
285,-11.974390154006556,21.1028012818094,2025-05-14 00:00:00,96,6.68,23.59
285,-11.974390154006556,21.1028012818094,2025-05-14 03:00:00,99,6.1,25.65
285,-11.974390154006556,21.1028012818094,2025-05-14 06:00:00,102,8.18,39.68
285,-11.974390154006556,21.1028012818094,2025-05-14 09:00:00,105,6.21,37.69
285,-11.974390154006556,21.1028012818094,2025-05-14 12:00:00,108,8.69,42.82
285,-11.974390154006556,21.1028012818094,2025-05-14 15:00:00,111,6.05,43.14
285,-11.974390154006556,21.1028012818094,2025-05-14 18:00:00,114,7.5,45.47
285,-11.974390154006556,21.1028012818094,2025-05-14 21:00:00,117,6.73,43.98
286,-11.39377627271642,21.529310494059743,2025-05-10 00:00:00,0,6.29,26.18
286,-11.39377627271642,21.529310494059743,2025-05-10 03:00:00,3,6.98,33.18
286,-11.39377627271642,21.529310494059743,2025-05-10 06:00:00,6,5.87,33.73
286,-11.39377627271642,21.529310494059743,2025-05-10 09:00:00,9,6.4,34.78
286,-11.39377627271642,21.529310494059743,2025-05-10 12:00:00,12,6.62,39.87
286,-11.39377627271642,21.529310494059743,2025-05-10 15:00:00,15,5.83,37.97
286,-11.39377627271642,21.529310494059743,2025-05-10 18:00:00,18,7.75,43.83
286,-11.39377627271642,21.529310494059743,2025-05-10 21:00:00,21,6.11,43.39
286,-11.39377627271642,21.529310494059743,2025-05-11 00:00:00,24,6.69,36.72
286,-11.39377627271642,21.529310494059743,2025-05-11 03:00:00,27,2.85,27.66
286,-11.39377627271642,21.529310494059743,2025-05-11 06:00:00,30,1.7,23.48
286,-11.39377627271642,21.529310494059743,2025-05-11 09:00:00,33,4.22,22.21
286,-11.39377627271642,21.529310494059743,2025-05-11 12:00:00,36,0.94,18.79
286,-11.39377627271642,21.529310494059743,2025-05-11 15:00:00,39,1.99,18.27
286,-11.39377627271642,21.529310494059743,2025-05-11 18:00:00,42,2.79,13.83
286,-11.39377627271642,21.529310494059743,2025-05-11 21:00:00,45,2.71,14.35
286,-11.39377627271642,21.529310494059743,2025-05-12 00:00:00,48,5.82,21.56
286,-11.39377627271642,21.529310494059743,2025-05-12 03:00:00,51,7.52,27.37
286,-11.39377627271642,21.529310494059743,2025-05-12 06:00:00,54,8.27,37.11
286,-11.39377627271642,21.529310494059743,2025-05-12 09:00:00,57,8.85,40.2
286,-11.39377627271642,21.529310494059743,2025-05-12 12:00:00,60,9.7,47.02
286,-11.39377627271642,21.529310494059743,2025-05-12 15:00:00,63,8.07,48.85
286,-11.39377627271642,21.529310494059743,2025-05-12 18:00:00,66,7.68,41.59
286,-11.39377627271642,21.529310494059743,2025-05-12 21:00:00,69,5.65,41.78
286,-11.39377627271642,21.529310494059743,2025-05-13 00:00:00,72,3.95,35.78
286,-11.39377627271642,21.529310494059743,2025-05-13 03:00:00,75,3.69,34.87
286,-11.39377627271642,21.529310494059743,2025-05-13 06:00:00,78,2.09,24.12
286,-11.39377627271642,21.529310494059743,2025-05-13 09:00:00,81,0.61,19.97
286,-11.39377627271642,21.529310494059743,2025-05-13 12:00:00,84,2.75,14.78
286,-11.39377627271642,21.529310494059743,2025-05-13 15:00:00,87,3.33,17.96
286,-11.39377627271642,21.529310494059743,2025-05-13 18:00:00,90,1.89,11.83
286,-11.39377627271642,21.529310494059743,2025-05-13 21:00:00,93,3.7,20.24
286,-11.39377627271642,21.529310494059743,2025-05-14 00:00:00,96,6.98,28.89
286,-11.39377627271642,21.529310494059743,2025-05-14 03:00:00,99,5.95,25.3
286,-11.39377627271642,21.529310494059743,2025-05-14 06:00:00,102,8.89,38.27
286,-11.39377627271642,21.529310494059743,2025-05-14 09:00:00,105,8.2,38.18
286,-11.39377627271642,21.529310494059743,2025-05-14 12:00:00,108,6.18,41.66
286,-11.39377627271642,21.529310494059743,2025-05-14 15:00:00,111,5.94,37.54
286,-11.39377627271642,21.529310494059743,2025-05-14 18:00:00,114,5.36,43.25
286,-11.39377627271642,21.529310494059743,2025-05-14 21:00:00,117,4.61,36.14
287,-11.767688171658804,21.690388549668107,2025-05-10 00:00:00,0,6.44,25.48
287,-11.767688171658804,21.690388549668107,2025-05-10 03:00:00,3,7.37,29.26
287,-11.767688171658804,21.690388549668107,2025-05-10 06:00:00,6,8.78,36.58
287,-11.767688171658804,21.690388549668107,2025-05-10 09:00:00,9,6.2,32.91
287,-11.767688171658804,21.690388549668107,2025-05-10 12:00:00,12,7.45,42.06
287,-11.767688171658804,21.690388549668107,2025-05-10 15:00:00,15,8.19,48.61
287,-11.767688171658804,21.690388549668107,2025-05-10 18:00:00,18,8.1,47.18
287,-11.767688171658804,21.690388549668107,2025-05-10 21:00:00,21,7.98,44.73
287,-11.767688171658804,21.690388549668107,2025-05-11 00:00:00,24,4.07,32.63
287,-11.767688171658804,21.690388549668107,2025-05-11 03:00:00,27,5.61,31.32
287,-11.767688171658804,21.690388549668107,2025-05-11 06:00:00,30,2.83,21.89
287,-11.767688171658804,21.690388549668107,2025-05-11 09:00:00,33,2.04,22.88
287,-11.767688171658804,21.690388549668107,2025-05-11 12:00:00,36,1.25,13.58
287,-11.767688171658804,21.690388549668107,2025-05-11 15:00:00,39,2.11,14.88
287,-11.767688171658804,21.690388549668107,2025-05-11 18:00:00,42,1.93,10.33
287,-11.767688171658804,21.690388549668107,2025-05-11 21:00:00,45,4.12,16.14
287,-11.767688171658804,21.690388549668107,2025-05-12 00:00:00,48,4.51,23.81
287,-11.767688171658804,21.690388549668107,2025-05-12 03:00:00,51,7.05,29.39
287,-11.767688171658804,21.690388549668107,2025-05-12 06:00:00,54,7.11,34.61
287,-11.767688171658804,21.690388549668107,2025-05-12 09:00:00,57,6.6,38.44
287,-11.767688171658804,21.690388549668107,2025-05-12 12:00:00,60,6.93,37.9
287,-11.767688171658804,21.690388549668107,2025-05-12 15:00:00,63,6.04,41.48
287,-11.767688171658804,21.690388549668107,2025-05-12 18:00:00,66,7.74,41.61
287,-11.767688171658804,21.690388549668107,2025-05-12 21:00:00,69,7.33,44.37
287,-11.767688171658804,21.690388549668107,2025-05-13 00:00:00,72,4.67,38.99
287,-11.767688171658804,21.690388549668107,2025-05-13 03:00:00,75,5.84,35.56
287,-11.767688171658804,21.690388549668107,2025-05-13 06:00:00,78,2.68,27.2
287,-11.767688171658804,21.690388549668107,2025-05-13 09:00:00,81,1.52,15.68
287,-11.767688171658804,21.690388549668107,2025-05-13 12:00:00,84,0.01,15.9
287,-11.767688171658804,21.690388549668107,2025-05-13 15:00:00,87,3.11,14.68
287,-11.767688171658804,21.690388549668107,2025-05-13 18:00:00,90,1.41,9.76
287,-11.767688171658804,21.690388549668107,2025-05-13 21:00:00,93,3.68,16.66
287,-11.767688171658804,21.690388549668107,2025-05-14 00:00:00,96,5.72,23.93
287,-11.767688171658804,21.690388549668107,2025-05-14 03:00:00,99,7.98,30.37
287,-11.767688171658804,21.690388549668107,2025-05-14 06:00:00,102,8.72,39.48
287,-11.767688171658804,21.690388549668107,2025-05-14 09:00:00,105,7.0,37.94
287,-11.767688171658804,21.690388549668107,2025-05-14 12:00:00,108,9.99,45.6
287,-11.767688171658804,21.690388549668107,2025-05-14 15:00:00,111,8.96,44.28
287,-11.767688171658804,21.690388549668107,2025-05-14 18:00:00,114,5.42,44.19
287,-11.767688171658804,21.690388549668107,2025-05-14 21:00:00,117,5.63,38.74
288,-11.43611312086808,21.722401772181126,2025-05-10 00:00:00,0,6.31,22.38
288,-11.43611312086808,21.722401772181126,2025-05-10 03:00:00,3,6.59,32.4
288,-11.43611312086808,21.722401772181126,2025-05-10 06:00:00,6,5.91,30.0
288,-11.43611312086808,21.722401772181126,2025-05-10 09:00:00,9,7.1,34.29
288,-11.43611312086808,21.722401772181126,2025-05-10 12:00:00,12,9.78,47.04
288,-11.43611312086808,21.722401772181126,2025-05-10 15:00:00,15,9.48,50.56
288,-11.43611312086808,21.722401772181126,2025-05-10 18:00:00,18,8.48,50.71
288,-11.43611312086808,21.722401772181126,2025-05-10 21:00:00,21,7.51,44.06
288,-11.43611312086808,21.722401772181126,2025-05-11 00:00:00,24,4.94,38.36
288,-11.43611312086808,21.722401772181126,2025-05-11 03:00:00,27,2.45,27.0
288,-11.43611312086808,21.722401772181126,2025-05-11 06:00:00,30,3.64,30.03
288,-11.43611312086808,21.722401772181126,2025-05-11 09:00:00,33,4.07,27.33
288,-11.43611312086808,21.722401772181126,2025-05-11 12:00:00,36,2.05,16.51
288,-11.43611312086808,21.722401772181126,2025-05-11 15:00:00,39,0.96,11.81
288,-11.43611312086808,21.722401772181126,2025-05-11 18:00:00,42,2.83,18.16
288,-11.43611312086808,21.722401772181126,2025-05-11 21:00:00,45,2.85,13.32
288,-11.43611312086808,21.722401772181126,2025-05-12 00:00:00,48,3.59,16.65
288,-11.43611312086808,21.722401772181126,2025-05-12 03:00:00,51,7.0,32.77
288,-11.43611312086808,21.722401772181126,2025-05-12 06:00:00,54,5.93,28.7
288,-11.43611312086808,21.722401772181126,2025-05-12 09:00:00,57,5.84,33.06
288,-11.43611312086808,21.722401772181126,2025-05-12 12:00:00,60,9.43,45.79
288,-11.43611312086808,21.722401772181126,2025-05-12 15:00:00,63,6.47,44.63
288,-11.43611312086808,21.722401772181126,2025-05-12 18:00:00,66,5.3,40.52
288,-11.43611312086808,21.722401772181126,2025-05-12 21:00:00,69,7.95,46.91
288,-11.43611312086808,21.722401772181126,2025-05-13 00:00:00,72,5.13,40.27
288,-11.43611312086808,21.722401772181126,2025-05-13 03:00:00,75,5.51,33.14
288,-11.43611312086808,21.722401772181126,2025-05-13 06:00:00,78,2.93,22.1
288,-11.43611312086808,21.722401772181126,2025-05-13 09:00:00,81,2.07,20.33
288,-11.43611312086808,21.722401772181126,2025-05-13 12:00:00,84,0.88,16.41
288,-11.43611312086808,21.722401772181126,2025-05-13 15:00:00,87,3.19,16.03
288,-11.43611312086808,21.722401772181126,2025-05-13 18:00:00,90,4.69,15.53
288,-11.43611312086808,21.722401772181126,2025-05-13 21:00:00,93,3.34,16.5
288,-11.43611312086808,21.722401772181126,2025-05-14 00:00:00,96,6.35,25.52
288,-11.43611312086808,21.722401772181126,2025-05-14 03:00:00,99,6.6,27.77
288,-11.43611312086808,21.722401772181126,2025-05-14 06:00:00,102,5.33,30.72
288,-11.43611312086808,21.722401772181126,2025-05-14 09:00:00,105,5.91,35.07
288,-11.43611312086808,21.722401772181126,2025-05-14 12:00:00,108,8.41,42.97
288,-11.43611312086808,21.722401772181126,2025-05-14 15:00:00,111,9.57,51.52
288,-11.43611312086808,21.722401772181126,2025-05-14 18:00:00,114,8.49,49.56
288,-11.43611312086808,21.722401772181126,2025-05-14 21:00:00,117,8.14,47.94
289,-11.684750366379333,21.37142785366312,2025-05-10 00:00:00,0,4.17,22.64
289,-11.684750366379333,21.37142785366312,2025-05-10 03:00:00,3,4.31,24.3
289,-11.684750366379333,21.37142785366312,2025-05-10 06:00:00,6,5.24,27.5
289,-11.684750366379333,21.37142785366312,2025-05-10 09:00:00,9,6.04,32.17
289,-11.684750366379333,21.37142785366312,2025-05-10 12:00:00,12,7.34,37.91
289,-11.684750366379333,21.37142785366312,2025-05-10 15:00:00,15,5.84,42.57
289,-11.684750366379333,21.37142785366312,2025-05-10 18:00:00,18,5.64,44.36
289,-11.684750366379333,21.37142785366312,2025-05-10 21:00:00,21,7.98,46.63
289,-11.684750366379333,21.37142785366312,2025-05-11 00:00:00,24,4.54,38.03
289,-11.684750366379333,21.37142785366312,2025-05-11 03:00:00,27,3.57,33.32
289,-11.684750366379333,21.37142785366312,2025-05-11 06:00:00,30,3.94,31.37
289,-11.684750366379333,21.37142785366312,2025-05-11 09:00:00,33,2.28,21.74
289,-11.684750366379333,21.37142785366312,2025-05-11 12:00:00,36,0.31,11.41
289,-11.684750366379333,21.37142785366312,2025-05-11 15:00:00,39,3.49,19.86
289,-11.684750366379333,21.37142785366312,2025-05-11 18:00:00,42,4.23,21.46
289,-11.684750366379333,21.37142785366312,2025-05-11 21:00:00,45,2.2,18.52
289,-11.684750366379333,21.37142785366312,2025-05-12 00:00:00,48,6.4,22.4
289,-11.684750366379333,21.37142785366312,2025-05-12 03:00:00,51,6.56,26.51
289,-11.684750366379333,21.37142785366312,2025-05-12 06:00:00,54,6.88,34.87
289,-11.684750366379333,21.37142785366312,2025-05-12 09:00:00,57,7.39,39.37
289,-11.684750366379333,21.37142785366312,2025-05-12 12:00:00,60,7.81,46.69
289,-11.684750366379333,21.37142785366312,2025-05-12 15:00:00,63,7.14,39.54
289,-11.684750366379333,21.37142785366312,2025-05-12 18:00:00,66,6.71,42.34
289,-11.684750366379333,21.37142785366312,2025-05-12 21:00:00,69,6.73,38.76
289,-11.684750366379333,21.37142785366312,2025-05-13 00:00:00,72,6.25,43.26
289,-11.684750366379333,21.37142785366312,2025-05-13 03:00:00,75,4.99,31.98
289,-11.684750366379333,21.37142785366312,2025-05-13 06:00:00,78,1.24,25.54
289,-11.684750366379333,21.37142785366312,2025-05-13 09:00:00,81,0.44,20.0
289,-11.684750366379333,21.37142785366312,2025-05-13 12:00:00,84,3.78,24.46
289,-11.684750366379333,21.37142785366312,2025-05-13 15:00:00,87,2.54,17.42
289,-11.684750366379333,21.37142785366312,2025-05-13 18:00:00,90,1.22,10.86
289,-11.684750366379333,21.37142785366312,2025-05-13 21:00:00,93,5.51,23.58
289,-11.684750366379333,21.37142785366312,2025-05-14 00:00:00,96,6.6,25.06
289,-11.684750366379333,21.37142785366312,2025-05-14 03:00:00,99,6.1,28.29
289,-11.684750366379333,21.37142785366312,2025-05-14 06:00:00,102,8.27,34.2
289,-11.684750366379333,21.37142785366312,2025-05-14 09:00:00,105,9.4,40.12
289,-11.684750366379333,21.37142785366312,2025-05-14 12:00:00,108,7.4,40.6
289,-11.684750366379333,21.37142785366312,2025-05-14 15:00:00,111,8.26,48.88
289,-11.684750366379333,21.37142785366312,2025-05-14 18:00:00,114,6.96,41.89
289,-11.684750366379333,21.37142785366312,2025-05-14 21:00:00,117,5.26,41.51
290,-11.43861851880967,21.341402109491092,2025-05-10 00:00:00,0,3.72,21.61
290,-11.43861851880967,21.341402109491092,2025-05-10 03:00:00,3,5.29,28.7
290,-11.43861851880967,21.341402109491092,2025-05-10 06:00:00,6,6.71,35.57
290,-11.43861851880967,21.341402109491092,2025-05-10 09:00:00,9,9.53,46.52
290,-11.43861851880967,21.341402109491092,2025-05-10 12:00:00,12,9.23,48.39
290,-11.43861851880967,21.341402109491092,2025-05-10 15:00:00,15,6.86,43.56
290,-11.43861851880967,21.341402109491092,2025-05-10 18:00:00,18,7.56,43.89
290,-11.43861851880967,21.341402109491092,2025-05-10 21:00:00,21,7.83,41.49
290,-11.43861851880967,21.341402109491092,2025-05-11 00:00:00,24,6.62,43.96
290,-11.43861851880967,21.341402109491092,2025-05-11 03:00:00,27,1.99,28.89
290,-11.43861851880967,21.341402109491092,2025-05-11 06:00:00,30,3.71,30.41
290,-11.43861851880967,21.341402109491092,2025-05-11 09:00:00,33,1.62,18.54
290,-11.43861851880967,21.341402109491092,2025-05-11 12:00:00,36,0.95,15.2
290,-11.43861851880967,21.341402109491092,2025-05-11 15:00:00,39,4.01,18.4
290,-11.43861851880967,21.341402109491092,2025-05-11 18:00:00,42,3.87,17.25
290,-11.43861851880967,21.341402109491092,2025-05-11 21:00:00,45,5.71,21.49
290,-11.43861851880967,21.341402109491092,2025-05-12 00:00:00,48,3.83,20.7
290,-11.43861851880967,21.341402109491092,2025-05-12 03:00:00,51,5.28,23.7
290,-11.43861851880967,21.341402109491092,2025-05-12 06:00:00,54,8.51,38.03
290,-11.43861851880967,21.341402109491092,2025-05-12 09:00:00,57,7.41,34.98
290,-11.43861851880967,21.341402109491092,2025-05-12 12:00:00,60,6.14,38.52
290,-11.43861851880967,21.341402109491092,2025-05-12 15:00:00,63,5.85,42.37
290,-11.43861851880967,21.341402109491092,2025-05-12 18:00:00,66,9.06,45.74
290,-11.43861851880967,21.341402109491092,2025-05-12 21:00:00,69,6.36,45.06
290,-11.43861851880967,21.341402109491092,2025-05-13 00:00:00,72,4.3,37.96
290,-11.43861851880967,21.341402109491092,2025-05-13 03:00:00,75,3.54,31.13
290,-11.43861851880967,21.341402109491092,2025-05-13 06:00:00,78,3.41,27.24
290,-11.43861851880967,21.341402109491092,2025-05-13 09:00:00,81,1.42,21.28
290,-11.43861851880967,21.341402109491092,2025-05-13 12:00:00,84,0.92,13.56
290,-11.43861851880967,21.341402109491092,2025-05-13 15:00:00,87,3.96,20.33
290,-11.43861851880967,21.341402109491092,2025-05-13 18:00:00,90,3.98,15.45
290,-11.43861851880967,21.341402109491092,2025-05-13 21:00:00,93,5.22,21.31
290,-11.43861851880967,21.341402109491092,2025-05-14 00:00:00,96,4.9,20.66
290,-11.43861851880967,21.341402109491092,2025-05-14 03:00:00,99,6.08,28.82
290,-11.43861851880967,21.341402109491092,2025-05-14 06:00:00,102,8.69,37.15
290,-11.43861851880967,21.341402109491092,2025-05-14 09:00:00,105,8.18,36.8
290,-11.43861851880967,21.341402109491092,2025-05-14 12:00:00,108,9.12,45.79
290,-11.43861851880967,21.341402109491092,2025-05-14 15:00:00,111,6.21,42.29
290,-11.43861851880967,21.341402109491092,2025-05-14 18:00:00,114,9.12,46.84
290,-11.43861851880967,21.341402109491092,2025-05-14 21:00:00,117,6.41,38.16
291,-11.71829719174455,21.50221849768606,2025-05-10 00:00:00,0,4.96,26.1
291,-11.71829719174455,21.50221849768606,2025-05-10 03:00:00,3,6.69,27.94
291,-11.71829719174455,21.50221849768606,2025-05-10 06:00:00,6,7.08,33.69
291,-11.71829719174455,21.50221849768606,2025-05-10 09:00:00,9,9.35,45.41
291,-11.71829719174455,21.50221849768606,2025-05-10 12:00:00,12,8.9,48.24
291,-11.71829719174455,21.50221849768606,2025-05-10 15:00:00,15,7.73,44.5
291,-11.71829719174455,21.50221849768606,2025-05-10 18:00:00,18,6.89,46.26
291,-11.71829719174455,21.50221849768606,2025-05-10 21:00:00,21,6.34,39.53
291,-11.71829719174455,21.50221849768606,2025-05-11 00:00:00,24,6.21,41.64
291,-11.71829719174455,21.50221849768606,2025-05-11 03:00:00,27,3.68,33.18
291,-11.71829719174455,21.50221849768606,2025-05-11 06:00:00,30,2.96,22.2
291,-11.71829719174455,21.50221849768606,2025-05-11 09:00:00,33,0.9,19.49
291,-11.71829719174455,21.50221849768606,2025-05-11 12:00:00,36,3.16,15.96
291,-11.71829719174455,21.50221849768606,2025-05-11 15:00:00,39,0.25,8.84
291,-11.71829719174455,21.50221849768606,2025-05-11 18:00:00,42,1.52,16.41
291,-11.71829719174455,21.50221849768606,2025-05-11 21:00:00,45,2.99,15.04
291,-11.71829719174455,21.50221849768606,2025-05-12 00:00:00,48,3.36,18.06
291,-11.71829719174455,21.50221849768606,2025-05-12 03:00:00,51,4.98,28.39
291,-11.71829719174455,21.50221849768606,2025-05-12 06:00:00,54,7.41,35.85
291,-11.71829719174455,21.50221849768606,2025-05-12 09:00:00,57,8.44,43.43
291,-11.71829719174455,21.50221849768606,2025-05-12 12:00:00,60,7.83,45.26
291,-11.71829719174455,21.50221849768606,2025-05-12 15:00:00,63,7.32,40.14
291,-11.71829719174455,21.50221849768606,2025-05-12 18:00:00,66,7.74,49.45
291,-11.71829719174455,21.50221849768606,2025-05-12 21:00:00,69,5.91,41.73
291,-11.71829719174455,21.50221849768606,2025-05-13 00:00:00,72,5.42,34.78
291,-11.71829719174455,21.50221849768606,2025-05-13 03:00:00,75,3.4,33.08
291,-11.71829719174455,21.50221849768606,2025-05-13 06:00:00,78,2.43,22.34
291,-11.71829719174455,21.50221849768606,2025-05-13 09:00:00,81,2.04,21.41
291,-11.71829719174455,21.50221849768606,2025-05-13 12:00:00,84,3.14,17.24
291,-11.71829719174455,21.50221849768606,2025-05-13 15:00:00,87,1.63,11.56
291,-11.71829719174455,21.50221849768606,2025-05-13 18:00:00,90,3.56,19.15
291,-11.71829719174455,21.50221849768606,2025-05-13 21:00:00,93,2.18,13.22
291,-11.71829719174455,21.50221849768606,2025-05-14 00:00:00,96,6.42,22.35
291,-11.71829719174455,21.50221849768606,2025-05-14 03:00:00,99,5.9,30.27
291,-11.71829719174455,21.50221849768606,2025-05-14 06:00:00,102,5.87,35.74
291,-11.71829719174455,21.50221849768606,2025-05-14 09:00:00,105,8.11,43.58
291,-11.71829719174455,21.50221849768606,2025-05-14 12:00:00,108,9.44,46.03
291,-11.71829719174455,21.50221849768606,2025-05-14 15:00:00,111,7.86,41.41
291,-11.71829719174455,21.50221849768606,2025-05-14 18:00:00,114,5.46,39.42
291,-11.71829719174455,21.50221849768606,2025-05-14 21:00:00,117,6.91,46.48
292,-11.385509178037172,21.227298586908937,2025-05-10 00:00:00,0,5.41,20.3
292,-11.385509178037172,21.227298586908937,2025-05-10 03:00:00,3,4.44,28.4
292,-11.385509178037172,21.227298586908937,2025-05-10 06:00:00,6,7.55,37.57
292,-11.385509178037172,21.227298586908937,2025-05-10 09:00:00,9,5.91,34.1
292,-11.385509178037172,21.227298586908937,2025-05-10 12:00:00,12,8.0,42.17
292,-11.385509178037172,21.227298586908937,2025-05-10 15:00:00,15,6.92,43.42
292,-11.385509178037172,21.227298586908937,2025-05-10 18:00:00,18,5.66,40.85
292,-11.385509178037172,21.227298586908937,2025-05-10 21:00:00,21,5.29,39.82
292,-11.385509178037172,21.227298586908937,2025-05-11 00:00:00,24,5.17,34.99
292,-11.385509178037172,21.227298586908937,2025-05-11 03:00:00,27,4.84,32.38
292,-11.385509178037172,21.227298586908937,2025-05-11 06:00:00,30,3.45,29.01
292,-11.385509178037172,21.227298586908937,2025-05-11 09:00:00,33,1.87,17.99
292,-11.385509178037172,21.227298586908937,2025-05-11 12:00:00,36,3.06,16.31
292,-11.385509178037172,21.227298586908937,2025-05-11 15:00:00,39,0.79,13.05
292,-11.385509178037172,21.227298586908937,2025-05-11 18:00:00,42,3.07,18.48
292,-11.385509178037172,21.227298586908937,2025-05-11 21:00:00,45,4.8,24.13
292,-11.385509178037172,21.227298586908937,2025-05-12 00:00:00,48,4.55,20.71
292,-11.385509178037172,21.227298586908937,2025-05-12 03:00:00,51,5.24,30.26
292,-11.385509178037172,21.227298586908937,2025-05-12 06:00:00,54,8.46,40.12
292,-11.385509178037172,21.227298586908937,2025-05-12 09:00:00,57,8.24,42.42
292,-11.385509178037172,21.227298586908937,2025-05-12 12:00:00,60,6.6,38.31
292,-11.385509178037172,21.227298586908937,2025-05-12 15:00:00,63,7.03,45.13
292,-11.385509178037172,21.227298586908937,2025-05-12 18:00:00,66,6.06,42.64
292,-11.385509178037172,21.227298586908937,2025-05-12 21:00:00,69,4.34,39.33
292,-11.385509178037172,21.227298586908937,2025-05-13 00:00:00,72,6.12,40.42
292,-11.385509178037172,21.227298586908937,2025-05-13 03:00:00,75,4.89,35.8
292,-11.385509178037172,21.227298586908937,2025-05-13 06:00:00,78,2.79,24.98
292,-11.385509178037172,21.227298586908937,2025-05-13 09:00:00,81,3.52,22.55
292,-11.385509178037172,21.227298586908937,2025-05-13 12:00:00,84,2.09,18.54
292,-11.385509178037172,21.227298586908937,2025-05-13 15:00:00,87,0.81,10.49
292,-11.385509178037172,21.227298586908937,2025-05-13 18:00:00,90,3.83,20.76
292,-11.385509178037172,21.227298586908937,2025-05-13 21:00:00,93,4.64,22.0
292,-11.385509178037172,21.227298586908937,2025-05-14 00:00:00,96,6.96,24.36
292,-11.385509178037172,21.227298586908937,2025-05-14 03:00:00,99,4.69,24.27
292,-11.385509178037172,21.227298586908937,2025-05-14 06:00:00,102,5.25,27.62
292,-11.385509178037172,21.227298586908937,2025-05-14 09:00:00,105,8.73,40.83
292,-11.385509178037172,21.227298586908937,2025-05-14 12:00:00,108,6.86,41.56
292,-11.385509178037172,21.227298586908937,2025-05-14 15:00:00,111,9.08,50.25
292,-11.385509178037172,21.227298586908937,2025-05-14 18:00:00,114,6.27,39.05
292,-11.385509178037172,21.227298586908937,2025-05-14 21:00:00,117,5.79,36.91
293,-11.67712693288555,21.436597809076474,2025-05-10 00:00:00,0,4.9,18.94
293,-11.67712693288555,21.436597809076474,2025-05-10 03:00:00,3,4.43,24.23
293,-11.67712693288555,21.436597809076474,2025-05-10 06:00:00,6,6.49,29.06
293,-11.67712693288555,21.436597809076474,2025-05-10 09:00:00,9,8.51,38.57
293,-11.67712693288555,21.436597809076474,2025-05-10 12:00:00,12,6.88,42.25
293,-11.67712693288555,21.436597809076474,2025-05-10 15:00:00,15,7.81,46.86
293,-11.67712693288555,21.436597809076474,2025-05-10 18:00:00,18,6.37,41.73
293,-11.67712693288555,21.436597809076474,2025-05-10 21:00:00,21,4.73,40.93
293,-11.67712693288555,21.436597809076474,2025-05-11 00:00:00,24,4.36,38.39
293,-11.67712693288555,21.436597809076474,2025-05-11 03:00:00,27,5.43,34.11
293,-11.67712693288555,21.436597809076474,2025-05-11 06:00:00,30,1.47,20.65
293,-11.67712693288555,21.436597809076474,2025-05-11 09:00:00,33,2.95,22.74
293,-11.67712693288555,21.436597809076474,2025-05-11 12:00:00,36,0.48,16.89
293,-11.67712693288555,21.436597809076474,2025-05-11 15:00:00,39,1.08,9.29
293,-11.67712693288555,21.436597809076474,2025-05-11 18:00:00,42,1.68,13.37
293,-11.67712693288555,21.436597809076474,2025-05-11 21:00:00,45,5.33,23.31
293,-11.67712693288555,21.436597809076474,2025-05-12 00:00:00,48,4.42,19.46
293,-11.67712693288555,21.436597809076474,2025-05-12 03:00:00,51,4.83,27.93
293,-11.67712693288555,21.436597809076474,2025-05-12 06:00:00,54,5.8,32.41
293,-11.67712693288555,21.436597809076474,2025-05-12 09:00:00,57,6.71,39.43
293,-11.67712693288555,21.436597809076474,2025-05-12 12:00:00,60,6.17,38.1
293,-11.67712693288555,21.436597809076474,2025-05-12 15:00:00,63,6.05,38.68
293,-11.67712693288555,21.436597809076474,2025-05-12 18:00:00,66,8.11,49.49
293,-11.67712693288555,21.436597809076474,2025-05-12 21:00:00,69,7.74,48.5
293,-11.67712693288555,21.436597809076474,2025-05-13 00:00:00,72,3.92,31.04
293,-11.67712693288555,21.436597809076474,2025-05-13 03:00:00,75,5.72,32.11
293,-11.67712693288555,21.436597809076474,2025-05-13 06:00:00,78,3.31,23.87
293,-11.67712693288555,21.436597809076474,2025-05-13 09:00:00,81,0.79,19.65
293,-11.67712693288555,21.436597809076474,2025-05-13 12:00:00,84,1.4,12.52
293,-11.67712693288555,21.436597809076474,2025-05-13 15:00:00,87,3.53,16.92
293,-11.67712693288555,21.436597809076474,2025-05-13 18:00:00,90,4.78,18.14
293,-11.67712693288555,21.436597809076474,2025-05-13 21:00:00,93,5.74,21.0
293,-11.67712693288555,21.436597809076474,2025-05-14 00:00:00,96,3.9,19.78
293,-11.67712693288555,21.436597809076474,2025-05-14 03:00:00,99,7.43,27.6
293,-11.67712693288555,21.436597809076474,2025-05-14 06:00:00,102,5.57,27.39
293,-11.67712693288555,21.436597809076474,2025-05-14 09:00:00,105,6.2,38.16
293,-11.67712693288555,21.436597809076474,2025-05-14 12:00:00,108,6.99,37.5
293,-11.67712693288555,21.436597809076474,2025-05-14 15:00:00,111,7.63,42.23
293,-11.67712693288555,21.436597809076474,2025-05-14 18:00:00,114,5.21,41.3
293,-11.67712693288555,21.436597809076474,2025-05-14 21:00:00,117,7.18,40.89
294,-11.984161888042578,21.678840436079827,2025-05-10 00:00:00,0,6.48,28.16
294,-11.984161888042578,21.678840436079827,2025-05-10 03:00:00,3,5.39,24.2
294,-11.984161888042578,21.678840436079827,2025-05-10 06:00:00,6,8.24,35.69
294,-11.984161888042578,21.678840436079827,2025-05-10 09:00:00,9,7.65,42.23
294,-11.984161888042578,21.678840436079827,2025-05-10 12:00:00,12,8.06,39.79
294,-11.984161888042578,21.678840436079827,2025-05-10 15:00:00,15,8.02,42.59
294,-11.984161888042578,21.678840436079827,2025-05-10 18:00:00,18,7.4,43.24
294,-11.984161888042578,21.678840436079827,2025-05-10 21:00:00,21,5.4,36.79
294,-11.984161888042578,21.678840436079827,2025-05-11 00:00:00,24,6.93,41.3
294,-11.984161888042578,21.678840436079827,2025-05-11 03:00:00,27,3.04,27.48
294,-11.984161888042578,21.678840436079827,2025-05-11 06:00:00,30,4.49,25.51
294,-11.984161888042578,21.678840436079827,2025-05-11 09:00:00,33,1.44,18.56
294,-11.984161888042578,21.678840436079827,2025-05-11 12:00:00,36,1.84,16.08
294,-11.984161888042578,21.678840436079827,2025-05-11 15:00:00,39,1.67,13.66
294,-11.984161888042578,21.678840436079827,2025-05-11 18:00:00,42,4.57,22.47
294,-11.984161888042578,21.678840436079827,2025-05-11 21:00:00,45,4.06,19.12
294,-11.984161888042578,21.678840436079827,2025-05-12 00:00:00,48,3.26,23.25
294,-11.984161888042578,21.678840436079827,2025-05-12 03:00:00,51,5.1,29.96
294,-11.984161888042578,21.678840436079827,2025-05-12 06:00:00,54,8.11,37.83
294,-11.984161888042578,21.678840436079827,2025-05-12 09:00:00,57,6.12,34.79
294,-11.984161888042578,21.678840436079827,2025-05-12 12:00:00,60,9.74,50.29
294,-11.984161888042578,21.678840436079827,2025-05-12 15:00:00,63,7.27,46.57
294,-11.984161888042578,21.678840436079827,2025-05-12 18:00:00,66,7.85,47.78
294,-11.984161888042578,21.678840436079827,2025-05-12 21:00:00,69,4.37,36.06
294,-11.984161888042578,21.678840436079827,2025-05-13 00:00:00,72,5.39,35.11
294,-11.984161888042578,21.678840436079827,2025-05-13 03:00:00,75,5.03,33.5
294,-11.984161888042578,21.678840436079827,2025-05-13 06:00:00,78,2.93,22.4
294,-11.984161888042578,21.678840436079827,2025-05-13 09:00:00,81,2.56,17.34
294,-11.984161888042578,21.678840436079827,2025-05-13 12:00:00,84,3.72,23.79
294,-11.984161888042578,21.678840436079827,2025-05-13 15:00:00,87,2.42,17.38
294,-11.984161888042578,21.678840436079827,2025-05-13 18:00:00,90,2.09,10.4
294,-11.984161888042578,21.678840436079827,2025-05-13 21:00:00,93,2.89,12.57
294,-11.984161888042578,21.678840436079827,2025-05-14 00:00:00,96,6.38,23.58
294,-11.984161888042578,21.678840436079827,2025-05-14 03:00:00,99,6.5,25.29
294,-11.984161888042578,21.678840436079827,2025-05-14 06:00:00,102,8.58,33.43
294,-11.984161888042578,21.678840436079827,2025-05-14 09:00:00,105,9.73,41.83
294,-11.984161888042578,21.678840436079827,2025-05-14 12:00:00,108,6.26,38.5
294,-11.984161888042578,21.678840436079827,2025-05-14 15:00:00,111,6.73,46.13
294,-11.984161888042578,21.678840436079827,2025-05-14 18:00:00,114,8.01,44.27
294,-11.984161888042578,21.678840436079827,2025-05-14 21:00:00,117,5.3,41.88
295,-11.388306756875796,21.466458811465806,2025-05-10 00:00:00,0,5.68,23.25
295,-11.388306756875796,21.466458811465806,2025-05-10 03:00:00,3,6.41,27.19
295,-11.388306756875796,21.466458811465806,2025-05-10 06:00:00,6,7.96,36.52
295,-11.388306756875796,21.466458811465806,2025-05-10 09:00:00,9,8.49,37.52
295,-11.388306756875796,21.466458811465806,2025-05-10 12:00:00,12,9.22,45.53
295,-11.388306756875796,21.466458811465806,2025-05-10 15:00:00,15,6.96,43.52
295,-11.388306756875796,21.466458811465806,2025-05-10 18:00:00,18,7.01,47.08
295,-11.388306756875796,21.466458811465806,2025-05-10 21:00:00,21,4.89,37.27
295,-11.388306756875796,21.466458811465806,2025-05-11 00:00:00,24,5.14,39.48
295,-11.388306756875796,21.466458811465806,2025-05-11 03:00:00,27,2.38,25.66
295,-11.388306756875796,21.466458811465806,2025-05-11 06:00:00,30,2.51,27.7
295,-11.388306756875796,21.466458811465806,2025-05-11 09:00:00,33,0.55,21.11
295,-11.388306756875796,21.466458811465806,2025-05-11 12:00:00,36,2.35,18.12
295,-11.388306756875796,21.466458811465806,2025-05-11 15:00:00,39,2.47,15.24
295,-11.388306756875796,21.466458811465806,2025-05-11 18:00:00,42,3.79,16.5
295,-11.388306756875796,21.466458811465806,2025-05-11 21:00:00,45,3.78,19.35
295,-11.388306756875796,21.466458811465806,2025-05-12 00:00:00,48,3.0,17.4
295,-11.388306756875796,21.466458811465806,2025-05-12 03:00:00,51,6.37,30.68
295,-11.388306756875796,21.466458811465806,2025-05-12 06:00:00,54,8.24,33.67
295,-11.388306756875796,21.466458811465806,2025-05-12 09:00:00,57,9.13,40.71
295,-11.388306756875796,21.466458811465806,2025-05-12 12:00:00,60,8.78,41.65
295,-11.388306756875796,21.466458811465806,2025-05-12 15:00:00,63,8.61,43.9
295,-11.388306756875796,21.466458811465806,2025-05-12 18:00:00,66,6.74,45.23
295,-11.388306756875796,21.466458811465806,2025-05-12 21:00:00,69,6.92,41.9
295,-11.388306756875796,21.466458811465806,2025-05-13 00:00:00,72,5.4,39.05
295,-11.388306756875796,21.466458811465806,2025-05-13 03:00:00,75,4.21,30.45
295,-11.388306756875796,21.466458811465806,2025-05-13 06:00:00,78,1.51,25.6
295,-11.388306756875796,21.466458811465806,2025-05-13 09:00:00,81,3.23,24.92
295,-11.388306756875796,21.466458811465806,2025-05-13 12:00:00,84,0.83,15.28
295,-11.388306756875796,21.466458811465806,2025-05-13 15:00:00,87,0.37,7.94
295,-11.388306756875796,21.466458811465806,2025-05-13 18:00:00,90,4.32,21.06
295,-11.388306756875796,21.466458811465806,2025-05-13 21:00:00,93,4.77,20.91
295,-11.388306756875796,21.466458811465806,2025-05-14 00:00:00,96,6.04,23.96
295,-11.388306756875796,21.466458811465806,2025-05-14 03:00:00,99,5.79,26.29
295,-11.388306756875796,21.466458811465806,2025-05-14 06:00:00,102,8.78,34.62
295,-11.388306756875796,21.466458811465806,2025-05-14 09:00:00,105,8.83,44.77
295,-11.388306756875796,21.466458811465806,2025-05-14 12:00:00,108,9.79,44.24
295,-11.388306756875796,21.466458811465806,2025-05-14 15:00:00,111,6.53,43.03
295,-11.388306756875796,21.466458811465806,2025-05-14 18:00:00,114,5.69,40.19
295,-11.388306756875796,21.466458811465806,2025-05-14 21:00:00,117,5.94,43.79
296,-11.31026236922615,21.282586837216602,2025-05-10 00:00:00,0,3.32,20.97
296,-11.31026236922615,21.282586837216602,2025-05-10 03:00:00,3,6.63,27.47
296,-11.31026236922615,21.282586837216602,2025-05-10 06:00:00,6,8.44,34.87
296,-11.31026236922615,21.282586837216602,2025-05-10 09:00:00,9,8.46,38.56
296,-11.31026236922615,21.282586837216602,2025-05-10 12:00:00,12,7.43,43.45
296,-11.31026236922615,21.282586837216602,2025-05-10 15:00:00,15,6.97,43.04
296,-11.31026236922615,21.282586837216602,2025-05-10 18:00:00,18,8.93,49.37
296,-11.31026236922615,21.282586837216602,2025-05-10 21:00:00,21,4.68,41.97
296,-11.31026236922615,21.282586837216602,2025-05-11 00:00:00,24,6.41,43.23
296,-11.31026236922615,21.282586837216602,2025-05-11 03:00:00,27,4.54,30.62
296,-11.31026236922615,21.282586837216602,2025-05-11 06:00:00,30,3.34,23.22
296,-11.31026236922615,21.282586837216602,2025-05-11 09:00:00,33,3.0,18.98
296,-11.31026236922615,21.282586837216602,2025-05-11 12:00:00,36,1.86,16.64
296,-11.31026236922615,21.282586837216602,2025-05-11 15:00:00,39,2.73,15.65
296,-11.31026236922615,21.282586837216602,2025-05-11 18:00:00,42,2.15,13.4
296,-11.31026236922615,21.282586837216602,2025-05-11 21:00:00,45,2.1,10.98
296,-11.31026236922615,21.282586837216602,2025-05-12 00:00:00,48,3.64,22.08
296,-11.31026236922615,21.282586837216602,2025-05-12 03:00:00,51,5.37,23.49
296,-11.31026236922615,21.282586837216602,2025-05-12 06:00:00,54,7.41,36.31
296,-11.31026236922615,21.282586837216602,2025-05-12 09:00:00,57,8.31,40.37
296,-11.31026236922615,21.282586837216602,2025-05-12 12:00:00,60,7.76,42.31
296,-11.31026236922615,21.282586837216602,2025-05-12 15:00:00,63,8.22,44.7
296,-11.31026236922615,21.282586837216602,2025-05-12 18:00:00,66,5.53,39.49
296,-11.31026236922615,21.282586837216602,2025-05-12 21:00:00,69,5.65,43.35
296,-11.31026236922615,21.282586837216602,2025-05-13 00:00:00,72,4.8,39.91
296,-11.31026236922615,21.282586837216602,2025-05-13 03:00:00,75,3.94,34.03
296,-11.31026236922615,21.282586837216602,2025-05-13 06:00:00,78,1.19,26.03
296,-11.31026236922615,21.282586837216602,2025-05-13 09:00:00,81,1.69,15.81
296,-11.31026236922615,21.282586837216602,2025-05-13 12:00:00,84,2.3,14.95
296,-11.31026236922615,21.282586837216602,2025-05-13 15:00:00,87,1.39,12.49
296,-11.31026236922615,21.282586837216602,2025-05-13 18:00:00,90,4.01,19.2
296,-11.31026236922615,21.282586837216602,2025-05-13 21:00:00,93,3.46,18.01
296,-11.31026236922615,21.282586837216602,2025-05-14 00:00:00,96,4.86,19.01
296,-11.31026236922615,21.282586837216602,2025-05-14 03:00:00,99,4.8,27.66
296,-11.31026236922615,21.282586837216602,2025-05-14 06:00:00,102,9.0,37.2
296,-11.31026236922615,21.282586837216602,2025-05-14 09:00:00,105,9.29,46.14
296,-11.31026236922615,21.282586837216602,2025-05-14 12:00:00,108,6.26,39.25
296,-11.31026236922615,21.282586837216602,2025-05-14 15:00:00,111,9.74,51.38
296,-11.31026236922615,21.282586837216602,2025-05-14 18:00:00,114,7.17,40.7
296,-11.31026236922615,21.282586837216602,2025-05-14 21:00:00,117,6.15,43.72
297,-11.657607092054384,21.24260122773845,2025-05-10 00:00:00,0,6.29,26.61
297,-11.657607092054384,21.24260122773845,2025-05-10 03:00:00,3,5.23,29.45
297,-11.657607092054384,21.24260122773845,2025-05-10 06:00:00,6,5.25,32.72
297,-11.657607092054384,21.24260122773845,2025-05-10 09:00:00,9,8.47,43.26
297,-11.657607092054384,21.24260122773845,2025-05-10 12:00:00,12,6.98,40.5
297,-11.657607092054384,21.24260122773845,2025-05-10 15:00:00,15,8.77,45.6
297,-11.657607092054384,21.24260122773845,2025-05-10 18:00:00,18,6.34,42.03
297,-11.657607092054384,21.24260122773845,2025-05-10 21:00:00,21,5.1,41.4
297,-11.657607092054384,21.24260122773845,2025-05-11 00:00:00,24,6.72,38.0
297,-11.657607092054384,21.24260122773845,2025-05-11 03:00:00,27,4.57,35.88
297,-11.657607092054384,21.24260122773845,2025-05-11 06:00:00,30,2.67,22.92
297,-11.657607092054384,21.24260122773845,2025-05-11 09:00:00,33,2.17,17.94
297,-11.657607092054384,21.24260122773845,2025-05-11 12:00:00,36,3.23,20.5
297,-11.657607092054384,21.24260122773845,2025-05-11 15:00:00,39,1.9,17.24
297,-11.657607092054384,21.24260122773845,2025-05-11 18:00:00,42,3.4,19.99
297,-11.657607092054384,21.24260122773845,2025-05-11 21:00:00,45,4.86,19.42
297,-11.657607092054384,21.24260122773845,2025-05-12 00:00:00,48,4.74,22.37
297,-11.657607092054384,21.24260122773845,2025-05-12 03:00:00,51,6.95,31.61
297,-11.657607092054384,21.24260122773845,2025-05-12 06:00:00,54,5.62,32.54
297,-11.657607092054384,21.24260122773845,2025-05-12 09:00:00,57,9.15,40.5
297,-11.657607092054384,21.24260122773845,2025-05-12 12:00:00,60,9.56,42.82
297,-11.657607092054384,21.24260122773845,2025-05-12 15:00:00,63,9.59,47.5
297,-11.657607092054384,21.24260122773845,2025-05-12 18:00:00,66,5.95,43.99
297,-11.657607092054384,21.24260122773845,2025-05-12 21:00:00,69,4.48,37.76
297,-11.657607092054384,21.24260122773845,2025-05-13 00:00:00,72,5.67,36.2
297,-11.657607092054384,21.24260122773845,2025-05-13 03:00:00,75,5.43,36.58
297,-11.657607092054384,21.24260122773845,2025-05-13 06:00:00,78,1.03,20.3
297,-11.657607092054384,21.24260122773845,2025-05-13 09:00:00,81,3.92,21.01
297,-11.657607092054384,21.24260122773845,2025-05-13 12:00:00,84,3.66,18.91
297,-11.657607092054384,21.24260122773845,2025-05-13 15:00:00,87,2.05,18.37
297,-11.657607092054384,21.24260122773845,2025-05-13 18:00:00,90,3.02,14.18
297,-11.657607092054384,21.24260122773845,2025-05-13 21:00:00,93,3.06,15.04
297,-11.657607092054384,21.24260122773845,2025-05-14 00:00:00,96,6.24,22.05
297,-11.657607092054384,21.24260122773845,2025-05-14 03:00:00,99,7.52,29.9
297,-11.657607092054384,21.24260122773845,2025-05-14 06:00:00,102,6.23,32.67
297,-11.657607092054384,21.24260122773845,2025-05-14 09:00:00,105,5.95,37.98
297,-11.657607092054384,21.24260122773845,2025-05-14 12:00:00,108,8.27,40.71
297,-11.657607092054384,21.24260122773845,2025-05-14 15:00:00,111,9.6,51.24
297,-11.657607092054384,21.24260122773845,2025-05-14 18:00:00,114,7.7,42.2
297,-11.657607092054384,21.24260122773845,2025-05-14 21:00:00,117,7.38,47.82
298,-11.322217649899732,21.31620982194421,2025-05-10 00:00:00,0,6.35,28.23
298,-11.322217649899732,21.31620982194421,2025-05-10 03:00:00,3,4.72,23.95
298,-11.322217649899732,21.31620982194421,2025-05-10 06:00:00,6,7.81,34.6
298,-11.322217649899732,21.31620982194421,2025-05-10 09:00:00,9,7.58,40.75
298,-11.322217649899732,21.31620982194421,2025-05-10 12:00:00,12,7.43,41.23
298,-11.322217649899732,21.31620982194421,2025-05-10 15:00:00,15,7.67,47.33
298,-11.322217649899732,21.31620982194421,2025-05-10 18:00:00,18,6.29,40.28
298,-11.322217649899732,21.31620982194421,2025-05-10 21:00:00,21,7.24,45.12
298,-11.322217649899732,21.31620982194421,2025-05-11 00:00:00,24,6.97,40.77
298,-11.322217649899732,21.31620982194421,2025-05-11 03:00:00,27,4.45,30.84
298,-11.322217649899732,21.31620982194421,2025-05-11 06:00:00,30,2.86,29.26
298,-11.322217649899732,21.31620982194421,2025-05-11 09:00:00,33,1.28,14.77
298,-11.322217649899732,21.31620982194421,2025-05-11 12:00:00,36,2.13,15.01
298,-11.322217649899732,21.31620982194421,2025-05-11 15:00:00,39,0.37,7.65
298,-11.322217649899732,21.31620982194421,2025-05-11 18:00:00,42,3.34,16.73
298,-11.322217649899732,21.31620982194421,2025-05-11 21:00:00,45,5.43,21.68
298,-11.322217649899732,21.31620982194421,2025-05-12 00:00:00,48,3.45,17.22
298,-11.322217649899732,21.31620982194421,2025-05-12 03:00:00,51,6.14,30.36
298,-11.322217649899732,21.31620982194421,2025-05-12 06:00:00,54,6.77,35.99
298,-11.322217649899732,21.31620982194421,2025-05-12 09:00:00,57,7.9,42.71
298,-11.322217649899732,21.31620982194421,2025-05-12 12:00:00,60,7.38,44.92
298,-11.322217649899732,21.31620982194421,2025-05-12 15:00:00,63,9.73,48.65
298,-11.322217649899732,21.31620982194421,2025-05-12 18:00:00,66,7.08,45.84
298,-11.322217649899732,21.31620982194421,2025-05-12 21:00:00,69,7.92,48.59
298,-11.322217649899732,21.31620982194421,2025-05-13 00:00:00,72,6.85,42.54
298,-11.322217649899732,21.31620982194421,2025-05-13 03:00:00,75,4.19,29.34
298,-11.322217649899732,21.31620982194421,2025-05-13 06:00:00,78,0.99,25.14
298,-11.322217649899732,21.31620982194421,2025-05-13 09:00:00,81,3.01,24.33
298,-11.322217649899732,21.31620982194421,2025-05-13 12:00:00,84,0.1,15.83
298,-11.322217649899732,21.31620982194421,2025-05-13 15:00:00,87,4.2,20.52
298,-11.322217649899732,21.31620982194421,2025-05-13 18:00:00,90,1.23,9.04
298,-11.322217649899732,21.31620982194421,2025-05-13 21:00:00,93,3.24,16.48
298,-11.322217649899732,21.31620982194421,2025-05-14 00:00:00,96,6.84,23.43
298,-11.322217649899732,21.31620982194421,2025-05-14 03:00:00,99,5.87,31.11
298,-11.322217649899732,21.31620982194421,2025-05-14 06:00:00,102,7.06,37.92
298,-11.322217649899732,21.31620982194421,2025-05-14 09:00:00,105,7.53,39.91
298,-11.322217649899732,21.31620982194421,2025-05-14 12:00:00,108,9.27,47.08
298,-11.322217649899732,21.31620982194421,2025-05-14 15:00:00,111,7.3,41.85
298,-11.322217649899732,21.31620982194421,2025-05-14 18:00:00,114,5.46,44.42
298,-11.322217649899732,21.31620982194421,2025-05-14 21:00:00,117,6.91,39.31
299,-11.465285648159611,21.72582748813747,2025-05-10 00:00:00,0,6.17,27.52
299,-11.465285648159611,21.72582748813747,2025-05-10 03:00:00,3,6.48,32.89
299,-11.465285648159611,21.72582748813747,2025-05-10 06:00:00,6,7.53,37.86
299,-11.465285648159611,21.72582748813747,2025-05-10 09:00:00,9,8.88,40.6
299,-11.465285648159611,21.72582748813747,2025-05-10 12:00:00,12,9.12,46.63
299,-11.465285648159611,21.72582748813747,2025-05-10 15:00:00,15,9.72,48.28
299,-11.465285648159611,21.72582748813747,2025-05-10 18:00:00,18,5.36,43.84
299,-11.465285648159611,21.72582748813747,2025-05-10 21:00:00,21,7.65,41.27
299,-11.465285648159611,21.72582748813747,2025-05-11 00:00:00,24,6.56,42.03
299,-11.465285648159611,21.72582748813747,2025-05-11 03:00:00,27,5.03,34.9
299,-11.465285648159611,21.72582748813747,2025-05-11 06:00:00,30,4.39,26.61
299,-11.465285648159611,21.72582748813747,2025-05-11 09:00:00,33,0.31,18.79
299,-11.465285648159611,21.72582748813747,2025-05-11 12:00:00,36,2.38,14.7
299,-11.465285648159611,21.72582748813747,2025-05-11 15:00:00,39,3.38,15.11
299,-11.465285648159611,21.72582748813747,2025-05-11 18:00:00,42,4.61,19.36
299,-11.465285648159611,21.72582748813747,2025-05-11 21:00:00,45,2.23,13.91
299,-11.465285648159611,21.72582748813747,2025-05-12 00:00:00,48,5.73,23.18
299,-11.465285648159611,21.72582748813747,2025-05-12 03:00:00,51,6.24,30.88
299,-11.465285648159611,21.72582748813747,2025-05-12 06:00:00,54,5.63,27.95
299,-11.465285648159611,21.72582748813747,2025-05-12 09:00:00,57,6.94,38.34
299,-11.465285648159611,21.72582748813747,2025-05-12 12:00:00,60,6.72,42.86
299,-11.465285648159611,21.72582748813747,2025-05-12 15:00:00,63,7.35,43.46
299,-11.465285648159611,21.72582748813747,2025-05-12 18:00:00,66,6.95,47.4
299,-11.465285648159611,21.72582748813747,2025-05-12 21:00:00,69,7.87,45.8
299,-11.465285648159611,21.72582748813747,2025-05-13 00:00:00,72,3.27,32.82
299,-11.465285648159611,21.72582748813747,2025-05-13 03:00:00,75,5.45,34.34
299,-11.465285648159611,21.72582748813747,2025-05-13 06:00:00,78,3.45,24.9
299,-11.465285648159611,21.72582748813747,2025-05-13 09:00:00,81,0.56,16.84
299,-11.465285648159611,21.72582748813747,2025-05-13 12:00:00,84,2.56,15.08
299,-11.465285648159611,21.72582748813747,2025-05-13 15:00:00,87,4.17,16.69
299,-11.465285648159611,21.72582748813747,2025-05-13 18:00:00,90,1.23,9.52
299,-11.465285648159611,21.72582748813747,2025-05-13 21:00:00,93,5.12,19.65
299,-11.465285648159611,21.72582748813747,2025-05-14 00:00:00,96,5.65,23.56
299,-11.465285648159611,21.72582748813747,2025-05-14 03:00:00,99,6.08,28.98
299,-11.465285648159611,21.72582748813747,2025-05-14 06:00:00,102,6.63,36.08
299,-11.465285648159611,21.72582748813747,2025-05-14 09:00:00,105,9.26,39.43
299,-11.465285648159611,21.72582748813747,2025-05-14 12:00:00,108,6.04,40.72
299,-11.465285648159611,21.72582748813747,2025-05-14 15:00:00,111,6.37,38.66
299,-11.465285648159611,21.72582748813747,2025-05-14 18:00:00,114,5.8,39.43
299,-11.465285648159611,21.72582748813747,2025-05-14 21:00:00,117,7.47,40.21
300,-11.324782530084665,21.02894808003538,2025-05-10 00:00:00,0,3.56,20.87
300,-11.324782530084665,21.02894808003538,2025-05-10 03:00:00,3,5.59,29.59
300,-11.324782530084665,21.02894808003538,2025-05-10 06:00:00,6,8.79,33.86
300,-11.324782530084665,21.02894808003538,2025-05-10 09:00:00,9,8.83,45.0
300,-11.324782530084665,21.02894808003538,2025-05-10 12:00:00,12,6.09,40.61
300,-11.324782530084665,21.02894808003538,2025-05-10 15:00:00,15,9.65,48.71
300,-11.324782530084665,21.02894808003538,2025-05-10 18:00:00,18,6.83,41.95
300,-11.324782530084665,21.02894808003538,2025-05-10 21:00:00,21,6.47,41.17
300,-11.324782530084665,21.02894808003538,2025-05-11 00:00:00,24,5.97,35.79
300,-11.324782530084665,21.02894808003538,2025-05-11 03:00:00,27,2.36,24.88
300,-11.324782530084665,21.02894808003538,2025-05-11 06:00:00,30,3.48,29.84
300,-11.324782530084665,21.02894808003538,2025-05-11 09:00:00,33,1.71,22.68
300,-11.324782530084665,21.02894808003538,2025-05-11 12:00:00,36,3.05,22.64
300,-11.324782530084665,21.02894808003538,2025-05-11 15:00:00,39,2.38,13.5
300,-11.324782530084665,21.02894808003538,2025-05-11 18:00:00,42,2.15,12.79
300,-11.324782530084665,21.02894808003538,2025-05-11 21:00:00,45,2.84,15.47
300,-11.324782530084665,21.02894808003538,2025-05-12 00:00:00,48,4.97,26.56
300,-11.324782530084665,21.02894808003538,2025-05-12 03:00:00,51,7.15,26.92
300,-11.324782530084665,21.02894808003538,2025-05-12 06:00:00,54,6.03,33.62
300,-11.324782530084665,21.02894808003538,2025-05-12 09:00:00,57,5.78,37.23
300,-11.324782530084665,21.02894808003538,2025-05-12 12:00:00,60,6.77,41.37
300,-11.324782530084665,21.02894808003538,2025-05-12 15:00:00,63,9.11,43.84
300,-11.324782530084665,21.02894808003538,2025-05-12 18:00:00,66,7.64,46.94
300,-11.324782530084665,21.02894808003538,2025-05-12 21:00:00,69,5.89,38.54
300,-11.324782530084665,21.02894808003538,2025-05-13 00:00:00,72,4.99,38.29
300,-11.324782530084665,21.02894808003538,2025-05-13 03:00:00,75,4.95,37.4
300,-11.324782530084665,21.02894808003538,2025-05-13 06:00:00,78,4.28,29.56
300,-11.324782530084665,21.02894808003538,2025-05-13 09:00:00,81,1.94,23.2
300,-11.324782530084665,21.02894808003538,2025-05-13 12:00:00,84,1.17,15.93
300,-11.324782530084665,21.02894808003538,2025-05-13 15:00:00,87,0.24,13.02
300,-11.324782530084665,21.02894808003538,2025-05-13 18:00:00,90,2.35,17.11
300,-11.324782530084665,21.02894808003538,2025-05-13 21:00:00,93,5.5,22.42
300,-11.324782530084665,21.02894808003538,2025-05-14 00:00:00,96,5.32,26.41
300,-11.324782530084665,21.02894808003538,2025-05-14 03:00:00,99,7.72,34.44
300,-11.324782530084665,21.02894808003538,2025-05-14 06:00:00,102,6.91,37.2
300,-11.324782530084665,21.02894808003538,2025-05-14 09:00:00,105,8.15,36.62
300,-11.324782530084665,21.02894808003538,2025-05-14 12:00:00,108,6.76,40.3
300,-11.324782530084665,21.02894808003538,2025-05-14 15:00:00,111,6.43,39.49
300,-11.324782530084665,21.02894808003538,2025-05-14 18:00:00,114,6.56,42.91
300,-11.324782530084665,21.02894808003538,2025-05-14 21:00:00,117,4.18,36.81
